{"frameRate":60,"isGlobal":0,"armature":[{"bone":[{"name":"root","transform":{}},{"transform":{},"name":"bone","parent":"root"},{"length":43,"transform":{"y":-27.0593,"skX":-90.9326,"skY":-90.9326,"x":13.8789},"parent":"bone","name":"st"},{"length":29,"transform":{"y":-8.3025,"skX":5.0532,"skY":5.0532,"x":132.0026},"parent":"st","name":"h"},{"length":16,"transform":{"y":-6.3159,"skX":83.6088,"skY":83.6088,"x":82.0137},"parent":"st","name":"s"},{"length":21,"transform":{"y":42.9715,"skX":-177.2026,"skY":-177.2026,"x":-2.0997},"parent":"st","name":"t1"},{"length":19,"transform":{"y":62.5662,"skX":-179.0674,"skY":-179.0674,"x":6.6325},"parent":"st","name":"t2"},{"length":5,"transform":{"y":5.8302,"skX":-4.1205,"skY":-4.1205,"x":78.7131},"parent":"h","name":"h1"},{"length":8,"transform":{"y":38.2,"skX":180,"skY":180,"x":-47.8},"parent":"h1","name":"h2"}],"aabb":{"width":150.55690229459628,"y":-248.05690229459657,"height":252.52266839378254,"x":-43.87925610658736},"type":"Armature","frameRate":60,"animation":[{"playTimes":0,"bone":[{"frame":[{"transform":{},"duration":80}],"name":"root"},{"frame":[{"tweenEasing":0,"transform":{},"duration":40},{"tweenEasing":0,"transform":{},"duration":40},{"transform":{},"duration":0}],"name":"bone"},{"frame":[{"tweenEasing":0,"transform":{},"duration":40},{"tweenEasing":0,"transform":{},"duration":40},{"transform":{},"duration":0}],"name":"st"},{"frame":[{"tweenEasing":0,"transform":{},"duration":6},{"tweenEasing":0,"transform":{"skX":-1.3129,"skY":-1.3129},"duration":6},{"tweenEasing":0,"transform":{"y":4.9845,"skX":3.7521,"skY":3.7521,"x":-3.2871},"duration":7},{"tweenEasing":0,"transform":{"skX":-1.9693,"skY":-1.9693},"duration":12},{"tweenEasing":0,"transform":{"skX":-1.3129,"skY":-1.3129},"duration":6},{"tweenEasing":0,"transform":{"y":4.9845,"skX":3.7521,"skY":3.7521,"x":-3.2871},"duration":9},{"tweenEasing":0,"transform":{"skX":-1.9693,"skY":-1.9693},"duration":13},{"tweenEasing":0,"transform":{"skX":-1.3129,"skY":-1.3129},"duration":5},{"tweenEasing":0,"transform":{"y":4.9845,"skX":3.7521,"skY":3.7521,"x":-3.2871},"duration":7},{"tweenEasing":0,"transform":{"skX":-1.9693,"skY":-1.9693},"duration":9},{"transform":{},"duration":0}],"name":"h"},{"frame":[{"tweenEasing":0,"transform":{},"duration":40},{"tweenEasing":0,"transform":{"skX":3.9424,"skY":3.9424},"duration":40},{"transform":{},"duration":0}],"name":"s"},{"frame":[{"tweenEasing":0,"transform":{},"duration":40},{"tweenEasing":0,"transform":{},"duration":40},{"transform":{},"duration":0}],"name":"t1"},{"frame":[{"tweenEasing":0,"transform":{},"duration":8},{"tweenEasing":0,"transform":{"skX":-9.5603,"skY":-9.5603},"duration":8},{"tweenEasing":0,"transform":{},"duration":8},{"tweenEasing":0,"transform":{"skX":-9.5603,"skY":-9.5603},"duration":8},{"tweenEasing":0,"transform":{},"duration":8},{"tweenEasing":0,"transform":{"skX":-9.5603,"skY":-9.5603},"duration":8},{"tweenEasing":0,"transform":{},"duration":8},{"tweenEasing":0,"transform":{"skX":-9.5603,"skY":-9.5603},"duration":8},{"tweenEasing":0,"transform":{},"duration":8},{"tweenEasing":0,"transform":{"skX":-9.5603,"skY":-9.5603},"duration":8},{"transform":{},"duration":0}],"name":"t2"},{"frame":[{"transform":{},"duration":80}],"name":"h1"},{"frame":[{"transform":{},"duration":80}],"name":"h2"}],"slot":[],"ffd":[],"frame":[],"ik":[],"name":"1","duration":80},{"playTimes":0,"bone":[{"frame":[{"transform":{},"duration":20}],"name":"root"},{"frame":[{"transform":{},"duration":20}],"name":"bone"},{"frame":[{"transform":{},"duration":20}],"name":"st"},{"frame":[{"tweenEasing":0,"transform":{},"duration":20},{"transform":{"skX":-10.1342,"skY":-10.1342},"duration":0}],"name":"h"},{"frame":[{"tweenEasing":0,"transform":{},"duration":20},{"transform":{"skX":29.7477,"skY":29.7477},"duration":0}],"name":"s"},{"frame":[{"transform":{},"duration":20}],"name":"t1"},{"frame":[{"transform":{},"duration":20}],"name":"t2"},{"frame":[{"transform":{},"duration":20}],"name":"h1"},{"frame":[{"transform":{},"duration":20}],"name":"h2"}],"slot":[],"ffd":[],"frame":[],"ik":[],"name":"2","duration":20}],"skin":[{"slot":[{"display":[{"path":"s","type":"image","name":"s","transform":{"y":-2.899,"skX":7.3239,"skY":7.3239,"x":8.2279}}],"name":"s"},{"display":[{"path":"t1","type":"image","name":"t1","transform":{"y":-12.092,"skX":-91.8648,"skY":-91.8648,"x":12.7383}}],"name":"t1"},{"display":[{"path":"h1","type":"image","name":"h1","transform":{"y":-4.0029,"skX":90,"skY":90,"x":-37.2547}}],"name":"h1"},{"display":[{"path":"t2","type":"image","name":"t2","transform":{"y":-7.8487,"skX":-90,"skY":-90,"x":13.0859}}],"name":"t2"},{"display":[{"path":"st","type":"image","name":"st","transform":{"y":15.7823,"skX":90.9326,"skY":90.9326,"x":67.1443}}],"name":"st"},{"display":[{"path":"h","type":"image","name":"h","transform":{"y":5.2499,"skX":85.8795,"skY":85.8795,"x":41.1312}}],"name":"h"},{"display":[{"path":"h2","type":"image","name":"h2","transform":{"y":-0.2281,"skX":-90,"skY":-90,"x":6.2927}}],"name":"h2"}],"name":""}],"ik":[],"slot":[{"name":"t2","parent":"t2","color":{}},{"z":1,"name":"t1","parent":"t1","color":{}},{"z":2,"name":"st","parent":"st","color":{}},{"z":3,"name":"h2","parent":"h2","color":{}},{"z":4,"name":"h","parent":"h","color":{}},{"z":5,"name":"s","parent":"s","color":{}},{"z":6,"name":"h1","parent":"h1","color":{}}],"name":"erji","defaultActions":[{"gotoAndPlay":"1"}]}],"name":"erji","version":"5.0"}