{"frameRate":60,"isGlobal":0,"name":"mama","version":"5.0","armature":[{"aabb":{"width":193.37514446553809,"y":-371.9982658874076,"height":373.08093256081946,"x":-109.1701887367449},"skin":[{"name":"","slot":[{"display":[{"path":"sza","type":"image","name":"sza","transform":{"skY":-75.014,"y":0.2759,"skX":-75.014,"x":27.7527}}],"name":"sza"},{"display":[{"path":"tzb","type":"image","name":"tzb","transform":{"skY":-89.4242,"y":2.7043,"skX":-89.4242,"x":18.8933}}],"name":"tzb"},{"display":[{"path":"syc","type":"image","name":"syc","transform":{"skY":139.1418,"y":-2.3032,"skX":139.1418,"x":16.9473}}],"name":"syc"},{"display":[{"path":"szb","type":"image","name":"szb","transform":{"skY":30.7799,"y":0.5379,"skX":30.7799,"x":16.0217}}],"name":"szb"},{"display":[{"path":"sya","type":"image","name":"sya","transform":{"skY":-86.2854,"y":0.6789,"skX":-86.2854,"x":27.1138}}],"name":"sya"},{"display":[{"path":"tyb","type":"image","name":"tyb","transform":{"skY":-98.8348,"y":-1.7239,"skX":-98.8348,"x":25.2102}}],"name":"tyb"},{"display":[{"path":"tyc","type":"image","name":"tyc","transform":{"skY":-46.2939,"y":-1.0043,"skX":-46.2939,"x":6.9263}}],"name":"tyc"},{"display":[{"path":"tza","type":"image","name":"tza","transform":{"skY":-96.9662,"y":3.6278,"skX":-96.9662,"x":21.823}}],"name":"tza"},{"display":[{"path":"pz","type":"image","name":"pz","transform":{"skY":88.67,"y":-1.0721,"skX":88.67,"x":78.2181}}],"name":"pz"},{"display":[{"path":"h","type":"image","name":"h","transform":{"skY":91.3048,"y":-30.923,"skX":91.3048,"x":73.0123}}],"name":"h"},{"display":[{"path":"st","type":"image","name":"st","transform":{"skY":93.6568,"y":-2.3893,"skX":93.6568,"x":27.481}}],"name":"st"},{"display":[{"path":"syb","type":"image","name":"syb","transform":{"skY":143.5836,"y":-0.3023,"skX":143.5836,"x":12.6632}}],"name":"syb"},{"display":[{"path":"tya","type":"image","name":"tya","transform":{"skY":-80.8676,"y":0.2482,"skX":-80.8676,"x":20.486}}],"name":"tya"},{"display":[{"path":"szc","type":"image","name":"szc","transform":{"skY":40.3645,"y":-0.7103,"skX":40.3645,"x":14.6399}}],"name":"szc"},{"display":[{"path":"q","type":"image","name":"q","transform":{"skY":-83.6068,"y":-4.8237,"skX":-83.6068,"x":27.0535}}],"name":"q"},{"display":[{"path":"tzc","type":"image","name":"tzc","transform":{"skY":-43.8088,"y":-0.8437,"skX":-43.8088,"x":11.4715}}],"name":"tzc"}]}],"animation":[{"frame":[],"duration":80,"bone":[{"frame":[{"tweenEasing":0,"duration":40,"transform":{}},{"tweenEasing":0,"duration":40,"transform":{}},{"duration":0,"transform":{}}],"name":"root"},{"frame":[{"tweenEasing":0,"duration":40,"transform":{}},{"tweenEasing":0,"duration":40,"transform":{}},{"duration":0,"transform":{}}],"name":"bone"},{"frame":[{"tweenEasing":0,"duration":40,"transform":{}},{"tweenEasing":0,"duration":40,"transform":{"skY":3.9917,"y":-3.57,"scX":1.05,"scY":1.05,"skX":3.9917}},{"duration":0,"transform":{}}],"name":"st"},{"frame":[{"tweenEasing":0,"duration":40,"transform":{}},{"tweenEasing":0,"duration":40,"transform":{"skY":-1.4985,"scX":0.95,"scY":0.95,"skX":-1.4985}},{"duration":0,"transform":{}}],"name":"sya"},{"frame":[{"tweenEasing":0,"duration":40,"transform":{}},{"tweenEasing":0,"duration":40,"transform":{"skY":-5.0028,"skX":-5.0028}},{"duration":0,"transform":{}}],"name":"syb"},{"frame":[{"tweenEasing":0,"duration":40,"transform":{}},{"tweenEasing":0,"duration":40,"transform":{}},{"duration":0,"transform":{}}],"name":"syc"},{"frame":[{"tweenEasing":0,"duration":40,"transform":{}},{"tweenEasing":0,"duration":40,"transform":{"skY":1.1113,"scX":0.95,"scY":0.95,"skX":1.1113}},{"duration":0,"transform":{}}],"name":"sza"},{"frame":[{"tweenEasing":0,"duration":40,"transform":{}},{"tweenEasing":0,"duration":40,"transform":{"skY":8.3692,"skX":8.3692}},{"duration":0,"transform":{}}],"name":"szb"},{"frame":[{"tweenEasing":0,"duration":40,"transform":{}},{"tweenEasing":0,"duration":40,"transform":{}},{"duration":0,"transform":{}}],"name":"szc"},{"frame":[{"tweenEasing":0,"duration":40,"transform":{}},{"tweenEasing":0,"duration":40,"transform":{"scX":0.95,"scY":0.95}},{"duration":0,"transform":{}}],"name":"h"},{"frame":[{"tweenEasing":0,"duration":40,"transform":{}},{"tweenEasing":0,"duration":40,"transform":{"y":-2.55}},{"duration":0,"transform":{}}],"name":"q"},{"frame":[{"tweenEasing":0,"duration":40,"transform":{}},{"tweenEasing":0,"duration":40,"transform":{"y":0.1704,"x":1.5205}},{"duration":0,"transform":{}}],"name":"tya"},{"frame":[{"tweenEasing":0,"duration":40,"transform":{}},{"tweenEasing":0,"duration":40,"transform":{"y":0.1619,"x":1.0071}},{"duration":0,"transform":{}}],"name":"tyb"},{"frame":[{"tweenEasing":0,"duration":40,"transform":{}},{"tweenEasing":0,"duration":40,"transform":{}},{"duration":0,"transform":{}}],"name":"tyc"},{"frame":[{"tweenEasing":0,"duration":40,"transform":{}},{"tweenEasing":0,"duration":40,"transform":{"y":0.1704,"x":1.5205}},{"duration":0,"transform":{}}],"name":"tza"},{"frame":[{"tweenEasing":0,"duration":40,"transform":{}},{"tweenEasing":0,"duration":40,"transform":{"y":-0.1237,"x":1.0125}},{"duration":0,"transform":{}}],"name":"tzb"},{"frame":[{"tweenEasing":0,"duration":40,"transform":{}},{"tweenEasing":0,"duration":40,"transform":{}},{"duration":0,"transform":{}}],"name":"tzc"},{"frame":[{"duration":80,"transform":{}}],"name":"pz"}],"ik":[],"slot":[],"ffd":[],"name":"daiji","playTimes":0},{"frame":[],"duration":55,"bone":[{"frame":[{"tweenEasing":0,"duration":20,"transform":{}},{"tweenEasing":0,"duration":15,"transform":{}},{"tweenEasing":0,"duration":9,"transform":{}},{"duration":11,"transform":{}}],"name":"root"},{"frame":[{"tweenEasing":0,"duration":20,"transform":{}},{"tweenEasing":0,"duration":15,"transform":{}},{"tweenEasing":0,"duration":9,"transform":{}},{"duration":11,"transform":{}}],"name":"bone"},{"frame":[{"tweenEasing":0,"duration":10,"transform":{}},{"tweenEasing":0,"duration":10,"transform":{"skY":9.5359,"y":2.65,"skX":9.5359}},{"tweenEasing":0,"duration":15,"transform":{}},{"tweenEasing":0,"duration":2,"transform":{"skY":-15.1995,"skX":-15.1995}},{"tweenEasing":0,"duration":7,"transform":{"skY":22.3651,"skX":22.3651}},{"tweenEasing":0,"duration":11,"transform":{"skY":7.6304,"skX":7.6304}},{"duration":0,"transform":{}}],"name":"st"},{"frame":[{"tweenEasing":0,"duration":10,"transform":{}},{"tweenEasing":0,"duration":10,"transform":{"y":2.65}},{"tweenEasing":0,"duration":15,"transform":{}},{"tweenEasing":0,"duration":9,"transform":{}},{"duration":11,"transform":{}}],"name":"q"},{"frame":[{"tweenEasing":0,"duration":11,"transform":{}},{"tweenEasing":0,"duration":9,"transform":{"skY":13.7396,"skX":13.7396}},{"tweenEasing":0,"duration":15,"transform":{}},{"tweenEasing":0,"duration":2,"transform":{"skY":-91.6916,"skX":-91.6916}},{"tweenEasing":0,"duration":7,"transform":{"skY":-25.9605,"skX":-25.9605}},{"tweenEasing":0,"duration":11,"transform":{"skY":-40.6952,"skX":-40.6952}},{"duration":0,"transform":{}}],"name":"sza"},{"frame":[{"tweenEasing":0,"duration":11,"transform":{}},{"tweenEasing":0,"duration":9,"transform":{"skY":1.6589,"skX":1.6589}},{"tweenEasing":0,"duration":15,"transform":{}},{"tweenEasing":0,"duration":2,"transform":{"skY":-3.6967,"skX":-3.6967}},{"tweenEasing":0,"duration":7,"transform":{"skY":3.3619,"skX":3.3619}},{"duration":11,"transform":{"skY":3.3619,"skX":3.3619}}],"name":"h"},{"frame":[{"tweenEasing":0,"duration":11,"transform":{}},{"tweenEasing":0,"duration":9,"transform":{"skY":-8.4638,"skX":-8.4638}},{"tweenEasing":0,"duration":15,"transform":{}},{"tweenEasing":0,"duration":2,"transform":{"skY":36.2527,"skX":36.2527}},{"tweenEasing":0,"duration":7,"transform":{"skY":37.5646,"skX":37.5646}},{"tweenEasing":0,"duration":11,"transform":{"skY":22.8299,"skX":22.8299}},{"duration":0,"transform":{}}],"name":"sya"},{"frame":[{"tweenEasing":0,"duration":10,"transform":{}},{"tweenEasing":0,"duration":10,"transform":{"skY":7.3489,"skX":7.3489}},{"tweenEasing":0,"duration":15,"transform":{}},{"tweenEasing":0,"duration":9,"transform":{}},{"duration":11,"transform":{}}],"name":"tya"},{"frame":[{"tweenEasing":0,"duration":10,"transform":{}},{"tweenEasing":0,"duration":10,"transform":{"skY":-11.4959,"skX":-11.4959}},{"tweenEasing":0,"duration":15,"transform":{}},{"tweenEasing":0,"duration":9,"transform":{}},{"duration":11,"transform":{}}],"name":"tza"},{"frame":[{"tweenEasing":0,"duration":11,"transform":{}},{"tweenEasing":0,"duration":9,"transform":{"skY":55.7583,"skX":55.7583}},{"tweenEasing":0,"duration":1,"transform":{}},{"tweenEasing":0,"duration":14,"transform":{"skY":-1.4215,"scX":0.95,"scY":-1,"skX":-1.4215}},{"tweenEasing":0,"duration":2,"transform":{"skY":-21.3223,"scX":0.95,"scY":-1,"skX":-21.3223}},{"tweenEasing":0,"duration":7,"transform":{"skY":87.0935,"scX":0.95,"scY":-1,"skX":87.0935}},{"tweenEasing":0,"duration":11,"transform":{"skY":72.3587,"scX":0.95,"scY":-1,"skX":72.3587}},{"duration":0,"transform":{}}],"name":"szb"},{"frame":[{"tweenEasing":0,"duration":20,"transform":{}},{"tweenEasing":0,"duration":15,"transform":{}},{"tweenEasing":0,"duration":9,"transform":{}},{"duration":11,"transform":{}}],"name":"tyb"},{"frame":[{"tweenEasing":0,"duration":11,"transform":{}},{"tweenEasing":0,"duration":9,"transform":{"skY":19.5989,"skX":19.5989}},{"tweenEasing":0,"duration":15,"transform":{}},{"tweenEasing":0,"duration":2,"transform":{"skY":74.2673,"skX":74.2673}},{"tweenEasing":0,"duration":7,"transform":{"skY":53.8417,"skX":53.8417}},{"tweenEasing":0,"duration":11,"transform":{"skY":39.107,"skX":39.107}},{"duration":0,"transform":{}}],"name":"syb"},{"frame":[{"tweenEasing":0,"duration":10,"transform":{}},{"tweenEasing":0,"duration":10,"transform":{"skY":17.073,"skX":17.073}},{"tweenEasing":0,"duration":15,"transform":{}},{"tweenEasing":0,"duration":9,"transform":{}},{"duration":11,"transform":{}}],"name":"tzb"},{"frame":[{"tweenEasing":0,"duration":20,"transform":{}},{"tweenEasing":0,"duration":15,"transform":{}},{"tweenEasing":0,"duration":9,"transform":{}},{"duration":11,"transform":{}}],"name":"tyc"},{"frame":[{"tweenEasing":0,"duration":20,"transform":{}},{"tweenEasing":0,"duration":15,"transform":{}},{"tweenEasing":0,"duration":2,"transform":{}},{"tweenEasing":0,"duration":7,"transform":{"skY":37.5646,"skX":37.5646}},{"duration":11,"transform":{"skY":37.5646,"skX":37.5646}}],"name":"szc"},{"frame":[{"tweenEasing":0,"duration":20,"transform":{}},{"tweenEasing":0,"duration":15,"transform":{}},{"tweenEasing":0,"duration":2,"transform":{}},{"tweenEasing":0,"duration":7,"transform":{"skY":37.5646,"skX":37.5646}},{"tweenEasing":0,"duration":11,"transform":{"skY":22.8299,"skX":22.8299}},{"duration":0,"transform":{}}],"name":"syc"},{"frame":[{"tweenEasing":0,"duration":20,"transform":{}},{"tweenEasing":0,"duration":15,"transform":{}},{"tweenEasing":0,"duration":9,"transform":{}},{"duration":11,"transform":{}}],"name":"tzc"},{"frame":[{"tweenEasing":0,"duration":11,"transform":{"skY":-12.0066,"skX":-12.0066}},{"tweenEasing":0,"duration":9,"transform":{"skY":153.6409,"scX":0.5,"scY":0.5,"skX":153.6409}},{"tweenEasing":0,"duration":15,"transform":{"skY":-6.114,"skX":-6.114}},{"tweenEasing":0,"duration":2,"transform":{"skY":-6.114,"skX":-6.114}},{"tweenEasing":0,"duration":7,"transform":{"skY":-16.271,"skX":-16.271}},{"duration":11,"transform":{"skY":-16.271,"skX":-16.271}}],"name":"pz"}],"ik":[],"slot":[{"frame":[{"tweenEasing":null,"displayIndex":-1,"duration":11},{"tweenEasing":null,"duration":44}],"name":"pz"}],"ffd":[],"name":"da","playTimes":0},{"frame":[],"duration":79,"bone":[{"frame":[{"tweenEasing":0,"duration":30,"transform":{}},{"duration":15,"transform":{},"curve":[0,0,0.5,1]},{"duration":15,"transform":{},"curve":[0.5,0,1,1]},{"tweenEasing":0,"duration":3,"transform":{}},{"tweenEasing":0,"duration":7,"transform":{}},{"tweenEasing":0,"duration":9,"transform":{}},{"duration":0,"transform":{}}],"name":"root"},{"frame":[{"tweenEasing":0,"duration":30,"transform":{}},{"duration":15,"transform":{},"curve":[0,0,0.5,1]},{"duration":15,"transform":{},"curve":[0.5,0,1,1]},{"tweenEasing":0,"duration":3,"transform":{}},{"tweenEasing":0,"duration":7,"transform":{}},{"tweenEasing":0,"duration":9,"transform":{}},{"duration":0,"transform":{}}],"name":"bone"},{"frame":[{"tweenEasing":0,"duration":30,"transform":{}},{"duration":15,"transform":{"skY":25.7633,"y":11.7331,"skX":25.7633},"curve":[0,0,0.5,1]},{"duration":15,"transform":{"skY":-4.9622,"y":-58.078,"skX":-4.9622},"curve":[0.5,0,1,1]},{"tweenEasing":0,"duration":3,"transform":{"skY":-4.9622,"y":-11.8323,"skX":-4.9622}},{"tweenEasing":0,"duration":7,"transform":{"skY":3.4629,"y":3.44,"skX":3.4629}},{"tweenEasing":0,"duration":9,"transform":{}},{"duration":0,"transform":{}}],"name":"st"},{"frame":[{"tweenEasing":0,"duration":30,"transform":{}},{"duration":15,"transform":{"skY":10.269,"y":11.7331,"skX":10.269},"curve":[0,0,0.5,1]},{"duration":15,"transform":{"y":-58.078},"curve":[0.5,0,1,1]},{"tweenEasing":0,"duration":3,"transform":{"y":-11.8323}},{"tweenEasing":0,"duration":7,"transform":{}},{"tweenEasing":0,"duration":9,"transform":{}},{"duration":0,"transform":{}}],"name":"q"},{"frame":[{"tweenEasing":0,"duration":30,"transform":{}},{"duration":15,"transform":{"skY":4.5063,"skX":4.5063},"curve":[0,0,0.5,1]},{"duration":15,"transform":{"skY":-137.2612,"skX":-137.2612},"curve":[0.5,0,1,1]},{"tweenEasing":0,"duration":10,"transform":{"skY":-137.2612,"skX":-137.2612}},{"tweenEasing":0,"duration":9,"transform":{}},{"duration":0,"transform":{}}],"name":"sza"},{"frame":[{"tweenEasing":0,"duration":30,"transform":{}},{"duration":15,"transform":{"skY":4.7871,"skX":4.7871},"curve":[0,0,0.5,1]},{"duration":15,"transform":{},"curve":[0.5,0,1,1]},{"tweenEasing":0,"duration":3,"transform":{}},{"tweenEasing":0,"duration":7,"transform":{}},{"tweenEasing":0,"duration":9,"transform":{}},{"duration":0,"transform":{}}],"name":"h"},{"frame":[{"tweenEasing":0,"duration":30,"transform":{}},{"duration":15,"transform":{"skY":-11.4125,"skX":-11.4125},"curve":[0,0,0.5,1]},{"duration":15,"transform":{"skY":31.1886,"skX":31.1886},"curve":[0.5,0,1,1]},{"tweenEasing":0,"duration":3,"transform":{"skY":31.1886,"skX":31.1886}},{"tweenEasing":0,"duration":7,"transform":{}},{"tweenEasing":0,"duration":9,"transform":{}},{"duration":0,"transform":{}}],"name":"sya"},{"frame":[{"tweenEasing":0,"duration":30,"transform":{}},{"duration":15,"transform":{"skY":-23.0594,"skX":-23.0594},"curve":[0,0,0.5,1]},{"duration":15,"transform":{"skY":-3.6316,"skX":-3.6316},"curve":[0.5,0,1,1]},{"tweenEasing":0,"duration":3,"transform":{"skY":-3.6316,"skX":-3.6316}},{"tweenEasing":0,"duration":7,"transform":{"y":0.2873,"x":2.564}},{"tweenEasing":0,"duration":9,"transform":{}},{"duration":0,"transform":{}}],"name":"tya"},{"frame":[{"tweenEasing":0,"duration":30,"transform":{}},{"duration":15,"transform":{"skY":-43.6718,"y":0.7844,"skX":-43.6718,"x":-3.6887},"curve":[0,0,0.5,1]},{"duration":15,"transform":{"skY":-22.2495,"skX":-22.2495},"curve":[0.5,0,1,1]},{"tweenEasing":0,"duration":3,"transform":{"skY":-22.2495,"skX":-22.2495}},{"tweenEasing":0,"duration":7,"transform":{"y":0.2873,"x":2.564}},{"tweenEasing":0,"duration":9,"transform":{}},{"duration":0,"transform":{}}],"name":"tza"},{"frame":[{"tweenEasing":0,"duration":30,"transform":{}},{"duration":15,"transform":{"skY":-42.1107,"skX":-42.1107},"curve":[0,0,0.5,1]},{"duration":15,"transform":{"skY":92.3648,"skX":92.3648},"curve":[0.5,0,1,1]},{"tweenEasing":0,"duration":10,"transform":{"skY":92.3648,"skX":92.3648}},{"tweenEasing":0,"duration":9,"transform":{"skY":-2.0941,"skX":-2.0941}},{"duration":0,"transform":{}}],"name":"szb"},{"frame":[{"tweenEasing":0,"duration":30,"transform":{}},{"duration":15,"transform":{"skY":33.3886,"skX":33.3886},"curve":[0,0,0.5,1]},{"duration":15,"transform":{"skY":70.2744,"skX":70.2744},"curve":[0.5,0,1,1]},{"tweenEasing":0,"duration":3,"transform":{"skY":70.2744,"skX":70.2744}},{"tweenEasing":0,"duration":7,"transform":{"y":-0.4095,"x":-2.5473}},{"tweenEasing":0,"duration":9,"transform":{}},{"duration":0,"transform":{}}],"name":"tyb"},{"frame":[{"tweenEasing":0,"duration":30,"transform":{}},{"duration":15,"transform":{"skY":29.6762,"skX":29.6762},"curve":[0,0,0.5,1]},{"duration":15,"transform":{"skY":-30.0828,"skX":-30.0828},"curve":[0.5,0,1,1]},{"tweenEasing":0,"duration":3,"transform":{"skY":-30.0828,"skX":-30.0828}},{"tweenEasing":0,"duration":7,"transform":{"skY":5.0036,"skX":5.0036}},{"tweenEasing":0,"duration":9,"transform":{}},{"duration":0,"transform":{}}],"name":"syb"},{"frame":[{"tweenEasing":0,"duration":30,"transform":{}},{"duration":15,"transform":{"skY":69.8474,"y":4.0162,"skX":69.8474,"x":-1.4401},"curve":[0,0,0.5,1]},{"duration":15,"transform":{"skY":120.2549,"y":6.8401,"skX":120.2549,"x":-4.565},"curve":[0.5,0,1,1]},{"tweenEasing":0,"duration":3,"transform":{"skY":120.2549,"y":6.8401,"skX":120.2549,"x":-4.565}},{"tweenEasing":0,"duration":7,"transform":{"y":0.4172,"x":-3.4146}},{"tweenEasing":0,"duration":9,"transform":{}},{"duration":0,"transform":{}}],"name":"tzb"},{"frame":[{"tweenEasing":0,"duration":30,"transform":{}},{"duration":15,"transform":{},"curve":[0,0,0.5,1]},{"duration":15,"transform":{},"curve":[0.5,0,1,1]},{"tweenEasing":0,"duration":3,"transform":{}},{"tweenEasing":0,"duration":7,"transform":{}},{"tweenEasing":0,"duration":9,"transform":{}},{"duration":0,"transform":{}}],"name":"syc"},{"frame":[{"tweenEasing":0,"duration":30,"transform":{}},{"duration":15,"transform":{},"curve":[0,0,0.5,1]},{"duration":15,"transform":{},"curve":[0.5,0,1,1]},{"tweenEasing":0,"duration":10,"transform":{}},{"tweenEasing":0,"duration":9,"transform":{}},{"duration":0,"transform":{}}],"name":"szc"},{"frame":[{"tweenEasing":0,"duration":30,"transform":{}},{"duration":15,"transform":{"skY":-24.9829,"y":-3.5732,"skX":-24.9829,"x":-0.179},"curve":[0,0,0.5,1]},{"duration":15,"transform":{},"curve":[0.5,0,1,1]},{"tweenEasing":0,"duration":3,"transform":{}},{"tweenEasing":0,"duration":7,"transform":{}},{"tweenEasing":0,"duration":9,"transform":{}},{"duration":0,"transform":{}}],"name":"tyc"},{"frame":[{"tweenEasing":0,"duration":30,"transform":{}},{"duration":15,"transform":{"skY":-30.1321,"y":-3.3378,"skX":-30.1321,"x":-1.7552},"curve":[0,0,0.5,1]},{"duration":15,"transform":{},"curve":[0.5,0,1,1]},{"tweenEasing":0,"duration":3,"transform":{}},{"tweenEasing":0,"duration":7,"transform":{}},{"tweenEasing":0,"duration":9,"transform":{}},{"duration":0,"transform":{}}],"name":"tzc"},{"frame":[{"tweenEasing":0,"duration":30,"transform":{}},{"duration":15,"transform":{},"curve":[0,0,0.5,1]},{"duration":15,"transform":{},"curve":[0.5,0,1,1]},{"tweenEasing":0,"duration":10,"transform":{}},{"tweenEasing":0,"duration":9,"transform":{}},{"duration":0,"transform":{}}],"name":"pz"}],"ik":[],"slot":[],"ffd":[],"name":"shengli","playTimes":0},{"frame":[],"duration":30,"bone":[{"frame":[{"tweenEasing":0,"duration":20,"transform":{}},{"tweenEasing":0,"duration":10,"transform":{}},{"duration":0,"transform":{}}],"name":"root"},{"frame":[{"tweenEasing":0,"duration":20,"transform":{}},{"tweenEasing":0,"duration":10,"transform":{}},{"duration":0,"transform":{}}],"name":"bone"},{"frame":[{"tweenEasing":0,"duration":20,"transform":{}},{"tweenEasing":0,"duration":10,"transform":{"skY":64.8287,"y":62.6816,"skX":64.8287,"x":86.1843}},{"duration":0,"transform":{"skY":64.8287,"y":62.6816,"skX":64.8287,"x":86.1843}}],"name":"st"},{"frame":[{"tweenEasing":0,"duration":20,"transform":{}},{"tweenEasing":0,"duration":10,"transform":{"skY":27.2086,"y":61.362,"skX":27.2086,"x":79.882}},{"duration":0,"transform":{"skY":27.2086,"y":61.362,"skX":27.2086,"x":79.882}}],"name":"q"},{"frame":[{"tweenEasing":0,"duration":20,"transform":{}},{"tweenEasing":0,"duration":10,"transform":{}},{"duration":0,"transform":{"skY":-42.6946,"skX":-42.6946}}],"name":"sza"},{"frame":[{"tweenEasing":0,"duration":20,"transform":{}},{"tweenEasing":0,"duration":10,"transform":{"skY":-33.8499,"y":-3.0815,"skX":-33.8499,"x":7.6118}},{"duration":0,"transform":{"skY":28.8247,"y":-10.6159,"skX":28.8247,"x":-0.6497}}],"name":"h"},{"frame":[{"tweenEasing":0,"duration":20,"transform":{}},{"tweenEasing":0,"duration":10,"transform":{}},{"duration":0,"transform":{"skY":-14.3263,"skX":-14.3263}}],"name":"sya"},{"frame":[{"tweenEasing":0,"duration":20,"transform":{}},{"tweenEasing":0,"duration":10,"transform":{"skY":-30.5062,"y":-1.0897,"skX":-30.5062,"x":5.4275}},{"duration":0,"transform":{"skY":-30.5062,"y":-1.0897,"skX":-30.5062,"x":5.4275}}],"name":"tya"},{"frame":[{"tweenEasing":0,"duration":20,"transform":{}},{"tweenEasing":0,"duration":10,"transform":{"skY":-34.6756,"skX":-34.6756}},{"duration":0,"transform":{"skY":-34.6756,"skX":-34.6756}}],"name":"tza"},{"frame":[{"tweenEasing":0,"duration":20,"transform":{"scY":-1}},{"tweenEasing":0,"duration":10,"transform":{"scY":-1}},{"duration":0,"transform":{"skY":88.0486,"scY":-1,"skX":88.0486}}],"name":"szb"},{"frame":[{"tweenEasing":0,"duration":20,"transform":{}},{"tweenEasing":0,"duration":10,"transform":{"skY":79.3108,"skX":79.3108}},{"duration":0,"transform":{"skY":79.3108,"skX":79.3108}}],"name":"tyb"},{"frame":[{"tweenEasing":0,"duration":20,"transform":{}},{"tweenEasing":0,"duration":10,"transform":{}},{"duration":0,"transform":{"skY":-264.2768,"skX":-264.2768}}],"name":"syb"},{"frame":[{"tweenEasing":0,"duration":20,"transform":{}},{"tweenEasing":0,"duration":10,"transform":{"skY":106.551,"y":5.5756,"skX":106.551,"x":-4.3614}},{"duration":0,"transform":{"skY":106.551,"y":5.5756,"skX":106.551,"x":-4.3614}}],"name":"tzb"},{"frame":[{"tweenEasing":0,"duration":20,"transform":{}},{"tweenEasing":0,"duration":10,"transform":{}},{"duration":0,"transform":{"skY":37.9477,"skX":37.9477}}],"name":"syc"},{"frame":[{"tweenEasing":0,"duration":20,"transform":{}},{"tweenEasing":0,"duration":10,"transform":{}},{"duration":0,"transform":{"skY":-280.6771,"skX":-280.6771}}],"name":"szc"},{"frame":[{"tweenEasing":0,"duration":20,"transform":{}},{"tweenEasing":0,"duration":10,"transform":{}},{"duration":0,"transform":{}}],"name":"tyc"},{"frame":[{"tweenEasing":0,"duration":20,"transform":{}},{"tweenEasing":0,"duration":10,"transform":{}},{"duration":0,"transform":{}}],"name":"tzc"},{"frame":[{"tweenEasing":0,"duration":20,"transform":{}},{"tweenEasing":0,"duration":10,"transform":{}},{"duration":0,"transform":{}}],"name":"pz"}],"ik":[],"slot":[],"ffd":[],"name":"shibai","playTimes":0},{"frame":[],"duration":40,"bone":[{"frame":[{"duration":40,"transform":{}}],"name":"root"},{"frame":[{"tweenEasing":0,"duration":20,"transform":{}},{"tweenEasing":0,"duration":20,"transform":{}},{"duration":0,"transform":{}}],"name":"bone"},{"frame":[{"tweenEasing":0,"duration":10,"transform":{}},{"tweenEasing":0,"duration":10,"transform":{"skY":1.9475,"y":15.7947,"skX":1.9475}},{"tweenEasing":0,"duration":10,"transform":{}},{"tweenEasing":0,"duration":10,"transform":{"skY":1.9475,"y":15.7947,"skX":1.9475}},{"duration":0,"transform":{}}],"name":"st"},{"frame":[{"tweenEasing":0,"duration":10,"transform":{}},{"tweenEasing":0,"duration":10,"transform":{"skY":7.3506,"y":15.7947,"skX":7.3506}},{"tweenEasing":0,"duration":10,"transform":{}},{"tweenEasing":0,"duration":10,"transform":{"skY":7.3506,"y":15.7947,"skX":7.3506}},{"duration":0,"transform":{}}],"name":"q"},{"frame":[{"tweenEasing":0,"duration":10,"transform":{}},{"tweenEasing":0,"duration":10,"transform":{"skY":-14.8469,"skX":-14.8469}},{"tweenEasing":0,"duration":10,"transform":{"skY":-1.545,"skX":-1.545}},{"tweenEasing":0,"duration":10,"transform":{"skY":2.4742,"skX":2.4742}},{"duration":0,"transform":{}}],"name":"sza"},{"frame":[{"tweenEasing":0,"duration":20,"transform":{}},{"tweenEasing":0,"duration":20,"transform":{}},{"duration":0,"transform":{}}],"name":"h"},{"frame":[{"tweenEasing":0,"duration":10,"transform":{}},{"tweenEasing":0,"duration":10,"transform":{"skY":28.8854,"skX":28.8854}},{"tweenEasing":0,"duration":10,"transform":{"skY":8.7603,"skX":8.7603}},{"tweenEasing":0,"duration":10,"transform":{"skY":-10.5215,"skX":-10.5215}},{"duration":0,"transform":{}}],"name":"sya"},{"frame":[{"tweenEasing":0,"duration":5,"transform":{"y":-11.1326,"x":1.2474}},{"tweenEasing":0,"duration":5,"transform":{"skY":-33.7826,"y":-11.1326,"skX":-33.7826,"x":1.2474}},{"tweenEasing":0,"duration":10,"transform":{"skY":-34.2811,"y":-11.1326,"skX":-34.2811,"x":1.2474}},{"tweenEasing":0,"duration":10,"transform":{"y":-11.1326,"x":1.2474}},{"tweenEasing":0,"duration":10,"transform":{"skY":12.9677,"y":-11.1326,"skX":12.9677,"x":1.2474}},{"duration":0,"transform":{"y":-11.1326,"x":1.2474}}],"name":"tya"},{"frame":[{"tweenEasing":0,"duration":10,"transform":{"y":11.3648,"x":-2.8077}},{"tweenEasing":0,"duration":10,"transform":{"skY":29.1489,"y":11.3648,"skX":29.1489,"x":-2.8077}},{"tweenEasing":0,"duration":5,"transform":{"y":11.3648,"x":-2.8077}},{"tweenEasing":0,"duration":5,"transform":{"skY":-38.2604,"y":7.6762,"skX":-38.2604,"x":-12.1168}},{"tweenEasing":0,"duration":10,"transform":{"skY":-23.7756,"y":1.1605,"skX":-23.7756,"x":-5.5736}},{"duration":0,"transform":{"y":11.3648,"x":-2.8077}}],"name":"tza"},{"frame":[{"tweenEasing":0,"duration":10,"transform":{"skY":-25.7476,"skX":-25.7476}},{"tweenEasing":0,"duration":10,"transform":{"skY":-18.876,"skX":-18.876}},{"tweenEasing":0,"duration":10,"transform":{"skY":-15.3093,"skX":-15.3093}},{"tweenEasing":0,"duration":10,"transform":{"skY":-18.876,"skX":-18.876}},{"duration":0,"transform":{"skY":-25.7476,"skX":-25.7476}}],"name":"szb"},{"frame":[{"tweenEasing":0,"duration":5,"transform":{}},{"tweenEasing":0,"duration":15,"transform":{"skY":6.1648,"skX":6.1648}},{"tweenEasing":0,"duration":20,"transform":{}},{"duration":0,"transform":{}}],"name":"tyb"},{"frame":[{"tweenEasing":0,"duration":40,"transform":{"skY":3.7127,"skX":3.7127}},{"duration":0,"transform":{"skY":3.7127,"skX":3.7127}}],"name":"syb"},{"frame":[{"tweenEasing":0,"duration":20,"transform":{}},{"tweenEasing":0,"duration":5,"transform":{}},{"tweenEasing":0,"duration":15,"transform":{"skY":29.6213,"skX":29.6213}},{"duration":0,"transform":{}}],"name":"tzb"},{"frame":[{"tweenEasing":0,"duration":20,"transform":{}},{"tweenEasing":0,"duration":20,"transform":{"skY":-20.1252,"skX":-20.1252}},{"duration":0,"transform":{}}],"name":"syc"},{"frame":[{"tweenEasing":0,"duration":20,"transform":{}},{"tweenEasing":0,"duration":10,"transform":{"skY":18.2572,"skX":18.2572}},{"tweenEasing":0,"duration":10,"transform":{"skY":29.3528,"skX":29.3528}},{"duration":0,"transform":{}}],"name":"szc"},{"frame":[{"tweenEasing":0,"duration":20,"transform":{}},{"tweenEasing":0,"duration":20,"transform":{}},{"duration":0,"transform":{}}],"name":"tyc"},{"frame":[{"tweenEasing":0,"duration":20,"transform":{}},{"tweenEasing":0,"duration":20,"transform":{}},{"duration":0,"transform":{}}],"name":"tzc"},{"frame":[{"tweenEasing":0,"duration":20,"transform":{}},{"tweenEasing":0,"duration":10,"transform":{"skY":18.2572,"skX":18.2572}},{"tweenEasing":0,"duration":10,"transform":{"skY":29.3528,"skX":29.3528}},{"duration":0,"transform":{}}],"name":"pz"}],"ik":[],"slot":[],"ffd":[],"name":"zou","zOrder":{"frame":[{"tweenEasing":null,"duration":40,"zOrder":[5,8,6,8,7,8]},{"tweenEasing":null,"duration":0,"zOrder":[5,8,6,8,7,8]}]},"playTimes":0}],"type":"Armature","name":"mama","bone":[{"name":"root","transform":{}},{"transform":{},"name":"bone","parent":"root"},{"length":39,"transform":{"skY":-93.6568,"y":-158.0773,"skX":-93.6568,"x":-4.1702},"parent":"bone","name":"st"},{"length":41,"transform":{"skY":83.6068,"y":-147.2273,"skX":83.6068,"x":-2.0702},"parent":"bone","name":"q"},{"length":54,"transform":{"skY":168.6708,"y":17.3459,"skX":168.6708,"x":45.1571},"parent":"st","name":"sza"},{"length":46,"transform":{"skY":2.352,"y":5.2182,"skX":2.352,"x":56.9148},"parent":"st","name":"h"},{"length":55,"transform":{"skY":179.9422,"y":-29.4898,"skX":179.9422,"x":41.8661},"parent":"st","name":"sya"},{"length":45,"transform":{"skY":-2.7392,"y":13.3985,"skX":-2.7392,"x":19.2386},"parent":"q","name":"tya"},{"length":46,"transform":{"skY":13.3595,"y":-21.5146,"skX":13.3595,"x":25.8843},"parent":"q","name":"tza"},{"length":37,"transform":{"skY":-105.794,"skX":-105.794,"x":54.1414},"parent":"sza","name":"szb"},{"length":54,"transform":{"skY":17.9672,"skX":17.9672,"x":45.679},"parent":"tya","name":"tyb"},{"length":34,"transform":{"skY":130.131,"skX":130.131,"x":55.5667},"parent":"sya","name":"syb"},{"length":49,"transform":{"skY":-7.5421,"y":0.0597,"skX":-7.5421,"x":50.631},"parent":"tza","name":"tzb"},{"length":20,"transform":{"skY":4.4418,"skX":4.4418,"x":34.1111},"parent":"syb","name":"syc"},{"length":18,"transform":{"skY":-9.5846,"y":-0.4737,"skX":-9.5846,"x":40.7296},"parent":"szb","name":"szc"},{"length":17,"transform":{"skY":-52.5409,"y":1.7117,"skX":-52.5409,"x":63.2129},"parent":"tyb","name":"tyc"},{"length":18,"transform":{"skY":-45.6154,"y":1.5816,"skX":-45.6154,"x":52.8868},"parent":"tzb","name":"tzc"},{"length":30,"transform":{"skY":10.7281,"y":-2.9634,"skX":10.7281,"x":15.5787},"parent":"szc","name":"pz"}],"ik":[],"slot":[{"name":"sza","parent":"sza","color":{}},{"z":1,"name":"st","parent":"st","color":{}},{"displayIndex":-1,"z":2,"name":"pz","parent":"pz","color":{}},{"z":3,"name":"szb","parent":"szb","color":{}},{"z":4,"name":"szc","parent":"szc","color":{}},{"z":5,"name":"sya","parent":"sya","color":{}},{"z":6,"name":"syb","parent":"syb","color":{}},{"z":7,"name":"syc","parent":"syc","color":{}},{"z":8,"name":"tzb","parent":"tzb","color":{}},{"z":9,"name":"tzc","parent":"tzc","color":{}},{"z":10,"name":"tza","parent":"tza","color":{}},{"z":11,"name":"tyb","parent":"tyb","color":{}},{"z":12,"name":"tyc","parent":"tyc","color":{}},{"z":13,"name":"tya","parent":"tya","color":{}},{"z":14,"name":"q","parent":"q","color":{}},{"z":15,"name":"h","parent":"h","color":{}}],"frameRate":60,"defaultActions":[{"gotoAndPlay":"daiji"}]}]}