{"frameRate":60,"isGlobal":0,"armature":[{"bone":[{"name":"root","transform":{}},{"transform":{},"name":"bone","parent":"root"},{"length":78,"transform":{"y":-75.5624,"skX":-86.5329,"skY":-86.5329,"x":-8.3454},"parent":"bone","name":"st"},{"length":63,"transform":{"y":3.4517,"skX":-3.0135,"skY":-3.0135,"x":108.4336},"parent":"st","name":"h"},{"length":42,"transform":{"y":-37.4689,"skX":-167.0625,"skY":-167.0625,"x":77.4243},"parent":"st","name":"sya"},{"length":42,"transform":{"y":31.8867,"skX":149.3663,"skY":149.3663,"x":92.795},"parent":"st","name":"sza"},{"length":52,"transform":{"y":-7.6657,"skX":-170.8502,"skY":-170.8502,"x":5.652},"parent":"st","name":"t1"},{"length":53,"transform":{"y":28.4373,"skX":168.1313,"skY":168.1313,"x":3.2058},"parent":"st","name":"t2"},{"length":44,"transform":{"skX":-73.8455,"skY":-73.8455,"x":42.8441},"parent":"sya","name":"syb"},{"length":28,"transform":{"skX":-22.4074,"skY":-22.4074,"x":42.5994},"parent":"sza","name":"szb"},{"length":30,"transform":{"y":0.5898,"skX":-39.4648,"skY":-39.4648,"x":77.3674},"parent":"syb","name":"h1"}],"aabb":{"width":154.75941079756993,"y":-291.81523419521716,"height":295.76770594348403,"x":-71.82451214847787},"type":"Armature","frameRate":60,"animation":[{"playTimes":0,"bone":[{"frame":[{"transform":{},"duration":60}],"name":"root"},{"frame":[{"tweenEasing":0,"transform":{},"duration":60},{"transform":{},"duration":0}],"name":"bone"},{"frame":[{"tweenEasing":0,"transform":{},"duration":30},{"tweenEasing":0,"transform":{"y":-2.59},"duration":30},{"transform":{},"duration":0}],"name":"st"},{"frame":[{"tweenEasing":0,"transform":{},"duration":30},{"tweenEasing":0,"transform":{"y":-0.0448,"skX":-1.3534,"skY":-1.3534,"x":0.7386},"duration":30},{"transform":{},"duration":0}],"name":"h"},{"frame":[{"tweenEasing":0,"transform":{},"duration":30},{"tweenEasing":0,"transform":{"y":0.0671,"skX":-4.7435,"skY":-4.7435,"x":-1.108},"duration":30},{"transform":{},"duration":0}],"name":"sya"},{"frame":[{"tweenEasing":0,"transform":{},"duration":30},{"tweenEasing":0,"transform":{"skX":3.4855,"skY":3.4855},"duration":30},{"transform":{},"duration":0}],"name":"syb"},{"frame":[{"tweenEasing":0,"transform":{},"duration":30},{"tweenEasing":0,"transform":{"y":0.0671,"skX":-4.9155,"skY":-4.9155,"x":-1.108},"duration":30},{"transform":{},"duration":0}],"name":"sza"},{"frame":[{"tweenEasing":0,"transform":{},"duration":30},{"tweenEasing":0,"transform":{"skX":7.0718,"skY":7.0718},"duration":30},{"transform":{},"duration":0}],"name":"szb"},{"frame":[{"tweenEasing":0,"transform":{},"duration":30},{"tweenEasing":0,"transform":{"y":0.1566,"x":-2.5853},"duration":30},{"transform":{},"duration":0}],"name":"t1"},{"frame":[{"tweenEasing":0,"transform":{},"duration":30},{"tweenEasing":0,"transform":{"y":0.1566,"x":-2.5853},"duration":30},{"transform":{},"duration":0}],"name":"t2"},{"frame":[{"tweenEasing":0,"transform":{},"duration":30},{"tweenEasing":0,"transform":{"skX":-7.5141,"skY":-7.5141},"duration":30},{"transform":{},"duration":0}],"name":"h1"}],"slot":[],"ffd":[],"frame":[],"ik":[],"name":"1","duration":60}],"skin":[{"slot":[{"display":[{"path":"szb","type":"image","name":"szb","transform":{"y":5.6923,"skX":-40.4261,"skY":-40.4261,"x":10.7235}}],"name":"szb"},{"display":[{"path":"t1","type":"image","name":"t1","transform":{"y":-2.157,"skX":-102.617,"skY":-102.617,"x":39.6879}}],"name":"t1"},{"display":[{"path":"h","type":"image","name":"h","transform":{"y":-3.83,"skX":89.5464,"skY":89.5464,"x":48.6976}}],"name":"h"},{"display":[{"path":"syb","type":"image","name":"syb","transform":{"y":1.0647,"skX":-32.5591,"skY":-32.5591,"x":22.2208}}],"name":"syb"},{"display":[{"path":"st","type":"image","name":"st","transform":{"y":-0.5366,"skX":86.5329,"skY":86.5329,"x":47.7131}}],"name":"st"},{"display":[{"path":"t2","type":"image","name":"t2","transform":{"y":1.3386,"skX":-81.5984,"skY":-81.5984,"x":35.6824}}],"name":"t2"},{"display":[{"path":"sya","type":"image","name":"sya","transform":{"y":3.9712,"skX":-106.4046,"skY":-106.4046,"x":22.8438}}],"name":"sya"},{"display":[{"path":"sza","type":"image","name":"sza","transform":{"y":2.8777,"skX":-62.8334,"skY":-62.8334,"x":19.57}}],"name":"sza"},{"display":[{"path":"h1","type":"image","name":"h1","transform":{"y":-17.6119,"skX":6.9056,"skY":6.9056,"x":20.4738}}],"name":"h1"}],"name":""}],"ik":[],"slot":[{"name":"sza","parent":"sza","color":{}},{"z":1,"name":"szb","parent":"szb","color":{}},{"z":2,"name":"t2","parent":"t2","color":{}},{"z":3,"name":"t1","parent":"t1","color":{}},{"z":4,"name":"st","parent":"st","color":{}},{"z":5,"name":"h1","parent":"h1","color":{}},{"z":6,"name":"syb","parent":"syb","color":{}},{"z":7,"name":"sya","parent":"sya","color":{}},{"z":8,"name":"h","parent":"h","color":{}}],"name":"daxiong","defaultActions":[{"gotoAndPlay":"1"}]}],"name":"daxiong","version":"5.0"}