{"width":512,"imagePath":"daxiong_tex.png","height":256,"name":"daxiong","SubTexture":[{"width":37,"y":180,"height":49,"name":"sza","x":362},{"width":43,"y":180,"height":38,"name":"szb","x":401},{"width":48,"y":130,"height":91,"name":"t2","x":269},{"width":51,"y":130,"height":90,"name":"t1","x":216},{"width":109,"y":1,"height":127,"name":"st","x":1},{"width":106,"y":130,"height":103,"name":"h1","x":108},{"width":63,"y":130,"height":48,"name":"syb","x":319},{"width":41,"y":180,"height":60,"name":"sya","x":319},{"width":105,"y":130,"height":119,"name":"h","x":1}]}