{"frameRate":30,"isGlobal":0,"name":"sj","version":"5.0","armature":[{"aabb":{"width":246,"y":-81.80912510002366,"height":93,"x":-4.797558504413132},"skin":[{"name":"","slot":[{"display":[{"path":"1","type":"image","name":"1","transform":{"y":-0.0517,"x":1.1367}}],"name":"1"},{"display":[{"path":"2","type":"image","name":"1","transform":{"y":-0.0517,"x":1.1367}}],"name":"11"},{"display":[{"path":"2","type":"image","name":"1","transform":{"y":-0.0517,"x":1.1367}}],"name":"112"},{"display":[{"path":"1","type":"image","name":"2","transform":{"y":0.5997,"x":-0.4633}}],"name":"211"},{"display":[{"path":"2","type":"image","name":"3","transform":{"y":1.5014,"x":1.6867}}],"name":"3111"},{"display":[{"path":"3","type":"image","name":"1","transform":{"y":-0.0517,"x":1.1367}}],"name":"111"},{"display":[{"path":"2","type":"image","name":"3","transform":{"y":1.5014,"x":1.6867}}],"name":"311"},{"display":[{"path":"3","type":"image","name":"1","transform":{"y":-0.0517,"x":1.1367}}],"name":"1111"},{"display":[{"path":"2","type":"image","name":"2","transform":{"y":0.5997,"x":-0.4633}}],"name":"2"},{"display":[{"path":"3","type":"image","name":"2","transform":{"y":0.5997,"x":-0.4633}}],"name":"212"},{"display":[{"path":"3","type":"image","name":"2","transform":{"y":0.5997,"x":-0.4633}}],"name":"21"},{"display":[{"path":"2","type":"image","name":"2","transform":{"y":0.5997,"x":-0.4633}}],"name":"22"},{"display":[{"path":"3","type":"image","name":"3","transform":{"y":1.5014,"x":1.6867}}],"name":"32"},{"display":[{"path":"d","type":"image","name":"d","transform":{"y":9.8187,"skX":20.6463,"skY":20.6463,"x":121.9022}}],"name":"d"},{"display":[{"path":"1","type":"image","name":"2","transform":{"y":0.5997,"x":-0.4633}}],"name":"2111"},{"display":[{"path":"1","type":"image","name":"1","transform":{"y":-0.0517,"x":1.1367}}],"name":"12"},{"display":[{"path":"3","type":"image","name":"3","transform":{"y":1.5014,"x":1.6867}}],"name":"312"},{"display":[{"path":"c","type":"image","name":"c","transform":{"y":-7.0082,"skX":29.1909,"skY":29.1909,"x":12.6845}}],"name":"c"},{"display":[{"path":"a","type":"image","name":"a","transform":{"y":-3.8621,"skX":41.2847,"skY":41.2847,"x":47.6589}}],"name":"a"},{"display":[{"path":"b","type":"image","name":"b","transform":{"y":-8.7498,"skX":28.5231,"skY":28.5231,"x":37.5675}}],"name":"b"},{"display":[{"path":"3","type":"image","name":"3","transform":{"y":1.5014,"x":1.6867}}],"name":"3"},{"display":[{"path":"3","type":"image","name":"3","transform":{"y":1.5014,"x":1.6867}}],"name":"31"}]}],"ik":[],"animation":[{"frame":[],"duration":51,"bone":[{"frame":[{"duration":51,"transform":{}}],"name":"root"},{"frame":[{"duration":51,"transform":{}}],"name":"bone"},{"frame":[{"curve":[0.5,0,1,1],"duration":10,"transform":{"y":4.2867,"skX":35.6895,"skY":35.6895,"x":-1.9266}},{"duration":41,"transform":{}}],"name":"d"},{"frame":[{"tweenEasing":0,"duration":12,"transform":{"skX":35.6895,"skY":35.6895}},{"tweenEasing":0,"duration":3,"transform":{}},{"tweenEasing":0,"duration":3,"transform":{"scY":2,"scX":2}},{"duration":33,"transform":{}}],"name":"a"},{"frame":[{"tweenEasing":0,"duration":15,"transform":{"skX":35.6895,"skY":35.6895}},{"tweenEasing":0,"duration":3,"transform":{}},{"tweenEasing":0,"duration":3,"transform":{"scY":2,"scX":2}},{"duration":30,"transform":{}}],"name":"b"},{"frame":[{"tweenEasing":0,"duration":18,"transform":{"skX":35.6895,"skY":35.6895}},{"tweenEasing":0,"duration":3,"transform":{}},{"tweenEasing":0,"duration":3,"transform":{"scY":2,"scX":2}},{"duration":27,"transform":{}}],"name":"c"},{"frame":[{"duration":13,"transform":{}},{"tweenEasing":0,"duration":4,"transform":{"y":39.3273,"x":-16.3282}},{"tweenEasing":0,"duration":4,"transform":{"y":14.7515,"x":9.6591}},{"tweenEasing":0,"duration":5,"transform":{"y":18.7496,"x":35.6464}},{"tweenEasing":0,"duration":5,"transform":{"y":66.1952,"x":64.5995}},{"tweenEasing":0,"duration":6,"transform":{"y":113.6409,"x":87.8239}},{"tweenEasing":0,"duration":3,"transform":{"y":170.5756,"x":89.4659}},{"duration":11,"transform":{"y":199.043,"x":84.7158}}],"name":"3"},{"frame":[{"duration":13,"transform":{}},{"tweenEasing":0,"duration":3,"transform":{"y":39.2791,"x":5.804}},{"tweenEasing":0,"duration":3,"transform":{"y":-13.2601,"x":45.7084}},{"tweenEasing":0,"duration":4,"transform":{"y":-30.0818,"x":85.6128}},{"tweenEasing":0,"duration":4,"transform":{"y":4.2598,"x":104.7817}},{"tweenEasing":0,"duration":4,"transform":{"y":38.6014,"x":126.1041}},{"tweenEasing":0,"duration":4,"transform":{"y":72.943,"x":143.9235}},{"tweenEasing":0,"duration":5,"transform":{"y":107.2846,"x":154.9962}},{"duration":11,"transform":{"y":150.2116,"x":168.6139}}],"name":"1"},{"frame":[{"duration":13,"transform":{}},{"tweenEasing":0,"duration":3,"transform":{"y":48.262,"x":-72.7302}},{"tweenEasing":0,"duration":2,"transform":{"y":4.9916,"x":-25.078}},{"tweenEasing":0,"duration":2,"transform":{"y":-11.9496,"x":6.6901}},{"tweenEasing":0,"duration":2,"transform":{"y":-14.0679,"x":38.4582}},{"tweenEasing":0,"duration":4,"transform":{"y":-21.5439,"x":70.2263}},{"tweenEasing":0,"duration":4,"transform":{"y":18.5213,"x":96.4445}},{"tweenEasing":0,"duration":4,"transform":{"y":58.5865,"x":114.5817}},{"tweenEasing":0,"duration":6,"transform":{"y":98.6516,"x":128.9684}},{"duration":11,"transform":{"y":158.7494,"x":119.2957}}],"name":"2"},{"frame":[{"duration":51,"transform":{}}],"name":"bone1"},{"frame":[{"duration":51,"transform":{}}],"name":"bone11"},{"frame":[{"duration":18,"transform":{}},{"tweenEasing":0,"duration":3,"transform":{"y":39.2791,"x":5.804}},{"tweenEasing":0,"duration":3,"transform":{"y":-13.2601,"x":45.7084}},{"tweenEasing":0,"duration":4,"transform":{"y":-30.0818,"x":85.6128}},{"tweenEasing":0,"duration":4,"transform":{"y":4.2598,"x":104.7817}},{"tweenEasing":0,"duration":4,"transform":{"y":38.6014,"x":126.1041}},{"tweenEasing":0,"duration":4,"transform":{"y":72.943,"x":143.9235}},{"tweenEasing":0,"duration":5,"transform":{"y":107.2846,"x":154.9962}},{"duration":6,"transform":{"y":150.2116,"x":168.6139}}],"name":"11"},{"frame":[{"duration":18,"transform":{}},{"tweenEasing":0,"duration":4,"transform":{"y":39.3273,"x":-16.3282}},{"tweenEasing":0,"duration":4,"transform":{"y":14.7515,"x":9.6591}},{"tweenEasing":0,"duration":5,"transform":{"y":18.7496,"x":35.6464}},{"tweenEasing":0,"duration":5,"transform":{"y":66.1952,"x":64.5995}},{"tweenEasing":0,"duration":6,"transform":{"y":113.6409,"x":87.8239}},{"tweenEasing":0,"duration":3,"transform":{"y":170.5756,"x":89.4659}},{"duration":6,"transform":{"y":199.043,"x":84.7158}}],"name":"31"},{"frame":[{"duration":18,"transform":{}},{"tweenEasing":0,"duration":3,"transform":{"y":48.262,"x":-72.7302}},{"tweenEasing":0,"duration":2,"transform":{"y":4.9916,"x":-25.078}},{"tweenEasing":0,"duration":2,"transform":{"y":-11.9496,"x":6.6901}},{"tweenEasing":0,"duration":2,"transform":{"y":-14.0679,"x":38.4582}},{"tweenEasing":0,"duration":4,"transform":{"y":-21.5439,"x":70.2263}},{"tweenEasing":0,"duration":4,"transform":{"y":18.5213,"x":96.4445}},{"tweenEasing":0,"duration":4,"transform":{"y":58.5865,"x":114.5817}},{"tweenEasing":0,"duration":6,"transform":{"y":98.6516,"x":128.9684}},{"duration":6,"transform":{"y":158.7494,"x":119.2957}}],"name":"21"},{"frame":[{"duration":51,"transform":{}}],"name":"bone111"},{"frame":[{"duration":21,"transform":{}},{"tweenEasing":0,"duration":3,"transform":{"y":39.2791,"x":5.804}},{"tweenEasing":0,"duration":3,"transform":{"y":-13.2601,"x":45.7084}},{"tweenEasing":0,"duration":4,"transform":{"y":-30.0818,"x":85.6128}},{"tweenEasing":0,"duration":4,"transform":{"y":4.2598,"x":104.7817}},{"tweenEasing":0,"duration":4,"transform":{"y":38.6014,"x":126.1041}},{"tweenEasing":0,"duration":4,"transform":{"y":72.943,"x":143.9235}},{"tweenEasing":0,"duration":5,"transform":{"y":107.2846,"x":154.9962}},{"duration":3,"transform":{"y":150.2116,"x":168.6139}}],"name":"111"},{"frame":[{"duration":21,"transform":{}},{"tweenEasing":0,"duration":4,"transform":{"y":39.3273,"x":-16.3282}},{"tweenEasing":0,"duration":4,"transform":{"y":14.7515,"x":9.6591}},{"tweenEasing":0,"duration":5,"transform":{"y":18.7496,"x":35.6464}},{"tweenEasing":0,"duration":5,"transform":{"y":66.1952,"x":64.5995}},{"tweenEasing":0,"duration":6,"transform":{"y":113.6409,"x":87.8239}},{"tweenEasing":0,"duration":3,"transform":{"y":170.5756,"x":89.4659}},{"duration":3,"transform":{"y":199.043,"x":84.7158}}],"name":"311"},{"frame":[{"duration":21,"transform":{}},{"tweenEasing":0,"duration":3,"transform":{"y":48.262,"x":-72.7302}},{"tweenEasing":0,"duration":2,"transform":{"y":4.9916,"x":-25.078}},{"tweenEasing":0,"duration":2,"transform":{"y":-11.9496,"x":6.6901}},{"tweenEasing":0,"duration":2,"transform":{"y":-14.0679,"x":38.4582}},{"tweenEasing":0,"duration":4,"transform":{"y":-21.5439,"x":70.2263}},{"tweenEasing":0,"duration":4,"transform":{"y":18.5213,"x":96.4445}},{"tweenEasing":0,"duration":4,"transform":{"y":58.5865,"x":114.5817}},{"tweenEasing":0,"duration":6,"transform":{"y":98.6516,"x":128.9684}},{"duration":3,"transform":{"y":158.7494,"x":119.2957}}],"name":"211"},{"frame":[{"duration":10,"transform":{}},{"duration":41,"transform":{"y":28.1081,"x":57.9129}}],"name":"bone12"},{"frame":[{"duration":16,"transform":{}},{"tweenEasing":0,"duration":3,"transform":{"y":39.2791,"x":5.804}},{"tweenEasing":0,"duration":3,"transform":{"y":-13.2601,"x":45.7084}},{"tweenEasing":0,"duration":4,"transform":{"y":-30.0818,"x":85.6128}},{"tweenEasing":0,"duration":4,"transform":{"y":4.2598,"x":104.7817}},{"tweenEasing":0,"duration":4,"transform":{"y":38.6014,"x":126.1041}},{"tweenEasing":0,"duration":4,"transform":{"y":72.943,"x":143.9235}},{"tweenEasing":0,"duration":5,"transform":{"y":107.2846,"x":154.9962}},{"duration":8,"transform":{"y":150.2116,"x":168.6139}}],"name":"12"},{"frame":[{"duration":16,"transform":{}},{"tweenEasing":0,"duration":4,"transform":{"y":39.3273,"x":-16.3282}},{"tweenEasing":0,"duration":4,"transform":{"y":14.7515,"x":9.6591}},{"tweenEasing":0,"duration":5,"transform":{"y":18.7496,"x":35.6464}},{"tweenEasing":0,"duration":5,"transform":{"y":66.1952,"x":64.5995}},{"tweenEasing":0,"duration":6,"transform":{"y":113.6409,"x":87.8239}},{"tweenEasing":0,"duration":3,"transform":{"y":170.5756,"x":89.4659}},{"duration":8,"transform":{"y":199.043,"x":84.7158}}],"name":"32"},{"frame":[{"duration":16,"transform":{}},{"tweenEasing":0,"duration":3,"transform":{"y":48.262,"x":-72.7302}},{"tweenEasing":0,"duration":2,"transform":{"y":4.9916,"x":-25.078}},{"tweenEasing":0,"duration":2,"transform":{"y":-11.9496,"x":6.6901}},{"tweenEasing":0,"duration":2,"transform":{"y":-14.0679,"x":38.4582}},{"tweenEasing":0,"duration":4,"transform":{"y":-21.5439,"x":70.2263}},{"tweenEasing":0,"duration":4,"transform":{"y":18.5213,"x":96.4445}},{"tweenEasing":0,"duration":4,"transform":{"y":58.5865,"x":114.5817}},{"tweenEasing":0,"duration":6,"transform":{"y":98.6516,"x":128.9684}},{"duration":8,"transform":{"y":158.7494,"x":119.2957}}],"name":"22"},{"frame":[{"duration":10,"transform":{}},{"duration":41,"transform":{"y":-11.3029,"x":-46.1744}}],"name":"bone112"},{"frame":[{"duration":11,"transform":{}},{"tweenEasing":0,"duration":3,"transform":{"y":39.2791,"x":5.804}},{"tweenEasing":0,"duration":3,"transform":{"y":-13.2601,"x":45.7084}},{"tweenEasing":0,"duration":4,"transform":{"y":-30.0818,"x":85.6128}},{"tweenEasing":0,"duration":4,"transform":{"y":4.2598,"x":104.7817}},{"tweenEasing":0,"duration":4,"transform":{"y":38.6014,"x":126.1041}},{"tweenEasing":0,"duration":4,"transform":{"y":72.943,"x":143.9235}},{"tweenEasing":0,"duration":5,"transform":{"y":107.2846,"x":154.9962}},{"duration":13,"transform":{"y":150.2116,"x":168.6139}}],"name":"112"},{"frame":[{"duration":11,"transform":{}},{"tweenEasing":0,"duration":4,"transform":{"y":39.3273,"x":-16.3282}},{"tweenEasing":0,"duration":4,"transform":{"y":14.7515,"x":9.6591}},{"tweenEasing":0,"duration":5,"transform":{"y":18.7496,"x":35.6464}},{"tweenEasing":0,"duration":5,"transform":{"y":66.1952,"x":64.5995}},{"tweenEasing":0,"duration":6,"transform":{"y":113.6409,"x":87.8239}},{"tweenEasing":0,"duration":3,"transform":{"y":170.5756,"x":89.4659}},{"duration":13,"transform":{"y":199.043,"x":84.7158}}],"name":"312"},{"frame":[{"duration":11,"transform":{}},{"tweenEasing":0,"duration":3,"transform":{"y":48.262,"x":-72.7302}},{"tweenEasing":0,"duration":2,"transform":{"y":4.9916,"x":-25.078}},{"tweenEasing":0,"duration":2,"transform":{"y":-11.9496,"x":6.6901}},{"tweenEasing":0,"duration":2,"transform":{"y":-14.0679,"x":38.4582}},{"tweenEasing":0,"duration":4,"transform":{"y":-21.5439,"x":70.2263}},{"tweenEasing":0,"duration":4,"transform":{"y":18.5213,"x":96.4445}},{"tweenEasing":0,"duration":4,"transform":{"y":58.5865,"x":114.5817}},{"tweenEasing":0,"duration":6,"transform":{"y":98.6516,"x":128.9684}},{"duration":13,"transform":{"y":158.7494,"x":119.2957}}],"name":"212"},{"frame":[{"duration":20,"transform":{}},{"duration":31,"transform":{"y":-5.9609,"skX":23.2946,"skY":23.2946,"x":-3.8975}}],"name":"bone1111"},{"frame":[{"duration":24,"transform":{}},{"tweenEasing":0,"duration":3,"transform":{"y":39.2791,"x":5.804}},{"tweenEasing":0,"duration":3,"transform":{"y":-13.2601,"x":45.7084}},{"tweenEasing":0,"duration":4,"transform":{"y":-30.0818,"x":85.6128}},{"tweenEasing":0,"duration":4,"transform":{"y":4.2598,"x":104.7817}},{"tweenEasing":0,"duration":4,"transform":{"y":38.6014,"x":126.1041}},{"tweenEasing":0,"duration":4,"transform":{"y":72.943,"x":143.9235}},{"tweenEasing":0,"duration":5,"transform":{"y":107.2846,"x":154.9962}},{"duration":0,"transform":{"y":150.2116,"x":168.6139}}],"name":"1111"},{"frame":[{"duration":24,"transform":{}},{"tweenEasing":0,"duration":4,"transform":{"y":39.3273,"x":-16.3282}},{"tweenEasing":0,"duration":4,"transform":{"y":14.7515,"x":9.6591}},{"tweenEasing":0,"duration":5,"transform":{"y":18.7496,"x":35.6464}},{"tweenEasing":0,"duration":5,"transform":{"y":66.1952,"x":64.5995}},{"tweenEasing":0,"duration":6,"transform":{"y":113.6409,"x":87.8239}},{"tweenEasing":0,"duration":3,"transform":{"y":170.5756,"x":89.4659}},{"duration":0,"transform":{"y":199.043,"x":84.7158}}],"name":"3111"},{"frame":[{"duration":24,"transform":{}},{"tweenEasing":0,"duration":3,"transform":{"y":48.262,"x":-72.7302}},{"tweenEasing":0,"duration":2,"transform":{"y":4.9916,"x":-25.078}},{"tweenEasing":0,"duration":2,"transform":{"y":-11.9496,"x":6.6901}},{"tweenEasing":0,"duration":2,"transform":{"y":-14.0679,"x":38.4582}},{"tweenEasing":0,"duration":4,"transform":{"y":-21.5439,"x":70.2263}},{"tweenEasing":0,"duration":4,"transform":{"y":18.5213,"x":96.4445}},{"tweenEasing":0,"duration":4,"transform":{"y":58.5865,"x":114.5817}},{"tweenEasing":0,"duration":6,"transform":{"y":98.6516,"x":128.9684}},{"duration":0,"transform":{"y":158.7494,"x":119.2957}}],"name":"2111"}],"ik":[],"slot":[{"frame":[{"tweenEasing":null,"displayIndex":-1,"duration":13},{"tweenEasing":null,"duration":27},{"tweenEasing":null,"displayIndex":-1,"duration":11}],"name":"3"},{"frame":[{"tweenEasing":null,"displayIndex":-1,"duration":13},{"tweenEasing":null,"duration":27},{"tweenEasing":null,"displayIndex":-1,"duration":11}],"name":"2"},{"frame":[{"tweenEasing":null,"displayIndex":-1,"duration":13},{"tweenEasing":null,"duration":27},{"tweenEasing":null,"displayIndex":-1,"duration":11}],"name":"1"},{"frame":[{"tweenEasing":null,"displayIndex":-1,"duration":18},{"tweenEasing":null,"duration":27},{"tweenEasing":null,"displayIndex":-1,"duration":6}],"name":"31"},{"frame":[{"tweenEasing":null,"displayIndex":-1,"duration":18},{"tweenEasing":null,"duration":27},{"tweenEasing":null,"displayIndex":-1,"duration":6}],"name":"21"},{"frame":[{"tweenEasing":null,"displayIndex":-1,"duration":18},{"tweenEasing":null,"duration":27},{"tweenEasing":null,"displayIndex":-1,"duration":6}],"name":"11"},{"frame":[{"tweenEasing":null,"displayIndex":-1,"duration":21},{"tweenEasing":null,"duration":27},{"tweenEasing":null,"displayIndex":-1,"duration":3}],"name":"311"},{"frame":[{"tweenEasing":null,"displayIndex":-1,"duration":21},{"tweenEasing":null,"duration":27},{"tweenEasing":null,"displayIndex":-1,"duration":3}],"name":"211"},{"frame":[{"tweenEasing":null,"displayIndex":-1,"duration":21},{"tweenEasing":null,"duration":27},{"tweenEasing":null,"displayIndex":-1,"duration":3}],"name":"111"},{"frame":[{"tweenEasing":null,"displayIndex":-1,"duration":16},{"tweenEasing":null,"duration":27},{"tweenEasing":null,"displayIndex":-1,"duration":8}],"name":"32"},{"frame":[{"tweenEasing":null,"displayIndex":-1,"duration":16},{"tweenEasing":null,"duration":27},{"tweenEasing":null,"displayIndex":-1,"duration":8}],"name":"22"},{"frame":[{"tweenEasing":null,"displayIndex":-1,"duration":16},{"tweenEasing":null,"duration":27},{"tweenEasing":null,"displayIndex":-1,"duration":8}],"name":"12"},{"frame":[{"tweenEasing":null,"displayIndex":-1,"duration":11},{"tweenEasing":null,"duration":27},{"tweenEasing":null,"displayIndex":-1,"duration":13}],"name":"312"},{"frame":[{"tweenEasing":null,"displayIndex":-1,"duration":11},{"tweenEasing":null,"duration":27},{"tweenEasing":null,"displayIndex":-1,"duration":13}],"name":"212"},{"frame":[{"tweenEasing":null,"displayIndex":-1,"duration":11},{"tweenEasing":null,"duration":27},{"tweenEasing":null,"displayIndex":-1,"duration":13}],"name":"112"},{"frame":[{"tweenEasing":null,"displayIndex":-1,"duration":24},{"tweenEasing":null,"duration":27},{"tweenEasing":null,"displayIndex":-1,"duration":0}],"name":"3111"},{"frame":[{"tweenEasing":null,"displayIndex":-1,"duration":24},{"tweenEasing":null,"duration":27},{"tweenEasing":null,"displayIndex":-1,"duration":0}],"name":"2111"},{"frame":[{"tweenEasing":null,"displayIndex":-1,"duration":24},{"tweenEasing":null,"duration":27},{"tweenEasing":null,"displayIndex":-1,"duration":0}],"name":"1111"}],"ffd":[],"name":"1","playTimes":0}],"type":"Armature","frameRate":30,"bone":[{"name":"root","transform":{}},{"transform":{},"name":"bone","parent":"root"},{"length":107,"transform":{"y":-1.5148,"skX":-20.6463,"skY":-20.6463,"x":0.6673},"parent":"bone","name":"d"},{"transform":{"y":-40.7178,"x":36.591},"name":"bone1","parent":"bone"},{"transform":{"scY":0.8825,"y":-24.2381,"scX":0.8825,"x":91.5876},"name":"bone11","parent":"bone"},{"transform":{"scY":0.7204,"y":-8.8864,"scX":0.7204,"x":125.5925},"name":"bone111","parent":"bone"},{"transform":{"y":-40.7178,"x":36.591},"name":"bone12","parent":"bone"},{"transform":{"scY":0.8825,"y":-24.2381,"scX":0.8825,"x":91.5876},"name":"bone112","parent":"bone"},{"transform":{"scY":0.7204,"y":-8.8864,"scX":0.7204,"x":125.5925},"name":"bone1111","parent":"bone"},{"transform":{"y":-40.4509,"x":34.3732},"name":"3","parent":"bone1"},{"length":49,"transform":{"y":16.6175,"skX":-7.8768,"skY":-7.8768,"x":48.3142},"parent":"d","name":"b"},{"length":22,"transform":{"y":37.1,"skX":-8.5447,"skY":-8.5447,"x":100.5467},"parent":"d","name":"c"},{"transform":{"y":-40.4509,"x":34.3732},"name":"31","parent":"bone11"},{"transform":{"y":-50.0504,"x":2.6511},"name":"1","parent":"bone1"},{"transform":{"y":-49.2935,"x":73.2405},"name":"2","parent":"bone1"},{"length":49,"transform":{"y":0.1092,"skX":-20.6384,"skY":-20.6384,"x":0.2479},"parent":"d","name":"a"},{"transform":{"y":-40.4509,"x":34.3732},"name":"311","parent":"bone111"},{"transform":{"y":-49.2935,"x":73.2405},"name":"211","parent":"bone111"},{"transform":{"y":-50.0504,"x":2.6511},"name":"11","parent":"bone11"},{"transform":{"y":-50.0504,"x":2.6511},"name":"12","parent":"bone12"},{"transform":{"y":-40.4509,"x":34.3732},"name":"32","parent":"bone12"},{"transform":{"y":-49.2935,"x":73.2405},"name":"22","parent":"bone12"},{"transform":{"y":-49.2935,"x":73.2405},"name":"21","parent":"bone11"},{"transform":{"y":-50.0504,"x":2.6511},"name":"112","parent":"bone112"},{"transform":{"y":-40.4509,"x":34.3732},"name":"312","parent":"bone112"},{"transform":{"y":-49.2935,"x":73.2405},"name":"212","parent":"bone112"},{"transform":{"y":-50.0504,"x":2.6511},"name":"111","parent":"bone111"},{"transform":{"y":-50.0504,"x":2.6511},"name":"1111","parent":"bone1111"},{"transform":{"y":-40.4509,"x":34.3732},"name":"3111","parent":"bone1111"},{"transform":{"y":-49.2935,"x":73.2405},"name":"2111","parent":"bone1111"}],"defaultActions":[{"gotoAndPlay":"1"}],"slot":[{"name":"d","parent":"d","color":{}},{"z":1,"name":"c","parent":"c","color":{}},{"z":2,"name":"b","parent":"b","color":{}},{"z":3,"name":"a","parent":"a","color":{}},{"displayIndex":-1,"z":4,"name":"3","parent":"3","color":{}},{"displayIndex":-1,"z":5,"name":"2","parent":"2","color":{}},{"displayIndex":-1,"z":6,"name":"1","parent":"1","color":{}},{"displayIndex":-1,"z":7,"name":"31","parent":"31","color":{}},{"displayIndex":-1,"z":8,"name":"21","parent":"21","color":{}},{"displayIndex":-1,"z":9,"name":"11","parent":"11","color":{}},{"displayIndex":-1,"z":10,"name":"311","parent":"311","color":{}},{"displayIndex":-1,"z":11,"name":"211","parent":"211","color":{}},{"displayIndex":-1,"z":12,"name":"111","parent":"111","color":{}},{"displayIndex":-1,"z":13,"name":"32","parent":"32","color":{}},{"displayIndex":-1,"z":14,"name":"22","parent":"22","color":{}},{"displayIndex":-1,"z":15,"name":"12","parent":"12","color":{}},{"displayIndex":-1,"z":16,"name":"312","parent":"312","color":{}},{"displayIndex":-1,"z":17,"name":"212","parent":"212","color":{}},{"displayIndex":-1,"z":18,"name":"112","parent":"112","color":{}},{"displayIndex":-1,"z":19,"name":"3111","parent":"3111","color":{}},{"displayIndex":-1,"z":20,"name":"2111","parent":"2111","color":{}},{"displayIndex":-1,"z":21,"name":"1111","parent":"1111","color":{}}],"name":"sj"}]}