{"SubTexture":[{"width":142,"y":166,"height":69,"name":"sz","x":1},{"width":22,"y":169,"height":52,"name":"tzb","x":429},{"width":67,"y":128,"height":40,"name":"tzc","x":360},{"frameY":-60,"y":1,"frameWidth":64,"frameX":0,"frameHeight":194,"width":64,"height":134,"name":"tza","x":294},{"width":22,"y":169,"height":52,"name":"tyb","x":453},{"width":67,"y":128,"height":39,"name":"tyc","x":429},{"frameY":0,"y":1,"frameWidth":68,"frameX":0,"frameHeight":127,"width":68,"height":125,"name":"tya","x":360},{"width":136,"y":1,"height":143,"name":"st","x":156},{"width":140,"y":146,"height":94,"name":"sy","x":156},{"width":153,"y":1,"height":163,"name":"ha","x":1}],"width":512,"height":256,"name":"16jiangshi","imagePath":"16jiangshi_tex.png"}