{"frameRate":60,"isGlobal":0,"armature":[{"bone":[{"name":"root","transform":{}},{"transform":{},"name":"bone","parent":"root"},{"length":29,"transform":{"skX":-177.8342,"skY":-177.8342},"parent":"bone","name":"biao1"},{"length":38,"transform":{},"parent":"biao1","name":"biao2"}],"aabb":{"width":170,"y":-116.08126193839013,"height":200,"x":-84.06368800592331},"type":"Armature","frameRate":60,"animation":[{"playTimes":0,"bone":[{"frame":[{"transform":{},"duration":149}],"name":"root"},{"frame":[{"tweenEasing":0,"transform":{},"duration":30},{"tweenEasing":0,"transform":{},"duration":82},{"tweenEasing":0,"transform":{},"duration":37},{"transform":{},"duration":0}],"name":"bone"},{"frame":[{"tweenEasing":0,"transform":{"skX":90,"skY":90},"duration":10},{"tweenEasing":0,"transform":{"skX":-30,"skY":-30},"duration":10},{"tweenEasing":0,"transform":{"skX":210,"skY":210},"duration":10},{"tweenEasing":0,"transform":{"skX":90,"skY":90},"duration":19},{"tweenEasing":0,"transform":{"skX":-30,"skY":-30},"duration":27},{"tweenEasing":0,"transform":{"skX":210,"skY":210},"duration":36},{"tweenEasing":0,"transform":{"skX":94.3158,"skY":94.3158},"duration":37},{"transform":{"skX":90,"skY":90},"duration":0}],"name":"biao1"},{"frame":[{"tweenEasing":0,"transform":{},"duration":5},{"tweenEasing":0,"transform":{"skX":-120,"skY":-120},"duration":5},{"tweenEasing":0,"transform":{"skX":120,"skY":120},"duration":5},{"tweenEasing":0,"transform":{},"duration":5},{"tweenEasing":0,"transform":{"skX":-120,"skY":-120},"duration":5},{"tweenEasing":0,"transform":{"skX":120,"skY":120},"duration":5},{"tweenEasing":0,"transform":{},"duration":8},{"tweenEasing":0,"transform":{"skX":-120,"skY":-120},"duration":11},{"tweenEasing":0,"transform":{"skX":120,"skY":120},"duration":12},{"tweenEasing":0,"transform":{},"duration":15},{"tweenEasing":0,"transform":{"skX":-120,"skY":-120},"duration":16},{"tweenEasing":0,"transform":{"skX":120,"skY":120},"duration":20},{"tweenEasing":0,"transform":{},"duration":15},{"tweenEasing":0,"transform":{"skX":-120,"skY":-120},"duration":13},{"tweenEasing":0,"transform":{"skX":120,"skY":120},"duration":9},{"transform":{},"duration":0}],"name":"biao2"}],"slot":[],"ffd":[],"frame":[],"ik":[],"name":"1","duration":149}],"skin":[{"slot":[{"display":[{"path":"biao2","type":"image","name":"biao2","transform":{"y":-0.4539,"skX":90,"skY":90,"x":30.2672}}],"name":"biao2"},{"display":[{"path":"biao1","type":"image","name":"biao1","transform":{"y":-0.45,"skX":90,"skY":90,"x":26.39}}],"name":"biao1"},{"display":[{"path":"biao","type":"image","name":"biao","transform":{"y":-16.0813,"x":0.9363}}],"name":"biao"}],"name":""}],"ik":[],"slot":[{"name":"biao","parent":"bone","color":{}},{"z":1,"name":"biao2","parent":"biao2","color":{}},{"z":2,"name":"biao1","parent":"biao1","color":{}}],"name":"biao","defaultActions":[{"gotoAndPlay":"1"}]}],"name":"biao","version":"5.0"}