{"frameRate":24,"isGlobal":0,"name":"dengpao","version":"5.5","armature":[{"skin":[{"name":"","slot":[{"display":[{"path":"4","type":"image","name":"4","transform":{"skY":70.7669,"y":-0.3978,"skX":70.7669,"x":0.7817}}],"name":"4"},{"display":[{"path":"1","type":"image","name":"1","transform":{"skY":70.7669,"y":3.9066,"skX":70.7669,"x":31.3604}}],"name":"1"},{"display":[{"path":"2","type":"image","name":"2","transform":{"skY":70.7669,"y":-4.4147,"skX":70.7669,"x":-3.6862}}],"name":"2"},{"display":[{"path":"7","type":"image","name":"7","transform":{"skY":70.7669,"y":-0.4064,"skX":70.7669,"x":1.2198}}],"name":"7"},{"display":[{"path":"3","type":"image","name":"3","transform":{"skY":70.7669,"y":-2.07,"skX":70.7669,"x":-0.9539}}],"name":"3"},{"display":[{"path":"6","type":"image","name":"6","transform":{"skY":70.7669,"y":-1.8639,"skX":70.7669,"x":1.4994}}],"name":"6"},{"display":[{"path":"5","type":"image","name":"5","transform":{"skY":70.7669,"y":0.5635,"skX":70.7669,"x":1.9105}}],"name":"5"}]}],"animation":[{"frame":[],"duration":24,"bone":[{"translateFrame":[{"duration":24}],"scaleFrame":[{"duration":24}],"name":"root","rotateFrame":[{"duration":24}]},{"translateFrame":[{"tweenEasing":0,"y":36.8483,"duration":6,"x":-20.0164},{"tweenEasing":0,"y":-7.3991,"duration":4,"x":17.8622},{"tweenEasing":0,"y":-7.3991,"duration":4,"x":17.8622},{"y":-7.3991,"duration":10,"x":17.8622}],"scaleFrame":[{"tweenEasing":0,"y":0.4632,"duration":6,"x":0.4632},{"tweenEasing":0,"y":0.8211,"duration":4},{"tweenEasing":0,"y":1.1,"duration":4,"x":0.9},{"duration":10}],"name":"1","rotateFrame":[{"tweenEasing":0,"duration":6},{"tweenEasing":0,"duration":4},{"tweenEasing":0,"duration":4},{"duration":10}]},{"translateFrame":[{"tweenEasing":0,"y":-5.0323,"duration":7,"x":-13.5602},{"tweenEasing":0,"y":-5.0323,"duration":5,"x":-13.5602},{"y":-0.2908,"duration":12,"x":5.063}],"scaleFrame":[{"tweenEasing":0,"duration":7},{"tweenEasing":0,"duration":5},{"duration":12}],"name":"6","rotateFrame":[{"tweenEasing":0,"duration":7},{"tweenEasing":0,"duration":5},{"duration":12}]},{"translateFrame":[{"tweenEasing":0,"y":-11.6922,"duration":7,"x":-15.7238},{"tweenEasing":0,"y":-11.6922,"duration":5,"x":-15.7238},{"y":2.59,"duration":12,"x":3.8547}],"scaleFrame":[{"tweenEasing":0,"duration":7},{"tweenEasing":0,"duration":5},{"duration":12}],"name":"5","rotateFrame":[{"tweenEasing":0,"duration":7},{"tweenEasing":0,"duration":5},{"duration":12}]},{"translateFrame":[{"tweenEasing":0,"y":-21.0325,"duration":7,"x":-2.0628},{"tweenEasing":0,"y":-21.0325,"duration":5,"x":-2.0628},{"y":1.9834,"duration":12,"x":-0.0458}],"scaleFrame":[{"tweenEasing":0,"duration":7},{"tweenEasing":0,"duration":5},{"duration":12}],"name":"2","rotateFrame":[{"tweenEasing":0,"duration":7},{"tweenEasing":0,"duration":5},{"duration":12}]},{"translateFrame":[{"tweenEasing":0,"y":10.9281,"duration":7,"x":9.9485},{"tweenEasing":0,"y":10.9281,"duration":5,"x":9.9485},{"y":-4.3439,"duration":12,"x":-4.4666}],"scaleFrame":[{"tweenEasing":0,"duration":7},{"tweenEasing":0,"duration":5},{"duration":12}],"name":"4","rotateFrame":[{"tweenEasing":0,"duration":7},{"tweenEasing":0,"duration":5},{"duration":12}]},{"translateFrame":[{"tweenEasing":0,"y":11.9215,"duration":7,"x":-12.0719},{"tweenEasing":0,"y":11.9215,"duration":5,"x":-12.0719},{"y":-3.559,"duration":12,"x":2.4472},{"y":-3.559,"duration":0,"x":2.4472}],"scaleFrame":[{"tweenEasing":0,"duration":7},{"tweenEasing":0,"duration":5},{"duration":12},{"duration":0}],"name":"7","rotateFrame":[{"tweenEasing":0,"duration":7},{"tweenEasing":0,"duration":5},{"duration":12},{"duration":0}]},{"translateFrame":[{"tweenEasing":0,"y":11.9099,"duration":7,"x":2.7288},{"tweenEasing":0,"y":11.9099,"duration":5,"x":2.7288},{"y":-3.9178,"duration":12,"x":0.2685}],"scaleFrame":[{"tweenEasing":0,"duration":7},{"tweenEasing":0,"duration":5},{"duration":12}],"name":"3","rotateFrame":[{"tweenEasing":0,"duration":7},{"tweenEasing":0,"duration":5},{"duration":12}]}],"slot":[{"colorFrame":[{"duration":7},{"duration":17}],"displayFrame":[{"duration":7},{"duration":17}],"name":"7"},{"colorFrame":[{"duration":7},{"duration":17}],"displayFrame":[{"duration":7},{"duration":17}],"name":"6"},{"colorFrame":[{"duration":7},{"duration":17}],"displayFrame":[{"duration":7},{"duration":17}],"name":"5"},{"colorFrame":[{"duration":7},{"duration":17}],"displayFrame":[{"duration":7},{"duration":17}],"name":"4"},{"colorFrame":[{"duration":7},{"duration":17}],"displayFrame":[{"duration":7},{"duration":17}],"name":"3"},{"colorFrame":[{"duration":7},{"duration":17}],"displayFrame":[{"duration":7},{"duration":17}],"name":"2"},{"colorFrame":[{"duration":24}],"displayFrame":[{"duration":24}],"name":"1"}],"ffd":[],"ik":[],"name":"1","playTimes":0}],"type":"Armature","frameRate":24,"bone":[{"name":"root","transform":{}},{"length":26,"transform":{"skY":-70.7669,"y":-38.4597,"skX":-70.7669,"x":24.9443},"parent":"root","name":"1"},{"transform":{"y":2.9345,"x":71.5796},"name":"6","parent":"1"},{"transform":{"y":23.1141,"x":69.1409},"name":"5","parent":"1"},{"transform":{"y":-21.5849,"x":14.359},"name":"4","parent":"1"},{"transform":{"y":-27.2817,"x":61.1965},"name":"7","parent":"1"},{"transform":{"y":40.2349,"x":42.2286},"name":"2","parent":"1"},{"transform":{"y":-28.0017,"x":30.0192},"name":"3","parent":"1"}],"aabb":{"width":0,"y":0,"height":0,"x":0},"slot":[{"displayIndex":-1,"name":"7","parent":"7","color":{}},{"displayIndex":-1,"z":1,"name":"6","parent":"6","color":{}},{"displayIndex":-1,"z":2,"name":"5","parent":"5","color":{}},{"displayIndex":-1,"z":3,"name":"4","parent":"4","color":{}},{"displayIndex":-1,"z":4,"name":"3","parent":"3","color":{}},{"displayIndex":-1,"z":5,"name":"2","parent":"2","color":{}},{"displayIndex":-1,"z":6,"name":"1","parent":"1","color":{}}],"ik":[],"defaultActions":[{"gotoAndPlay":"1"}],"name":"dengpao"}]}