{"frameRate":60,"isGlobal":0,"name":"mao","version":"5.0","armature":[{"ik":[],"skin":[{"name":"","slot":[{"display":[{"path":"t3","type":"image","name":"t3","transform":{"y":-1.0314,"skX":-60.4222,"skY":-60.4222,"x":5.912}}],"name":"t3"},{"display":[{"path":"t4","type":"image","name":"t4","transform":{"y":-0.006,"skX":-127.3566,"skY":-127.3566,"x":7.1075}}],"name":"t4"},{"display":[{"path":"h","type":"image","name":"h","transform":{"y":-8.5948,"skX":43.9733,"skY":43.9733,"x":22.3947}}],"name":"h"},{"display":[{"path":"st","type":"image","name":"st","transform":{"y":7.93,"x":-7.6633}}],"name":"st"},{"display":[{"path":"t1","type":"image","name":"t1","transform":{"y":0.0099,"skX":-104.449,"skY":-104.449,"x":7.7455}}],"name":"t1"},{"display":[{"path":"t2","type":"image","name":"t2","transform":{"y":-0.8329,"skX":-56.8598,"skY":-56.8598,"x":5.7114}}],"name":"t2"}]}],"type":"Armature","name":"mao","bone":[{"name":"root","transform":{}},{"transform":{},"name":"bone","parent":"root"},{"length":11,"transform":{"y":-30.2316,"x":-0.7319},"parent":"bone","name":"st"},{"length":8,"transform":{"y":14.7653,"skX":127.3566,"skY":127.3566,"x":-22.3945},"parent":"st","name":"t4"},{"length":8,"transform":{"y":14.9325,"skX":104.449,"skY":104.449,"x":11.408},"parent":"st","name":"t1"},{"length":8,"transform":{"y":18.6316,"skX":60.4222,"skY":60.4222,"x":-17.7099},"parent":"st","name":"t3"},{"length":29,"transform":{"y":3.2839,"skX":-43.9733,"skY":-43.9733,"x":19.8261},"parent":"st","name":"h"},{"length":7,"transform":{"y":15.3568,"skX":56.8598,"skY":56.8598,"x":20.552},"parent":"st","name":"t2"}],"aabb":{"width":103.63845947312284,"y":-78.18232389595133,"height":80.88127467779861,"x":-40.89518482611092},"slot":[{"name":"t4","parent":"t4","color":{}},{"z":1,"name":"t3","parent":"t3","color":{}},{"z":2,"name":"t2","parent":"t2","color":{}},{"z":3,"name":"t1","parent":"t1","color":{}},{"z":4,"name":"st","parent":"st","color":{}},{"z":5,"name":"h","parent":"h","color":{}}],"animation":[{"ik":[],"frame":[],"duration":20,"bone":[{"frame":[{"duration":20,"transform":{}}],"name":"root"},{"frame":[{"duration":20,"transform":{}}],"name":"bone"},{"frame":[{"tweenEasing":0,"duration":5,"transform":{}},{"tweenEasing":0,"duration":5,"transform":{"y":2.9156}},{"tweenEasing":0,"duration":5,"transform":{}},{"tweenEasing":0,"duration":5,"transform":{"y":3.1806}},{"duration":0,"transform":{}}],"name":"st"},{"frame":[{"tweenEasing":0,"duration":5,"transform":{"skX":-38.8473,"skY":-38.8473}},{"tweenEasing":0,"duration":5,"transform":{"skX":31.5961,"skY":31.5961}},{"tweenEasing":0,"duration":5,"transform":{"skX":-38.8473,"skY":-38.8473}},{"tweenEasing":0,"duration":5,"transform":{"skX":-88.8879,"skY":-88.8879}},{"duration":0,"transform":{"skX":-38.8473,"skY":-38.8473}}],"name":"t4"},{"frame":[{"tweenEasing":0,"duration":5,"transform":{"skX":-21.5439,"skY":-21.5439}},{"tweenEasing":0,"duration":5,"transform":{"skX":-71.5845,"skY":-71.5845}},{"tweenEasing":0,"duration":5,"transform":{"skX":-21.5439,"skY":-21.5439}},{"tweenEasing":0,"duration":5,"transform":{"skX":48.8995,"skY":48.8995}},{"duration":0,"transform":{"skX":-21.5439,"skY":-21.5439}}],"name":"t1"},{"frame":[{"tweenEasing":0,"duration":5,"transform":{"skX":-29.1895,"skY":-29.1895}},{"tweenEasing":0,"duration":5,"transform":{"skX":20.8511,"skY":20.8511}},{"tweenEasing":0,"duration":5,"transform":{"skX":91.2944,"skY":91.2944}},{"tweenEasing":0,"duration":5,"transform":{"skX":20.8511,"skY":20.8511}},{"duration":0,"transform":{"skX":-29.1895,"skY":-29.1895}}],"name":"t3"},{"frame":[{"tweenEasing":0,"duration":5,"transform":{}},{"tweenEasing":0,"duration":5,"transform":{"skX":-3.8796,"skY":-3.8796}},{"tweenEasing":0,"duration":5,"transform":{}},{"tweenEasing":0,"duration":5,"transform":{"skX":-3.8796,"skY":-3.8796}},{"duration":0,"transform":{}}],"name":"h"},{"frame":[{"tweenEasing":0,"duration":5,"transform":{"skX":98.6013,"skY":98.6013}},{"tweenEasing":0,"duration":5,"transform":{"skX":28.1579,"skY":28.1579}},{"tweenEasing":0,"duration":5,"transform":{"skX":-21.8827,"skY":-21.8827}},{"tweenEasing":0,"duration":5,"transform":{"skX":28.1579,"skY":28.1579}},{"duration":0,"transform":{"skX":98.6013,"skY":98.6013}}],"name":"t2"}],"slot":[],"ffd":[],"name":"1","playTimes":0},{"ik":[],"frame":[],"duration":20,"bone":[{"frame":[{"duration":20,"transform":{}}],"name":"root"},{"frame":[{"duration":20,"transform":{}}],"name":"bone"},{"frame":[{"tweenEasing":0,"duration":5,"transform":{"skX":-87.1476,"skY":-87.1476}},{"tweenEasing":0,"duration":5,"transform":{"y":2.9156,"skX":-87.1476,"skY":-87.1476}},{"tweenEasing":0,"duration":5,"transform":{"skX":-87.1476,"skY":-87.1476}},{"tweenEasing":0,"duration":5,"transform":{"y":3.1806,"skX":-87.1476,"skY":-87.1476}},{"duration":0,"transform":{"skX":-87.1476,"skY":-87.1476}}],"name":"st"},{"frame":[{"tweenEasing":0,"duration":5,"transform":{"skX":-38.8473,"skY":-38.8473}},{"tweenEasing":0,"duration":5,"transform":{"skX":31.5961,"skY":31.5961}},{"tweenEasing":0,"duration":5,"transform":{"skX":-38.8473,"skY":-38.8473}},{"tweenEasing":0,"duration":5,"transform":{"skX":-88.8879,"skY":-88.8879}},{"duration":0,"transform":{"skX":-38.8473,"skY":-38.8473}}],"name":"t4"},{"frame":[{"tweenEasing":0,"duration":5,"transform":{"skX":-21.5439,"skY":-21.5439}},{"tweenEasing":0,"duration":5,"transform":{"skX":-71.5845,"skY":-71.5845}},{"tweenEasing":0,"duration":5,"transform":{"skX":-21.5439,"skY":-21.5439}},{"tweenEasing":0,"duration":5,"transform":{"skX":48.8995,"skY":48.8995}},{"duration":0,"transform":{"skX":-21.5439,"skY":-21.5439}}],"name":"t1"},{"frame":[{"tweenEasing":0,"duration":5,"transform":{"skX":-29.1895,"skY":-29.1895}},{"tweenEasing":0,"duration":5,"transform":{"skX":20.8511,"skY":20.8511}},{"tweenEasing":0,"duration":5,"transform":{"skX":91.2944,"skY":91.2944}},{"tweenEasing":0,"duration":5,"transform":{"skX":20.8511,"skY":20.8511}},{"duration":0,"transform":{"skX":-29.1895,"skY":-29.1895}}],"name":"t3"},{"frame":[{"tweenEasing":0,"duration":5,"transform":{}},{"tweenEasing":0,"duration":5,"transform":{"skX":-3.8796,"skY":-3.8796}},{"tweenEasing":0,"duration":5,"transform":{}},{"tweenEasing":0,"duration":5,"transform":{"skX":-3.8796,"skY":-3.8796}},{"duration":0,"transform":{}}],"name":"h"},{"frame":[{"tweenEasing":0,"duration":5,"transform":{"skX":98.6013,"skY":98.6013}},{"tweenEasing":0,"duration":5,"transform":{"skX":28.1579,"skY":28.1579}},{"tweenEasing":0,"duration":5,"transform":{"skX":-21.8827,"skY":-21.8827}},{"tweenEasing":0,"duration":5,"transform":{"skX":28.1579,"skY":28.1579}},{"duration":0,"transform":{"skX":98.6013,"skY":98.6013}}],"name":"t2"}],"slot":[],"ffd":[],"name":"2","playTimes":0},{"ik":[],"frame":[],"duration":60,"bone":[{"frame":[{"duration":60,"transform":{}}],"name":"root"},{"frame":[{"duration":60,"transform":{}}],"name":"bone"},{"frame":[{"tweenEasing":0,"duration":30,"transform":{}},{"tweenEasing":0,"duration":30,"transform":{"y":-1.3}},{"duration":0,"transform":{}}],"name":"st"},{"frame":[{"tweenEasing":0,"duration":30,"transform":{}},{"tweenEasing":0,"duration":30,"transform":{"y":1.3}},{"duration":0,"transform":{}}],"name":"t4"},{"frame":[{"tweenEasing":0,"duration":30,"transform":{}},{"tweenEasing":0,"duration":30,"transform":{"y":1.3}},{"duration":0,"transform":{}}],"name":"t1"},{"frame":[{"tweenEasing":0,"duration":30,"transform":{}},{"tweenEasing":0,"duration":30,"transform":{"y":1.3}},{"duration":0,"transform":{}}],"name":"t3"},{"frame":[{"tweenEasing":0,"duration":30,"transform":{}},{"tweenEasing":0,"duration":30,"transform":{"skX":3.6107,"skY":3.6107}},{"duration":0,"transform":{}}],"name":"h"},{"frame":[{"tweenEasing":0,"duration":30,"transform":{}},{"tweenEasing":0,"duration":30,"transform":{"y":1.3}},{"duration":0,"transform":{}}],"name":"t2"}],"slot":[],"ffd":[],"name":"3","playTimes":0}],"frameRate":60,"defaultActions":[{"gotoAndPlay":"1"}]}]}