{"frameRate":60,"isGlobal":0,"name":"mofa","version":"5.5","armature":[{"defaultActions":[{"gotoAndPlay":"newAnimation"}],"skin":[{"name":"","slot":[{"display":[{"path":"gift - 副本","type":"image","name":"gift","transform":{}}],"name":"gift2"},{"display":[{"path":"gift - 副本","type":"image","name":"gift","transform":{}}],"name":"gift5"},{"display":[{"path":"gift - 副本","type":"image","name":"gift","transform":{}}],"name":"gift10"},{"display":[{"path":"gift - 副本","type":"image","name":"gift","transform":{}}],"name":"gift6"},{"display":[{"path":"gift - 副本","type":"image","name":"gift","transform":{}}],"name":"gift"},{"display":[{"path":"gift - 副本","type":"image","name":"gift","transform":{}}],"name":"gift4"},{"display":[{"path":"gift - 副本","type":"image","name":"gift","transform":{}}],"name":"gift3"},{"display":[{"path":"gift - 副本","type":"image","name":"gift","transform":{}}],"name":"gift8"},{"display":[{"path":"gift - 副本","type":"image","name":"gift","transform":{}}],"name":"gift1"},{"display":[{"path":"gm1","type":"image","name":"gm1","transform":{"y":0.9941,"x":0.6896}}],"name":"gm1"},{"display":[{"path":"gm2","type":"image","name":"gm2","transform":{"y":-1.2559,"x":0.6896}}],"name":"gm2"},{"display":[{"path":"gm3","type":"image","name":"gm3","transform":{"y":-0.7059,"x":0.6896}}],"name":"gm3"},{"display":[{"path":"gift - 副本","type":"image","name":"gift","transform":{}}],"name":"gift9"},{"display":[{"path":"gift - 副本","type":"image","name":"gift","transform":{}}],"name":"gift7"}]}],"animation":[{"ik":[],"frame":[],"duration":40,"bone":[{"rotateFrame":[{"duration":40}],"scaleFrame":[{"duration":40}],"name":"root","translateFrame":[{"duration":40}]},{"rotateFrame":[{"duration":40}],"scaleFrame":[{"duration":40}],"name":"bone","translateFrame":[{"duration":40}]},{"rotateFrame":[{"tweenEasing":0,"duration":10},{"duration":30}],"scaleFrame":[{"tweenEasing":0,"y":0.01,"duration":10,"x":0.01},{"y":0.4552,"duration":30,"x":0.4552}],"name":"bone12","translateFrame":[{"tweenEasing":0,"duration":10},{"duration":30}]},{"rotateFrame":[{"tweenEasing":0,"duration":10},{"duration":10},{"tweenEasing":0,"duration":10},{"tweenEasing":0,"duration":10},{"duration":0}],"scaleFrame":[{"tweenEasing":0,"duration":10},{"y":1.0893,"duration":10,"x":1.0893},{"tweenEasing":0,"y":1.3213,"duration":10,"x":1.3213},{"tweenEasing":0,"y":1.4905,"duration":10,"x":1.4905},{"y":1.3213,"duration":0,"x":1.3213}],"name":"gm3","translateFrame":[{"tweenEasing":0,"duration":10},{"duration":10},{"tweenEasing":0,"duration":10},{"tweenEasing":0,"duration":10},{"duration":0}]},{"rotateFrame":[{"tweenEasing":0,"duration":10},{"tweenEasing":0,"duration":5},{"tweenEasing":0,"duration":5,"rotate":-44.4478},{"tweenEasing":0,"duration":5},{"tweenEasing":0,"duration":5,"rotate":-44.4478},{"tweenEasing":0,"duration":5},{"tweenEasing":0,"duration":5,"rotate":-44.4478},{"duration":0}],"scaleFrame":[{"tweenEasing":0,"duration":10},{"tweenEasing":0,"y":1.5883,"duration":5,"x":1.5883},{"tweenEasing":0,"y":1.5397,"duration":5,"x":1.5397},{"tweenEasing":0,"y":1.5883,"duration":5,"x":1.5883},{"tweenEasing":0,"y":1.5397,"duration":5,"x":1.5397},{"tweenEasing":0,"y":1.5883,"duration":5,"x":1.5883},{"tweenEasing":0,"y":1.5397,"duration":5,"x":1.5397},{"y":1.5883,"duration":0,"x":1.5883}],"name":"gm2","translateFrame":[{"tweenEasing":0,"duration":10},{"tweenEasing":0,"duration":5},{"tweenEasing":0,"duration":5},{"tweenEasing":0,"duration":5},{"tweenEasing":0,"duration":5},{"tweenEasing":0,"duration":5},{"tweenEasing":0,"duration":5},{"duration":0}]},{"rotateFrame":[{"tweenEasing":0,"duration":10},{"tweenEasing":0,"duration":5},{"tweenEasing":0,"duration":5,"rotate":-0.5133},{"tweenEasing":0,"duration":5},{"tweenEasing":0,"duration":5,"rotate":-0.5133},{"tweenEasing":0,"duration":5},{"tweenEasing":0,"duration":5,"rotate":-0.5133},{"duration":0}],"scaleFrame":[{"tweenEasing":0,"duration":10},{"tweenEasing":0,"y":1.9211,"duration":5,"x":1.9211},{"tweenEasing":0,"y":1.7246,"duration":5,"x":1.7246},{"tweenEasing":0,"y":1.9211,"duration":5,"x":1.9211},{"tweenEasing":0,"y":1.7246,"duration":5,"x":1.7246},{"tweenEasing":0,"y":1.9211,"duration":5,"x":1.9211},{"tweenEasing":0,"y":1.7246,"duration":5,"x":1.7246},{"y":1.5282,"duration":0,"x":1.5282}],"name":"gm1","translateFrame":[{"tweenEasing":0,"y":1.2787,"duration":10},{"tweenEasing":0,"y":1.2787,"duration":5},{"tweenEasing":0,"y":-0.6543,"duration":5},{"tweenEasing":0,"y":1.2787,"duration":5},{"tweenEasing":0,"y":-0.6543,"duration":5},{"tweenEasing":0,"y":1.2787,"duration":5},{"tweenEasing":0,"y":-0.6543,"duration":5},{"y":1.2787,"duration":0}]},{"rotateFrame":[{"duration":40}],"scaleFrame":[{"duration":40}],"name":"xxx","translateFrame":[{"duration":40}]},{"rotateFrame":[{"duration":40}],"scaleFrame":[{"duration":40}],"name":"xxx1","translateFrame":[{"duration":40}]},{"rotateFrame":[{"duration":40}],"scaleFrame":[{"duration":40}],"name":"xxx2","translateFrame":[{"duration":40}]},{"rotateFrame":[{"duration":40}],"scaleFrame":[{"duration":40}],"name":"xxx3","translateFrame":[{"duration":40}]},{"rotateFrame":[{"duration":40}],"scaleFrame":[{"duration":40}],"name":"xxx4","translateFrame":[{"duration":40}]},{"rotateFrame":[{"duration":40}],"scaleFrame":[{"duration":40}],"name":"xxx5","translateFrame":[{"duration":40}]},{"rotateFrame":[{"duration":40}],"scaleFrame":[{"duration":40}],"name":"xxx6","translateFrame":[{"duration":40}]},{"rotateFrame":[{"duration":40}],"scaleFrame":[{"duration":40}],"name":"xxx7","translateFrame":[{"duration":40}]},{"rotateFrame":[{"duration":40}],"scaleFrame":[{"duration":40}],"name":"xxx8","translateFrame":[{"duration":40}]},{"rotateFrame":[{"duration":40}],"scaleFrame":[{"duration":40}],"name":"xxx9","translateFrame":[{"duration":40}]},{"rotateFrame":[{"duration":40}],"scaleFrame":[{"duration":40}],"name":"xxx10","translateFrame":[{"duration":40}]}],"slot":[{"colorFrame":[{"duration":40}],"displayFrame":[{"duration":40}],"name":"gm3"},{"colorFrame":[{"duration":40}],"displayFrame":[{"duration":40}],"name":"gm2"},{"colorFrame":[{"duration":40}],"displayFrame":[{"duration":40}],"name":"gm1"},{"colorFrame":[],"displayFrame":[],"name":"gift"},{"colorFrame":[],"displayFrame":[],"name":"gift1"},{"colorFrame":[],"displayFrame":[],"name":"gift2"},{"colorFrame":[],"displayFrame":[],"name":"gift3"},{"colorFrame":[],"displayFrame":[],"name":"gift4"},{"colorFrame":[],"displayFrame":[],"name":"gift5"},{"colorFrame":[],"displayFrame":[],"name":"gift6"},{"colorFrame":[],"displayFrame":[],"name":"gift7"},{"colorFrame":[],"displayFrame":[],"name":"gift8"},{"colorFrame":[],"displayFrame":[],"name":"gift9"},{"colorFrame":[],"displayFrame":[],"name":"gift10"}],"ffd":[],"name":"newAnimation","playTimes":0},{"ik":[],"frame":[],"duration":20,"bone":[{"rotateFrame":[{"duration":20}],"scaleFrame":[{"duration":20}],"name":"root","translateFrame":[{"duration":20}]},{"rotateFrame":[{"duration":20}],"scaleFrame":[{"duration":20}],"name":"bone","translateFrame":[{"duration":20}]},{"rotateFrame":[{"duration":20}],"scaleFrame":[{"y":0.4552,"duration":20,"x":0.4552}],"name":"bone12","translateFrame":[{"duration":20}]},{"rotateFrame":[{"tweenEasing":0,"duration":10},{"tweenEasing":0,"duration":10},{"duration":0}],"scaleFrame":[{"tweenEasing":0,"y":1.3213,"duration":10,"x":1.3213},{"tweenEasing":0,"y":1.4905,"duration":10,"x":1.4905},{"y":1.3213,"duration":0,"x":1.3213}],"name":"gm3","translateFrame":[{"tweenEasing":0,"duration":10},{"tweenEasing":0,"duration":10},{"duration":0}]},{"rotateFrame":[{"tweenEasing":0,"duration":5},{"tweenEasing":0,"duration":5,"rotate":-44.4478},{"tweenEasing":0,"duration":5},{"tweenEasing":0,"duration":5,"rotate":-44.4478},{"duration":0}],"scaleFrame":[{"tweenEasing":0,"y":1.5883,"duration":5,"x":1.5883},{"tweenEasing":0,"y":1.5397,"duration":5,"x":1.5397},{"tweenEasing":0,"y":1.5883,"duration":5,"x":1.5883},{"tweenEasing":0,"y":1.5397,"duration":5,"x":1.5397},{"y":1.5883,"duration":0,"x":1.5883}],"name":"gm2","translateFrame":[{"tweenEasing":0,"duration":5},{"tweenEasing":0,"duration":5},{"tweenEasing":0,"duration":5},{"tweenEasing":0,"duration":5},{"duration":0}]},{"rotateFrame":[{"tweenEasing":0,"duration":5},{"tweenEasing":0,"duration":5,"rotate":-0.5133},{"tweenEasing":0,"duration":5},{"tweenEasing":0,"duration":5,"rotate":-0.5133},{"duration":0}],"scaleFrame":[{"tweenEasing":0,"y":1.9211,"duration":5,"x":1.9211},{"tweenEasing":0,"y":1.7246,"duration":5,"x":1.7246},{"tweenEasing":0,"y":1.9211,"duration":5,"x":1.9211},{"tweenEasing":0,"y":1.7246,"duration":5,"x":1.7246},{"y":1.5282,"duration":0,"x":1.5282}],"name":"gm1","translateFrame":[{"tweenEasing":0,"y":1.2787,"duration":5},{"tweenEasing":0,"y":-0.6543,"duration":5},{"tweenEasing":0,"y":1.2787,"duration":5},{"tweenEasing":0,"y":-0.6543,"duration":5},{"y":1.2787,"duration":0}]},{"rotateFrame":[{"tweenEasing":0,"duration":7},{"tweenEasing":0,"duration":7},{"duration":6}],"scaleFrame":[{"tweenEasing":0,"y":0.5,"duration":7,"x":0.5},{"tweenEasing":0,"y":1.5,"duration":7,"x":1.5},{"y":0.5,"duration":6,"x":0.5}],"name":"xxx","translateFrame":[{"tweenEasing":0,"duration":7},{"tweenEasing":0,"duration":7},{"duration":6}]},{"rotateFrame":[{"tweenEasing":0,"duration":7},{"tweenEasing":0,"duration":7},{"duration":6}],"scaleFrame":[{"tweenEasing":0,"y":0.5,"duration":7,"x":0.5},{"tweenEasing":0,"y":1.5,"duration":7,"x":1.5},{"y":0.5,"duration":6,"x":0.5}],"name":"xxx1","translateFrame":[{"tweenEasing":0,"duration":7},{"tweenEasing":0,"duration":7},{"duration":6}]},{"rotateFrame":[{"tweenEasing":0,"duration":7},{"tweenEasing":0,"duration":7},{"duration":6}],"scaleFrame":[{"tweenEasing":0,"y":0.5,"duration":7,"x":0.5},{"tweenEasing":0,"y":1.5,"duration":7,"x":1.5},{"y":0.5,"duration":6,"x":0.5}],"name":"xxx2","translateFrame":[{"tweenEasing":0,"duration":7},{"tweenEasing":0,"duration":7},{"duration":6}]},{"rotateFrame":[{"tweenEasing":0,"duration":7},{"tweenEasing":0,"duration":7},{"duration":6}],"scaleFrame":[{"tweenEasing":0,"y":0.5,"duration":7,"x":0.5},{"tweenEasing":0,"y":1.5,"duration":7,"x":1.5},{"y":0.5,"duration":6,"x":0.5}],"name":"xxx3","translateFrame":[{"tweenEasing":0,"duration":7},{"tweenEasing":0,"duration":7},{"duration":6}]},{"rotateFrame":[{"tweenEasing":0,"duration":7},{"tweenEasing":0,"duration":7},{"duration":6}],"scaleFrame":[{"tweenEasing":0,"y":0.5,"duration":7,"x":0.5},{"tweenEasing":0,"y":1.5,"duration":7,"x":1.5},{"y":0.5,"duration":6,"x":0.5}],"name":"xxx4","translateFrame":[{"tweenEasing":0,"duration":7},{"tweenEasing":0,"duration":7},{"duration":6}]},{"rotateFrame":[{"tweenEasing":0,"duration":7},{"tweenEasing":0,"duration":7},{"duration":6}],"scaleFrame":[{"tweenEasing":0,"y":0.5,"duration":7,"x":0.5},{"tweenEasing":0,"y":1.5,"duration":7,"x":1.5},{"y":0.5,"duration":6,"x":0.5}],"name":"xxx5","translateFrame":[{"tweenEasing":0,"duration":7},{"tweenEasing":0,"duration":7},{"duration":6}]},{"rotateFrame":[{"tweenEasing":0,"duration":7},{"tweenEasing":0,"duration":7},{"duration":6}],"scaleFrame":[{"tweenEasing":0,"y":0.5,"duration":7,"x":0.5},{"tweenEasing":0,"y":1.5,"duration":7,"x":1.5},{"y":0.5,"duration":6,"x":0.5}],"name":"xxx6","translateFrame":[{"tweenEasing":0,"duration":7},{"tweenEasing":0,"duration":7},{"duration":6}]},{"rotateFrame":[{"tweenEasing":0,"duration":7},{"tweenEasing":0,"duration":7},{"duration":6}],"scaleFrame":[{"tweenEasing":0,"y":0.5,"duration":7,"x":0.5},{"tweenEasing":0,"y":1.5,"duration":7,"x":1.5},{"y":0.5,"duration":6,"x":0.5}],"name":"xxx7","translateFrame":[{"tweenEasing":0,"duration":7},{"tweenEasing":0,"duration":7},{"duration":6}]},{"rotateFrame":[{"tweenEasing":0,"duration":7},{"tweenEasing":0,"duration":7},{"duration":6}],"scaleFrame":[{"tweenEasing":0,"y":0.5,"duration":7,"x":0.5},{"tweenEasing":0,"y":1.5,"duration":7,"x":1.5},{"y":0.5,"duration":6,"x":0.5}],"name":"xxx8","translateFrame":[{"tweenEasing":0,"duration":7},{"tweenEasing":0,"duration":7},{"duration":6}]},{"rotateFrame":[{"tweenEasing":0,"duration":7},{"tweenEasing":0,"duration":7},{"duration":6}],"scaleFrame":[{"tweenEasing":0,"y":0.5,"duration":7,"x":0.5},{"tweenEasing":0,"y":1.5,"duration":7,"x":1.5},{"y":0.5,"duration":6,"x":0.5}],"name":"xxx9","translateFrame":[{"tweenEasing":0,"duration":7},{"tweenEasing":0,"duration":7},{"duration":6}]},{"rotateFrame":[{"tweenEasing":0,"duration":7},{"tweenEasing":0,"duration":7},{"duration":6}],"scaleFrame":[{"tweenEasing":0,"y":0.5,"duration":7,"x":0.5},{"tweenEasing":0,"y":1.5,"duration":7,"x":1.5},{"y":0.5,"duration":6,"x":0.5}],"name":"xxx10","translateFrame":[{"tweenEasing":0,"duration":7},{"tweenEasing":0,"duration":7},{"duration":6}]}],"slot":[{"colorFrame":[{"duration":14},{"duration":6}],"displayFrame":[{"duration":14},{"value":-1,"duration":6}],"name":"gift"},{"colorFrame":[{"duration":14},{"duration":6}],"displayFrame":[{"duration":14},{"value":-1,"duration":6}],"name":"gift1"},{"colorFrame":[{"duration":14},{"duration":6}],"displayFrame":[{"duration":14},{"value":-1,"duration":6}],"name":"gift2"},{"colorFrame":[{"duration":14},{"duration":6}],"displayFrame":[{"duration":14},{"value":-1,"duration":6}],"name":"gift3"},{"colorFrame":[{"duration":14},{"duration":6}],"displayFrame":[{"duration":14},{"value":-1,"duration":6}],"name":"gift4"},{"colorFrame":[{"duration":14},{"duration":6}],"displayFrame":[{"duration":14},{"value":-1,"duration":6}],"name":"gift5"},{"colorFrame":[{"duration":14},{"duration":6}],"displayFrame":[{"duration":14},{"value":-1,"duration":6}],"name":"gift6"},{"colorFrame":[{"duration":14},{"duration":6}],"displayFrame":[{"duration":14},{"value":-1,"duration":6}],"name":"gift7"},{"colorFrame":[{"duration":14},{"duration":6}],"displayFrame":[{"duration":14},{"value":-1,"duration":6}],"name":"gift8"},{"colorFrame":[{"duration":14},{"duration":6}],"displayFrame":[{"duration":14},{"value":-1,"duration":6}],"name":"gift9"},{"colorFrame":[{"duration":14},{"duration":6}],"displayFrame":[{"duration":14},{"value":-1,"duration":6}],"name":"gift10"},{"colorFrame":[],"displayFrame":[],"name":"gm3"},{"colorFrame":[],"displayFrame":[],"name":"gm2"},{"colorFrame":[],"displayFrame":[],"name":"gm1"}],"ffd":[],"name":"1","playTimes":0},{"ik":[],"frame":[],"duration":41,"bone":[{"rotateFrame":[{"duration":41}],"scaleFrame":[{"duration":41}],"name":"root","translateFrame":[{"duration":41}]},{"rotateFrame":[{"duration":41}],"scaleFrame":[{"duration":41}],"name":"bone","translateFrame":[{"duration":41}]},{"rotateFrame":[{"tweenEasing":0,"duration":20},{"duration":21}],"scaleFrame":[{"tweenEasing":0,"y":0.4552,"duration":20,"x":0.4552},{"duration":21}],"name":"bone12","translateFrame":[{"tweenEasing":0,"duration":20},{"duration":21}]},{"rotateFrame":[{"tweenEasing":0,"duration":10},{"tweenEasing":0,"duration":4},{"curve":[0,0,0.5,1],"duration":24},{"duration":3}],"scaleFrame":[{"tweenEasing":0,"y":1.3213,"duration":10,"x":1.3213},{"tweenEasing":0,"y":1.4905,"duration":4,"x":1.4905},{"y":1.3213,"duration":24,"curve":[0,0,0.5,1],"x":1.3213},{"y":2.4792,"duration":3,"x":2.4792}],"name":"gm3","translateFrame":[{"tweenEasing":0,"duration":10},{"tweenEasing":0,"duration":4},{"duration":24,"curve":[0,0,0.5,1]},{"duration":3}]},{"rotateFrame":[{"tweenEasing":0,"duration":5},{"tweenEasing":0,"duration":5,"rotate":-44.4478},{"tweenEasing":0,"duration":10},{"duration":21}],"scaleFrame":[{"tweenEasing":0,"y":1.5883,"duration":5,"x":1.5883},{"tweenEasing":0,"y":1.5397,"duration":5,"x":1.5397},{"tweenEasing":0,"y":1.5883,"duration":10,"x":1.5883},{"y":2.4283,"duration":21,"x":2.4283}],"name":"gm2","translateFrame":[{"tweenEasing":0,"duration":5},{"tweenEasing":0,"duration":5},{"tweenEasing":0,"duration":10},{"duration":21}]},{"rotateFrame":[{"tweenEasing":0,"duration":5},{"tweenEasing":0,"duration":5,"rotate":-0.5133},{"tweenEasing":0,"duration":5},{"tweenEasing":0,"duration":5,"rotate":-0.5133},{"duration":21}],"scaleFrame":[{"tweenEasing":0,"y":1.9211,"duration":5,"x":1.9211},{"tweenEasing":0,"y":1.7246,"duration":5,"x":1.7246},{"tweenEasing":0,"y":1.9211,"duration":5,"x":1.9211},{"tweenEasing":0,"y":3.7477,"duration":5,"x":3.7477},{"y":1.5282,"duration":21,"x":1.5282}],"name":"gm1","translateFrame":[{"tweenEasing":0,"y":1.2787,"duration":5},{"tweenEasing":0,"y":-0.6543,"duration":5},{"tweenEasing":0,"y":1.2787,"duration":5},{"tweenEasing":0,"y":-0.6543,"duration":5},{"y":1.2787,"duration":21}]},{"rotateFrame":[{"duration":14},{"clockwise":3,"curve":[0,0,0.5,1],"duration":16},{"duration":11}],"scaleFrame":[{"duration":14},{"duration":16,"curve":[0,0,0.5,1]},{"duration":11}],"name":"xxx","translateFrame":[{"duration":14},{"y":222.8782,"duration":16,"curve":[0,0,0.5,1],"x":153.3883},{"y":-35.2639,"duration":11,"x":-82.0271}]},{"rotateFrame":[{"duration":12},{"clockwise":3,"curve":[0,0,0.5,1],"duration":16},{"duration":13}],"scaleFrame":[{"duration":12},{"duration":16,"curve":[0,0,0.5,1]},{"duration":13}],"name":"xxx1","translateFrame":[{"duration":12},{"y":222.8782,"duration":16,"curve":[0,0,0.5,1],"x":153.3883},{"y":-35.2639,"duration":13,"x":413.1961}]},{"rotateFrame":[{"duration":13},{"clockwise":3,"curve":[0,0,0.5,1],"duration":16},{"duration":12}],"scaleFrame":[{"duration":13},{"duration":16,"curve":[0,0,0.5,1]},{"duration":12}],"name":"xxx2","translateFrame":[{"duration":13},{"y":222.8782,"duration":16,"curve":[0,0,0.5,1],"x":153.3883},{"y":559.39,"duration":12,"x":-82.0271}]},{"rotateFrame":[{"duration":15},{"clockwise":3,"curve":[0,0,0.5,1],"duration":16},{"duration":10}],"scaleFrame":[{"duration":15},{"duration":16,"curve":[0,0,0.5,1]},{"duration":10}],"name":"xxx3","translateFrame":[{"duration":15},{"y":222.8782,"duration":16,"curve":[0,0,0.5,1],"x":153.3883},{"y":511.4445,"duration":10,"x":457.2803}]},{"rotateFrame":[{"duration":17},{"clockwise":3,"curve":[0,0,0.5,1],"duration":16},{"duration":8}],"scaleFrame":[{"duration":17},{"duration":16,"curve":[0,0,0.5,1]},{"duration":8}],"name":"xxx4","translateFrame":[{"duration":17},{"y":222.8782,"duration":16,"curve":[0,0,0.5,1],"x":153.3883},{"y":248.2264,"duration":8,"x":-307.2748}]},{"rotateFrame":[{"duration":20},{"clockwise":3,"curve":[0,0,0.5,1],"duration":16},{"duration":5}],"scaleFrame":[{"duration":20},{"duration":16,"curve":[0,0,0.5,1]},{"duration":5}],"name":"xxx5","translateFrame":[{"duration":20},{"y":222.8782,"duration":16,"curve":[0,0,0.5,1],"x":153.3883},{"y":96.8278,"duration":5,"x":498.7902}]},{"rotateFrame":[{"duration":16},{"clockwise":3,"curve":[0,0,0.5,1],"duration":16},{"duration":9}],"scaleFrame":[{"duration":16},{"duration":16,"curve":[0,0,0.5,1]},{"duration":9}],"name":"xxx6","translateFrame":[{"duration":16},{"y":222.8782,"duration":16,"curve":[0,0,0.5,1],"x":153.3883},{"y":385.7884,"duration":9,"x":525.1763}]},{"rotateFrame":[{"duration":11},{"clockwise":3,"curve":[0,0,0.5,1],"duration":16},{"duration":14}],"scaleFrame":[{"duration":11},{"duration":16,"curve":[0,0,0.5,1]},{"duration":14}],"name":"xxx7","translateFrame":[{"duration":11},{"y":222.8782,"duration":16,"curve":[0,0,0.5,1],"x":153.3883},{"y":-170.2516,"duration":14,"x":177.6513}]},{"rotateFrame":[{"duration":19},{"clockwise":3,"curve":[0,0,0.5,1],"duration":16},{"duration":6}],"scaleFrame":[{"duration":19},{"duration":16,"curve":[0,0,0.5,1]},{"duration":6}],"name":"xxx8","translateFrame":[{"duration":19},{"y":222.8782,"duration":16,"curve":[0,0,0.5,1],"x":153.3883},{"y":396.729,"duration":6,"x":-182.9059}]},{"rotateFrame":[{"duration":14},{"clockwise":3,"curve":[0,0,0.5,1],"duration":16},{"duration":11}],"scaleFrame":[{"duration":14},{"duration":16,"curve":[0,0,0.5,1]},{"duration":11}],"name":"xxx9","translateFrame":[{"duration":14},{"y":222.8782,"duration":16,"curve":[0,0,0.5,1],"x":153.3883},{"y":663.4867,"duration":11,"x":233.9633}]},{"rotateFrame":[{"duration":14},{"clockwise":3,"curve":[0,0,0.5,1],"duration":16},{"duration":11}],"scaleFrame":[{"duration":14},{"duration":16,"curve":[0,0,0.5,1]},{"duration":11}],"name":"xxx10","translateFrame":[{"duration":14},{"y":222.8782,"duration":16,"curve":[0,0,0.5,1],"x":153.3883},{"y":-60.8456,"duration":11,"x":-281.854}]}],"slot":[{"colorFrame":[{"duration":18},{"curve":[0.5,0,1,1],"duration":22},{"duration":1,"color":{"aM":0}}],"displayFrame":[{"duration":18},{"duration":22},{"duration":1}],"name":"gm3"},{"colorFrame":[{"duration":10},{"tweenEasing":0,"duration":10},{"duration":21,"color":{"aM":0}}],"displayFrame":[{"duration":10},{"duration":10},{"duration":21}],"name":"gm2"},{"colorFrame":[{"duration":15},{"tweenEasing":0,"duration":6},{"duration":20,"color":{"aM":0}}],"displayFrame":[{"duration":15},{"duration":6},{"duration":20}],"name":"gm1"},{"colorFrame":[{"duration":14},{"duration":11},{"curve":[0,0,0.5,1],"duration":10},{"duration":6,"color":{"aM":0}}],"displayFrame":[{"value":-1,"duration":14},{"duration":11},{"duration":10},{"duration":6}],"name":"gift"},{"colorFrame":[{"duration":12},{"duration":11},{"curve":[0,0,0.5,1],"duration":10},{"duration":8,"color":{"aM":0}}],"displayFrame":[{"value":-1,"duration":12},{"duration":11},{"duration":10},{"duration":8}],"name":"gift1"},{"colorFrame":[{"duration":13},{"duration":11},{"curve":[0,0,0.5,1],"duration":10},{"duration":7,"color":{"aM":0}}],"displayFrame":[{"value":-1,"duration":13},{"duration":11},{"duration":10},{"duration":7}],"name":"gift2"},{"colorFrame":[{"duration":15},{"duration":11},{"curve":[0,0,0.5,1],"duration":10},{"duration":5,"color":{"aM":0}}],"displayFrame":[{"value":-1,"duration":15},{"duration":11},{"duration":10},{"duration":5}],"name":"gift3"},{"colorFrame":[{"duration":17},{"duration":11},{"curve":[0,0,0.5,1],"duration":10},{"duration":3,"color":{"aM":0}}],"displayFrame":[{"value":-1,"duration":17},{"duration":11},{"duration":10},{"duration":3}],"name":"gift4"},{"colorFrame":[{"duration":20},{"duration":11},{"curve":[0,0,0.5,1],"duration":10},{"duration":0,"color":{"aM":0}}],"displayFrame":[{"value":-1,"duration":20},{"duration":11},{"duration":10},{"duration":0}],"name":"gift5"},{"colorFrame":[{"duration":16},{"duration":11},{"curve":[0,0,0.5,1],"duration":10},{"duration":4,"color":{"aM":0}}],"displayFrame":[{"value":-1,"duration":16},{"duration":11},{"duration":10},{"duration":4}],"name":"gift6"},{"colorFrame":[{"duration":11},{"duration":11},{"curve":[0,0,0.5,1],"duration":10},{"duration":9,"color":{"aM":0}}],"displayFrame":[{"value":-1,"duration":11},{"duration":11},{"duration":10},{"duration":9}],"name":"gift7"},{"colorFrame":[{"duration":19},{"duration":11},{"curve":[0,0,0.5,1],"duration":10},{"duration":1,"color":{"aM":0}}],"displayFrame":[{"value":-1,"duration":19},{"duration":11},{"duration":10},{"duration":1}],"name":"gift8"},{"colorFrame":[{"duration":14},{"duration":11},{"curve":[0,0,0.5,1],"duration":10},{"duration":6,"color":{"aM":0}}],"displayFrame":[{"value":-1,"duration":14},{"duration":11},{"duration":10},{"duration":6}],"name":"gift9"},{"colorFrame":[{"duration":14},{"duration":11},{"curve":[0,0,0.5,1],"duration":10},{"duration":6,"color":{"aM":0}}],"displayFrame":[{"value":-1,"duration":14},{"duration":11},{"duration":10},{"duration":6}],"name":"gift10"}],"ffd":[],"name":"2","playTimes":0}],"type":"Armature","frameRate":60,"bone":[{"name":"root","transform":{}},{"transform":{},"name":"bone","parent":"root"},{"transform":{"y":-0.2658,"skX":-30.785,"skY":-30.785,"x":0.8043},"name":"bone12","parent":"bone"},{"transform":{"scY":1.3828,"y":-233.669,"scX":1.3828,"x":-159.0912},"name":"xxx1","parent":"bone"},{"transform":{"scY":1.3828,"y":-233.669,"scX":1.3828,"x":-159.0912},"name":"xxx","parent":"bone"},{"transform":{"scY":1.3828,"y":-233.669,"scX":1.3828,"x":-159.0912},"name":"xxx2","parent":"bone"},{"transform":{"scY":1.3828,"y":-233.669,"scX":1.3828,"x":-159.0912},"name":"xxx3","parent":"bone"},{"transform":{"scY":1.3828,"y":-233.669,"scX":1.3828,"x":-159.0912},"name":"xxx4","parent":"bone"},{"transform":{"scY":1.3828,"y":-233.669,"scX":1.3828,"x":-159.0912},"name":"xxx5","parent":"bone"},{"transform":{"scY":1.3828,"y":-233.669,"scX":1.3828,"x":-159.0912},"name":"xxx6","parent":"bone"},{"transform":{"scY":1.3828,"y":-233.669,"scX":1.3828,"x":-159.0912},"name":"xxx7","parent":"bone"},{"transform":{"scY":1.3828,"y":-233.669,"scX":1.3828,"x":-159.0912},"name":"xxx8","parent":"bone"},{"transform":{"scY":1.3828,"y":-233.669,"scX":1.3828,"x":-159.0912},"name":"xxx9","parent":"bone"},{"transform":{"scY":1.3828,"y":-233.669,"scX":1.3828,"x":-159.0912},"name":"xxx10","parent":"bone"},{"transform":{"y":0.2127,"x":-0.0151},"name":"gm3","parent":"bone12"},{"transform":{"y":-1.4873,"x":-0.0151},"name":"gm1","parent":"bone12"},{"transform":{"y":0.7627,"x":-0.0151},"name":"gm2","parent":"bone12"}],"aabb":{"width":275,"y":-140.03472634356032,"height":278,"x":-136.3686697748236},"slot":[{"name":"gm3","parent":"gm3","color":{}},{"z":1,"name":"gm2","parent":"gm2","color":{}},{"z":2,"name":"gm1","parent":"gm1","color":{}},{"displayIndex":-1,"z":3,"name":"gift","parent":"xxx","color":{}},{"displayIndex":-1,"z":4,"name":"gift1","parent":"xxx1","color":{}},{"displayIndex":-1,"z":5,"name":"gift2","parent":"xxx2","color":{}},{"displayIndex":-1,"z":6,"name":"gift3","parent":"xxx3","color":{}},{"displayIndex":-1,"z":7,"name":"gift4","parent":"xxx4","color":{}},{"displayIndex":-1,"z":8,"name":"gift5","parent":"xxx5","color":{}},{"displayIndex":-1,"z":9,"name":"gift6","parent":"xxx6","color":{}},{"displayIndex":-1,"z":10,"name":"gift7","parent":"xxx7","color":{}},{"displayIndex":-1,"z":11,"name":"gift8","parent":"xxx8","color":{}},{"displayIndex":-1,"z":12,"name":"gift9","parent":"xxx9","color":{}},{"displayIndex":-1,"z":13,"name":"gift10","parent":"xxx10","color":{}}],"name":"mofa","ik":[]}]}