{"frameRate":60,"isGlobal":0,"name":"xiaohai3","version":"5.0","armature":[{"skin":[{"name":"","slot":[{"display":[{"path":"caodui","type":"image","name":"caodui","transform":{"y":2.3212,"skY":93.0802,"skX":93.0802,"x":17.6698}}],"name":"caodui"},{"display":[{"path":"bbt2","type":"image","name":"bbt2","transform":{"y":-0.0984,"skY":90,"skX":90,"scY":0.4,"scX":0.4,"x":10.0909}}],"name":"bbt2"},{"display":[{"path":"ys","type":"image","name":"ys","transform":{"y":-6.9366,"skY":-102.5849,"skX":-102.5849,"scX":-1,"x":7.7122}}],"name":"ys"},{"display":[{"path":"yj","type":"image","name":"yj","transform":{"y":1.1209,"skY":-91.3278,"skX":-91.3278,"x":10.1371}}],"name":"yj"},{"display":[{"path":"zs","type":"image","name":"zs","transform":{"y":4.7458,"skY":-38.7434,"skX":-38.7434,"x":11.6063}}],"name":"zs"},{"display":[{"path":"st","type":"image","name":"st","transform":{"y":1.5655,"skY":86.9872,"skX":86.9872,"x":1.5019}}],"name":"st"},{"display":[{"path":"tou","type":"image","name":"tou","transform":{"y":5.5908,"skY":93.9725,"skX":93.9725,"x":11.1813}}],"name":"tou"},{"display":[{"path":"zj","type":"image","name":"zj","transform":{"y":0.8246,"skY":-87.6368,"skX":-87.6368,"x":9.0181}}],"name":"zj"},{"display":[{"path":"kl1","type":"image","name":"kl1","transform":{"y":0.9799,"skY":90,"skX":90,"scY":0.45,"scX":0.45,"x":9.0386}}],"name":"kl1"}]}],"animation":[{"frame":[],"duration":60,"bone":[{"frame":[{"duration":60,"transform":{}}],"name":"root"},{"frame":[{"duration":60,"transform":{}}],"name":"bone"},{"frame":[{"tweenEasing":0,"duration":30,"transform":{}},{"tweenEasing":0,"duration":30,"transform":{"y":-1.98}},{"duration":0,"transform":{}}],"name":"st"},{"frame":[{"tweenEasing":0,"duration":30,"transform":{}},{"tweenEasing":0,"duration":30,"transform":{"skY":-32.817,"skX":-32.817}},{"duration":0,"transform":{}}],"name":"ys"},{"frame":[{"tweenEasing":0,"duration":30,"transform":{}},{"tweenEasing":0,"duration":30,"transform":{"skY":31.9071,"skX":31.9071}},{"duration":0,"transform":{}}],"name":"zs"},{"frame":[{"tweenEasing":0,"duration":30,"transform":{"skY":8.124,"skX":8.124}},{"tweenEasing":0,"duration":30,"transform":{"skY":-8.9158,"skX":-8.9158}},{"duration":0,"transform":{"skY":8.124,"skX":8.124}}],"name":"tou"},{"frame":[{"tweenEasing":0,"duration":30,"transform":{}},{"tweenEasing":0,"duration":30,"transform":{"y":0.1041,"x":-1.9773}},{"duration":0,"transform":{}}],"name":"yj"},{"frame":[{"tweenEasing":0,"duration":30,"transform":{}},{"tweenEasing":0,"duration":30,"transform":{"y":0.1041,"x":-1.9773}},{"duration":0,"transform":{}}],"name":"zj"},{"frame":[{"duration":60,"transform":{}}],"name":"caodui"},{"frame":[{"duration":60,"transform":{}}],"name":"bbt2"}],"slot":[],"ffd":[],"ik":[],"name":"1","playTimes":0},{"frame":[],"duration":46,"bone":[{"frame":[{"duration":46,"transform":{}}],"name":"root"},{"frame":[{"duration":46,"transform":{}}],"name":"bone"},{"frame":[{"tweenEasing":0,"duration":8,"transform":{}},{"tweenEasing":0,"duration":38,"transform":{"y":-1.98}},{"duration":0,"transform":{}}],"name":"st"},{"frame":[{"tweenEasing":0,"duration":11,"transform":{}},{"tweenEasing":0,"duration":35,"transform":{"skY":111.2848,"skX":111.2848}},{"duration":0,"transform":{}}],"name":"ys"},{"frame":[{"tweenEasing":0,"duration":8,"transform":{}},{"tweenEasing":0,"duration":38,"transform":{"skY":31.9071,"skX":31.9071}},{"duration":0,"transform":{}}],"name":"zs"},{"frame":[{"tweenEasing":0,"duration":11,"transform":{"skY":8.124,"skX":8.124}},{"tweenEasing":0,"duration":35,"transform":{"skY":13.3964,"skX":13.3964}},{"duration":0,"transform":{"skY":8.124,"skX":8.124}}],"name":"tou"},{"frame":[{"tweenEasing":0,"duration":8,"transform":{}},{"tweenEasing":0,"duration":38,"transform":{"y":0.1041,"x":-1.9773}},{"duration":0,"transform":{}}],"name":"yj"},{"frame":[{"tweenEasing":0,"duration":8,"transform":{}},{"tweenEasing":0,"duration":38,"transform":{"y":0.1041,"x":-1.9773}},{"duration":0,"transform":{}}],"name":"zj"},{"frame":[{"duration":46,"transform":{}}],"name":"caodui"},{"frame":[{"tweenEasing":0,"duration":8,"transform":{}},{"tweenEasing":0,"duration":7,"transform":{"skY":-61.7748,"skX":-61.7748}},{"tweenEasing":0,"duration":24,"transform":{"skY":-61.7748,"skX":-61.7748}},{"duration":7,"transform":{"y":-7.8254,"skY":104.348,"skX":104.348,"x":54.2259}}],"name":"bbt2"}],"slot":[{"frame":[{"tweenEasing":null,"duration":39},{"tweenEasing":null,"duration":7,"color":{"aM":0}}],"name":"kl1"}],"ffd":[],"ik":[],"name":"2","playTimes":0},{"frame":[],"duration":60,"bone":[{"frame":[{"duration":60,"transform":{}}],"name":"root"},{"frame":[{"duration":60,"transform":{}}],"name":"bone"},{"frame":[{"tweenEasing":0,"duration":30,"transform":{}},{"tweenEasing":0,"duration":30,"transform":{"y":-1.98}},{"duration":0,"transform":{}}],"name":"st"},{"frame":[{"tweenEasing":0,"duration":30,"transform":{"skY":80.1998,"skX":80.1998}},{"tweenEasing":0,"duration":30,"transform":{"skY":71.2839,"skX":71.2839}},{"duration":0,"transform":{}}],"name":"ys"},{"frame":[{"tweenEasing":0,"duration":30,"transform":{"skY":-5.8189,"skX":-5.8189}},{"tweenEasing":0,"duration":30,"transform":{"skY":31.9071,"skX":31.9071}},{"duration":0,"transform":{}}],"name":"zs"},{"frame":[{"tweenEasing":0,"duration":30,"transform":{"skY":8.124,"skX":8.124}},{"tweenEasing":0,"duration":30,"transform":{"skY":-8.9158,"skX":-8.9158}},{"duration":0,"transform":{"skY":8.124,"skX":8.124}}],"name":"tou"},{"frame":[{"tweenEasing":0,"duration":30,"transform":{}},{"tweenEasing":0,"duration":30,"transform":{"y":0.1041,"x":-1.9773}},{"duration":0,"transform":{}}],"name":"yj"},{"frame":[{"tweenEasing":0,"duration":30,"transform":{}},{"tweenEasing":0,"duration":30,"transform":{"y":0.1041,"x":-1.9773}},{"duration":0,"transform":{}}],"name":"zj"},{"frame":[{"duration":17,"transform":{}},{"tweenEasing":0,"duration":6,"transform":{"y":35.9416,"scY":0.3705,"scX":0.3705,"x":-6.484}},{"tweenEasing":0,"duration":6,"transform":{"y":35.9416,"scY":0.9331,"scX":0.9331,"x":-2.2921}},{"tweenEasing":0,"duration":31,"transform":{"y":35.9416,"scY":0.9331,"scX":0.9331,"x":-2.2921}},{"duration":0,"transform":{"y":99.3314,"scY":1.4296,"scX":1.4296,"x":-2.2921}}],"name":"caodui"},{"frame":[{"duration":60,"transform":{}}],"name":"bbt2"}],"slot":[{"frame":[{"tweenEasing":null,"displayIndex":-1,"duration":17},{"tweenEasing":null,"duration":43}],"name":"caodui"},{"frame":[{"tweenEasing":null,"duration":60}],"name":"bbt2"}],"ffd":[],"ik":[],"name":"3","playTimes":0}],"type":"Armature","name":"xiaohai3","bone":[{"name":"root","transform":{}},{"transform":{},"name":"bone","parent":"root"},{"length":12,"transform":{"y":-38.8336,"skY":-86.9872,"skX":-86.9872,"x":-2.6425},"parent":"bone","name":"st"},{"length":22,"transform":{"y":-126.8641,"skY":-93.0802,"skX":-93.0802,"x":2.2921},"parent":"bone","name":"caodui"},{"length":15,"transform":{"y":-4.3571,"skY":178.315,"skX":178.315,"x":-13.2974},"parent":"st","name":"yj"},{"length":14,"transform":{"y":-0.4231,"skY":-6.9853,"skX":-6.9853,"x":20.406},"parent":"st","name":"tou"},{"length":10,"transform":{"y":-6.9535,"skY":-131.4536,"skX":-131.4536,"x":10.3488},"parent":"st","name":"ys"},{"length":15,"transform":{"y":12.4407,"skY":174.624,"skX":174.624,"x":-13.7652},"parent":"st","name":"zj"},{"length":10,"transform":{"y":6.3412,"skY":125.7306,"skX":125.7306,"x":12.7008},"parent":"st","name":"zs"},{"length":11,"transform":{"y":-7.8485,"skY":128.4408,"skX":128.4408,"x":17.0277},"parent":"ys","name":"bbt2"}],"aabb":{"width":51,"y":-98.77539731132218,"height":99.38621504520044,"x":-22.68974495274782},"slot":[{"name":"zj","parent":"zj","color":{}},{"z":1,"name":"ys","parent":"ys","color":{}},{"z":2,"name":"yj","parent":"yj","color":{}},{"z":3,"name":"st","parent":"st","color":{}},{"z":4,"name":"zs","parent":"zs","color":{}},{"z":5,"name":"tou","parent":"tou","color":{}},{"displayIndex":-1,"z":6,"name":"kl1","parent":"bbt2","color":{}},{"displayIndex":-1,"z":7,"name":"bbt2","parent":"bbt2","color":{}},{"displayIndex":-1,"z":8,"name":"caodui","parent":"caodui","color":{}}],"ik":[],"frameRate":60,"defaultActions":[{"gotoAndPlay":"1"}]}]}