{"width":256,"imagePath":"xiaohai3_tex.png","SubTexture":[{"width":13,"y":33,"height":32,"name":"zj","x":240},{"width":12,"y":98,"height":27,"name":"ys","x":124},{"width":15,"y":1,"height":30,"name":"yj","x":240},{"width":34,"y":1,"height":33,"name":"st","x":204},{"width":12,"y":98,"height":27,"name":"zs","x":110},{"width":51,"y":98,"height":56,"name":"tou","x":57},{"width":54,"y":98,"height":90,"name":"kl1","x":1},{"width":61,"y":1,"height":106,"name":"bbt2","x":141},{"width":138,"y":1,"height":95,"name":"caodui","x":1}],"height":256,"name":"xiaohai3"}