{"frameRate":60,"isGlobal":0,"name":"yy","version":"5.0","armature":[{"skin":[{"name":"","slot":[{"display":[{"path":"5","type":"image","name":"5","transform":{"skY":93.6766,"y":-0.6031,"skX":93.6766,"x":5.3926}}],"name":"5"},{"display":[{"path":"6","type":"image","name":"6","transform":{"skY":91.3923,"y":-0.3752,"skX":91.3923,"x":4.0283}}],"name":"6"},{"display":[{"path":"1","type":"image","name":"1","transform":{"skY":90,"y":-0.8038,"skX":90,"x":10.2752}}],"name":"1"},{"display":[{"path":"aaa0001","type":"image","name":"aaa0001","transform":{"skY":88.8673,"y":-7.3857,"skX":88.8673,"x":111.9356}},{"path":"aaa0003","type":"image","name":"aaa0003","transform":{"skY":88.8673,"y":-7.3857,"skX":88.8673,"x":111.9356}},{"path":"aaa0005","type":"image","name":"aaa0005","transform":{"skY":88.8673,"y":-7.3857,"skX":88.8673,"x":111.9356}},{"path":"aaa0007","type":"image","name":"aaa0007","transform":{"skY":88.8673,"y":-7.3857,"skX":88.8673,"x":111.9356}}],"name":"aaa0001"},{"display":[{"path":"2","type":"image","name":"2","transform":{"skY":90,"y":-1.15,"skX":90,"x":4.85}}],"name":"2"},{"display":[{"path":"3","type":"image","name":"3","transform":{"skY":94.7738,"y":3.6188,"skX":94.7738,"x":12.0908}}],"name":"3"},{"display":[{"path":"4","type":"image","name":"4","transform":{"skY":84.3076,"y":-4.8414,"skX":84.3076,"x":7.0688}}],"name":"4"}]}],"animation":[{"frame":[],"duration":240,"bone":[{"frame":[{"duration":240,"transform":{}}],"name":"root"},{"frame":[{"duration":240,"transform":{}}],"name":"bone"},{"frame":[{"tweenEasing":0,"duration":20,"transform":{"y":13.5499,"x":39.871}},{"tweenEasing":0,"duration":20,"transform":{"y":-15.4033,"x":68.9937}},{"tweenEasing":0,"duration":20,"transform":{"y":-20.7953,"x":98.1164}},{"tweenEasing":0,"duration":20,"transform":{"y":-49.5094,"x":127.239}},{"tweenEasing":0,"duration":20,"transform":{"y":-46.928,"x":156.3617}},{"tweenEasing":0,"duration":20,"transform":{"y":-74.2467,"x":185.4844}},{"duration":120,"transform":{"y":-81.2334,"x":214.6071}}],"name":"1"},{"frame":[{"duration":40,"transform":{}},{"tweenEasing":0,"duration":20,"transform":{"y":22.9725,"x":8.1377}},{"tweenEasing":0,"duration":20,"transform":{"y":-5.9807,"x":37.2604}},{"tweenEasing":0,"duration":20,"transform":{"y":-11.3727,"x":66.3831}},{"tweenEasing":0,"duration":20,"transform":{"y":-40.0867,"x":95.5058}},{"tweenEasing":0,"duration":20,"transform":{"y":-37.5054,"x":124.6285}},{"tweenEasing":0,"duration":20,"transform":{"y":-64.8241,"x":153.7512}},{"duration":80,"transform":{"y":-71.8107,"x":182.8738}}],"name":"5"},{"frame":[{"duration":80,"transform":{}},{"tweenEasing":0,"duration":20,"transform":{"y":32.7067,"x":-22.2912}},{"tweenEasing":0,"duration":20,"transform":{"y":3.7534,"x":6.8315}},{"tweenEasing":0,"duration":20,"transform":{"y":-1.6386,"x":35.9542}},{"tweenEasing":0,"duration":20,"transform":{"y":-30.3526,"x":65.0769}},{"tweenEasing":0,"duration":20,"transform":{"y":-27.7712,"x":94.1996}},{"tweenEasing":0,"duration":20,"transform":{"y":-55.0899,"x":123.3223}},{"duration":40,"transform":{"y":-62.0766,"x":152.4449}}],"name":"4"},{"frame":[{"duration":240,"transform":{}}],"name":"3"},{"frame":[{"duration":240,"transform":{}}],"name":"2"},{"frame":[{"duration":120,"transform":{}},{"tweenEasing":0,"duration":20,"transform":{"skY":6.527,"y":12.849,"skX":6.527,"x":-91.1114}},{"tweenEasing":0,"duration":20,"transform":{"skY":6.527,"y":-16.1042,"skX":6.527,"x":-61.9888}},{"tweenEasing":0,"duration":20,"transform":{"skY":6.527,"y":-21.4962,"skX":6.527,"x":-32.8661}},{"tweenEasing":0,"duration":20,"transform":{"skY":6.527,"y":-50.2102,"skX":6.527,"x":-3.7434}},{"tweenEasing":0,"duration":20,"transform":{"skY":6.527,"y":-47.6289,"skX":6.527,"x":25.3793}},{"tweenEasing":0,"duration":20,"transform":{"skY":6.527,"y":-74.9476,"skX":6.527,"x":54.502}},{"duration":0,"transform":{"skY":6.527,"y":-81.9342,"skX":6.527,"x":83.6247}}],"name":"6"},{"frame":[{"duration":240,"transform":{}}],"name":"aaa0001"}],"slot":[{"frame":[{"tweenEasing":null,"displayIndex":-1,"duration":120},{"tweenEasing":null,"duration":120},{"tweenEasing":null,"displayIndex":-1,"duration":0}],"name":"6"},{"frame":[{"tweenEasing":null,"displayIndex":-1,"duration":40},{"tweenEasing":null,"duration":120},{"tweenEasing":null,"displayIndex":-1,"duration":80}],"name":"5"},{"frame":[{"tweenEasing":null,"displayIndex":-1,"duration":80},{"tweenEasing":null,"duration":120},{"tweenEasing":null,"displayIndex":-1,"duration":40}],"name":"4"},{"frame":[{"tweenEasing":null,"duration":120},{"tweenEasing":null,"displayIndex":-1,"duration":120}],"name":"1"}],"ffd":[],"ik":[],"name":"1","playTimes":0},{"frame":[],"duration":81,"bone":[{"frame":[{"duration":81,"transform":{}}],"name":"root"},{"frame":[{"duration":81,"transform":{}}],"name":"bone"},{"frame":[{"duration":81,"transform":{}}],"name":"1"},{"frame":[{"tweenEasing":0,"duration":60,"transform":{}},{"duration":21,"transform":{}}],"name":"5"},{"frame":[{"duration":4,"transform":{}},{"tweenEasing":0,"duration":12,"transform":{"y":33.9629,"x":-23.4805}},{"tweenEasing":0,"duration":2,"transform":{"skY":-30.906,"y":4.2726,"skX":-30.906,"x":4.4865}},{"tweenEasing":0,"duration":2,"transform":{"skY":-36.057,"y":-0.6758,"scX":1.5,"scY":1.5,"skX":-36.057,"x":9.1476}},{"tweenEasing":0,"duration":6,"transform":{"skY":-41.208,"y":-5.6241,"skX":-41.208,"x":13.8088}},{"tweenEasing":0,"duration":2,"transform":{"skY":-56.661,"y":-20.4693,"skX":-56.661,"x":27.7923}},{"tweenEasing":0,"duration":2,"transform":{"skY":-61.812,"y":-25.4176,"scX":1.5,"scY":1.5,"skX":-61.812,"x":32.4534}},{"tweenEasing":0,"duration":10,"transform":{"skY":-66.963,"y":-30.366,"skX":-66.963,"x":37.1146}},{"tweenEasing":0,"duration":2,"transform":{"skY":-92.718,"y":-55.1079,"skX":-92.718,"x":60.4204}},{"tweenEasing":0,"duration":2,"transform":{"skY":-97.869,"y":-60.0563,"scX":1.5,"scY":1.5,"skX":-97.869,"x":65.0815}},{"tweenEasing":0,"duration":6,"transform":{"skY":-103.02,"y":-65.0047,"skX":-103.02,"x":69.7427}},{"tweenEasing":0,"duration":2,"transform":{"skY":-118.473,"y":-79.8498,"skX":-118.473,"x":83.7262}},{"tweenEasing":0,"duration":2,"transform":{"skY":-123.624,"y":-84.7982,"scX":1.5,"scY":1.5,"skX":-123.624,"x":88.3873}},{"tweenEasing":0,"duration":10,"transform":{"skY":-128.775,"y":-89.7465,"skX":-128.775,"x":93.0485}},{"duration":17,"transform":{"skY":-154.53,"y":-114.4884,"skX":-154.53,"x":116.3543}}],"name":"4"},{"frame":[{"duration":21,"transform":{}},{"tweenEasing":0,"duration":20,"transform":{"y":47.2755,"x":-57.3805}},{"tweenEasing":0,"duration":20,"transform":{"skY":166.3065,"y":26.8628,"skX":166.3065,"x":-10.1609}},{"tweenEasing":0,"duration":20,"transform":{"skY":308.2396,"y":6.4502,"skX":308.2396,"x":37.0587}},{"duration":0,"transform":{"skY":411.1156,"y":-13.9625,"skX":411.1156,"x":84.2782}}],"name":"3"},{"frame":[{"duration":16,"transform":{}},{"tweenEasing":0,"duration":10,"transform":{"y":8.3859,"x":-66.6679}},{"tweenEasing":0,"duration":10,"transform":{"skY":-83.071,"y":46.3329,"skX":-83.071,"x":68.9685}},{"tweenEasing":0,"duration":10,"transform":{"skY":-166.142,"y":-62.2256,"skX":-166.142,"x":17.3012}},{"tweenEasing":0,"duration":10,"transform":{"skY":-84.7336,"y":-170.7841,"skX":-84.7336,"x":-34.366}},{"tweenEasing":0,"duration":20,"transform":{"skY":-363.3252,"y":-152.8237,"skX":-363.3252,"x":54.9593}},{"duration":5,"transform":{"skY":56.1888,"y":-116.903,"skX":56.1888,"x":233.61}}],"name":"2"},{"frame":[{"duration":4,"transform":{"y":17.1701,"x":-93.5027},"curve":[0,0,0,0.9852603110209601]},{"duration":76,"transform":{"skY":-2.7146,"y":-65.665,"scX":1.5,"scY":1.5,"skX":-2.7146,"x":-62.8124},"curve":[1,-0.1998472116119175,1,1]},{"duration":1,"transform":{"skY":-54.292,"y":-260.5497,"skX":-54.292,"x":9.3922}}],"name":"6"},{"frame":[{"duration":81,"transform":{}}],"name":"aaa0001"}],"slot":[{"frame":[{"tweenEasing":null,"duration":80},{"tweenEasing":null,"displayIndex":-1,"duration":1}],"name":"6"},{"frame":[{"tweenEasing":null,"displayIndex":-1,"duration":4},{"tweenEasing":null,"duration":60},{"tweenEasing":null,"displayIndex":-1,"duration":17}],"name":"4"},{"frame":[{"tweenEasing":null,"displayIndex":-1,"duration":21},{"tweenEasing":null,"duration":60},{"tweenEasing":null,"displayIndex":-1,"duration":0}],"name":"3"},{"frame":[{"tweenEasing":null,"displayIndex":-1,"duration":16},{"tweenEasing":null,"duration":60},{"tweenEasing":null,"displayIndex":-1,"duration":5}],"name":"2"},{"frame":[{"tweenEasing":null,"duration":2},{"tweenEasing":null,"displayIndex":1,"duration":2},{"tweenEasing":null,"displayIndex":2,"duration":2},{"tweenEasing":null,"displayIndex":1,"duration":2},{"tweenEasing":null,"duration":2},{"tweenEasing":null,"displayIndex":1,"duration":2},{"tweenEasing":null,"displayIndex":2,"duration":2},{"tweenEasing":null,"displayIndex":1,"duration":2},{"tweenEasing":null,"duration":2},{"tweenEasing":null,"displayIndex":1,"duration":2},{"tweenEasing":null,"displayIndex":2,"duration":2},{"tweenEasing":null,"displayIndex":1,"duration":2},{"tweenEasing":null,"duration":2},{"tweenEasing":null,"displayIndex":1,"duration":2},{"tweenEasing":null,"displayIndex":2,"duration":2},{"tweenEasing":null,"displayIndex":1,"duration":2},{"tweenEasing":null,"duration":2},{"tweenEasing":null,"displayIndex":1,"duration":2},{"tweenEasing":null,"displayIndex":2,"duration":2},{"tweenEasing":null,"displayIndex":1,"duration":2},{"tweenEasing":null,"duration":2},{"tweenEasing":null,"displayIndex":1,"duration":2},{"tweenEasing":null,"displayIndex":2,"duration":2},{"tweenEasing":null,"displayIndex":1,"duration":2},{"tweenEasing":null,"duration":2},{"tweenEasing":null,"displayIndex":1,"duration":2},{"tweenEasing":null,"displayIndex":2,"duration":2},{"tweenEasing":null,"displayIndex":1,"duration":2},{"tweenEasing":null,"duration":2},{"tweenEasing":null,"displayIndex":1,"duration":2},{"tweenEasing":null,"displayIndex":2,"duration":2},{"tweenEasing":null,"displayIndex":1,"duration":2},{"tweenEasing":null,"duration":2},{"tweenEasing":null,"displayIndex":1,"duration":2},{"tweenEasing":null,"displayIndex":2,"duration":2},{"tweenEasing":null,"displayIndex":1,"duration":2},{"tweenEasing":null,"duration":2},{"tweenEasing":null,"displayIndex":1,"duration":2},{"tweenEasing":null,"displayIndex":2,"duration":2},{"tweenEasing":null,"displayIndex":1,"duration":2},{"tweenEasing":null,"duration":1}],"name":"aaa0001"}],"ffd":[],"ik":[],"name":"2","playTimes":0}],"type":"Armature","name":"yy","bone":[{"name":"root","transform":{}},{"transform":{},"name":"bone","parent":"root"},{"length":18,"transform":{"skY":-90,"y":-14.7315,"skX":-90,"x":-38.1159},"parent":"bone","name":"1"},{"length":12,"transform":{"skY":-93.6766,"y":-25.9908,"skX":-93.6766,"x":-6.8329},"parent":"bone","name":"5"},{"length":15,"transform":{"skY":-84.3076,"y":-35.4232,"skX":-84.3076,"x":24.1189},"parent":"bone","name":"4"},{"length":23,"transform":{"skY":-94.7738,"y":-47.0771,"skX":-94.7738,"x":59.5398},"parent":"bone","name":"3"},{"length":12,"transform":{"skY":-90,"y":-7.3756,"skX":-90,"x":66.1578},"parent":"bone","name":"2"},{"length":14,"transform":{"skY":-91.3923,"y":-18.2331,"skX":-91.3923,"x":93.9923},"parent":"bone","name":"6"},{"length":61,"transform":{"skY":-66.5858,"y":-86.2287,"skX":-66.5858,"x":60.063},"parent":"bone","name":"aaa0001"}],"aabb":{"width":0,"y":0,"height":0,"x":0},"slot":[{"displayIndex":-1,"name":"6","parent":"6","color":{}},{"displayIndex":-1,"z":1,"name":"5","parent":"5","color":{}},{"displayIndex":-1,"z":2,"name":"4","parent":"4","color":{}},{"displayIndex":-1,"z":3,"name":"3","parent":"3","color":{}},{"displayIndex":-1,"z":4,"name":"2","parent":"2","color":{}},{"displayIndex":-1,"z":5,"name":"1","parent":"1","color":{}},{"displayIndex":-1,"z":6,"name":"aaa0001","parent":"aaa0001","color":{}}],"ik":[],"frameRate":60,"defaultActions":[{"gotoAndPlay":"1"}]}]}