{"frameRate":60,"isGlobal":0,"name":"gongjiao2","version":"5.0","armature":[{"defaultActions":[{"gotoAndPlay":"1"}],"skin":[{"name":"","slot":[{"display":[{"path":"ys","type":"image","name":"ys","transform":{"skY":-98.7462,"y":-1.2501,"skX":-98.7462,"x":20.3218}}],"name":"ys"},{"display":[{"path":"tou","type":"image","name":"tou","transform":{"skY":89.1962,"y":3.8798,"skX":89.1962,"x":48.0954}}],"name":"tou"},{"display":[{"path":"zs","type":"image","name":"zs","transform":{"skY":-92.5928,"y":25.0207,"skX":-92.5928,"x":25.0344}}],"name":"zs"},{"display":[{"path":"st","type":"image","name":"st","transform":{"skY":92.1558,"y":-9.6158,"skX":92.1558,"x":29.7976}}],"name":"st"}]}],"animation":[{"frame":[],"duration":90,"ik":[],"bone":[{"frame":[{"duration":90,"transform":{}}],"name":"root"},{"frame":[{"duration":90,"transform":{}}],"name":"bone"},{"frame":[{"tweenEasing":0,"duration":15,"transform":{}},{"tweenEasing":0,"duration":15,"transform":{}},{"tweenEasing":0,"duration":15,"transform":{}},{"tweenEasing":0,"duration":15,"transform":{}},{"tweenEasing":0,"duration":15,"transform":{}},{"tweenEasing":0,"duration":15,"transform":{}},{"duration":0,"transform":{}}],"name":"st"},{"frame":[{"tweenEasing":0,"duration":45,"transform":{"skY":-6.6521,"skX":-6.6521}},{"tweenEasing":0,"duration":45,"transform":{"skY":3.0845,"skX":3.0845}},{"duration":0,"transform":{"skY":-6.6521,"skX":-6.6521}}],"name":"tou"},{"frame":[{"tweenEasing":0,"duration":15,"transform":{}},{"tweenEasing":0,"duration":15,"transform":{"skY":3.5234,"y":0.0429,"skX":3.5234,"x":1.1392}},{"tweenEasing":0,"duration":15,"transform":{}},{"tweenEasing":0,"duration":15,"transform":{"skY":3.5234,"y":0.0429,"skX":3.5234,"x":1.1392}},{"tweenEasing":0,"duration":15,"transform":{}},{"tweenEasing":0,"duration":15,"transform":{"skY":3.5234,"y":0.0429,"skX":3.5234,"x":1.1392}},{"duration":0,"transform":{}}],"name":"zs"},{"frame":[{"tweenEasing":0,"duration":15,"transform":{}},{"tweenEasing":0,"duration":15,"transform":{"skY":0.5506,"y":0.0622,"skX":0.5506,"x":1.6532}},{"tweenEasing":0,"duration":15,"transform":{}},{"tweenEasing":0,"duration":15,"transform":{"skY":0.5506,"y":0.0622,"skX":0.5506,"x":1.6532}},{"tweenEasing":0,"duration":15,"transform":{}},{"tweenEasing":0,"duration":15,"transform":{"skY":0.5506,"y":0.0622,"skX":0.5506,"x":1.6532}},{"duration":0,"transform":{}}],"name":"ys"}],"slot":[],"ffd":[],"name":"1","playTimes":0}],"type":"Armature","frameRate":60,"ik":[],"bone":[{"name":"root","transform":{}},{"transform":{},"name":"bone","parent":"root"},{"length":30,"transform":{"skY":-92.1558,"y":-53.984,"skX":-92.1558,"x":-0.596},"parent":"bone","name":"st"},{"length":39,"transform":{"skY":2.9596,"y":23.8521,"skX":2.9596,"x":106.3938},"parent":"st","name":"tou"},{"length":13,"transform":{"skY":-175.2515,"y":47.3899,"skX":-175.2515,"x":88.6314},"parent":"st","name":"zs"},{"length":19,"transform":{"skY":-169.0981,"y":-8.5409,"skX":-169.0981,"x":84.2469},"parent":"st","name":"ys"}],"aabb":{"width":157.117186511684,"y":-276.7359661824745,"height":278.3371528680455,"x":-74.32595186191755},"slot":[{"name":"st","parent":"st","color":{}},{"z":1,"name":"ys","parent":"ys","color":{}},{"z":2,"name":"tou","parent":"tou","color":{}},{"z":3,"name":"zs","parent":"zs","color":{}}],"name":"gongjiao2"}]}