{"frameRate":60,"isGlobal":0,"name":"7gou","version":"5.5","armature":[{"skin":[{"name":"","slot":[{"display":[{"path":"tc2","type":"image","name":"tc2","transform":{"y":1.8407,"skX":-62.0178,"skY":-62.0178,"x":15.9102}}],"name":"tc2"},{"display":[{"path":"wb","type":"image","name":"wb","transform":{"y":3.3923,"skX":120.7355,"skY":120.7355,"x":24.0817}}],"name":"wb"},{"display":[{"path":"tb3","type":"image","name":"tb3","transform":{"y":0.9265,"skX":-35.3112,"skY":-35.3112,"x":4.767}}],"name":"tb3"},{"display":[{"path":"ha","type":"image","name":"ha","transform":{"y":10.7,"skX":86.7615,"skY":86.7615,"x":47.6}},{"path":"xionge","type":"image","name":"xionge","transform":{"y":10.7,"skX":86.76,"skY":86.76,"x":47.6}}],"name":"ha"},{"display":[{"path":"tc3","type":"image","name":"tc3","transform":{"y":-4.0649,"skX":-64.6342,"skY":-64.6342,"x":4.0535}}],"name":"tc3"},{"display":[{"path":"hb","type":"image","name":"hb","transform":{"y":-3.1777,"skX":-8.762,"skY":-8.762,"x":14.9027}}],"name":"hb"},{"display":[{"path":"bz","type":"image","name":"bz","transform":{"y":2.1373,"skX":41.9059,"skY":41.9059,"x":18.024}}],"name":"bz"},{"display":[{"path":"td2","type":"image","name":"td2","transform":{"y":1.1681,"skX":-67.5864,"skY":-67.5864,"x":16.4869}}],"name":"td2"},{"display":[{"path":"ta3","type":"image","name":"ta3","transform":{"y":-1.1149,"skX":-75.5226,"skY":-75.5226,"x":4.8019}}],"name":"ta3"},{"display":[{"path":"tb2","type":"image","name":"tb2","transform":{"y":2.3097,"skX":-77.2109,"skY":-77.2109,"x":18.2009}}],"name":"tb2"},{"display":[{"path":"ta1","type":"image","name":"ta1","transform":{"y":-0.6667,"skX":-91.3502,"skY":-91.3502,"x":22.399}}],"name":"ta1"},{"display":[{"path":"st","type":"image","name":"st","transform":{"y":-5.698,"skX":7.2648,"skY":7.2648,"x":6.2063}}],"name":"st"},{"display":[{"path":"tb1","type":"image","name":"tb1","transform":{"y":-4.0423,"skX":-94.7122,"skY":-94.7122,"x":21.2488}}],"name":"tb1"},{"display":[{"path":"td3","type":"image","name":"td3","transform":{"y":0.5484,"skX":-38.6598,"skY":-38.6598,"x":4.6318}}],"name":"td3"},{"display":[{"path":"ta2","type":"image","name":"ta2","transform":{"y":0.6872,"skX":-62.5099,"skY":-62.5099,"x":14.8666}}],"name":"ta2"},{"display":[{"path":"td1","type":"image","name":"td1","transform":{"y":-0.5503,"skX":-88.0538,"skY":-88.0538,"x":18.1731}}],"name":"td1"},{"display":[{"path":"tc1","type":"image","name":"tc1","transform":{"y":1.4098,"skX":-89.473,"skY":-89.473,"x":19.0216}}],"name":"tc1"}]}],"animation":[{"ik":[],"frame":[],"duration":80,"bone":[{"rotateFrame":[{"duration":80}],"scaleFrame":[{"duration":80}],"name":"root","translateFrame":[{"duration":80}]},{"rotateFrame":[{"duration":50,"curve":[0,0,0.5,1]},{"duration":30,"curve":[0.5,0,0.5,1]},{"duration":0}],"scaleFrame":[{"duration":50,"curve":[0,0,0.5,1]},{"duration":30,"curve":[0.5,0,0.5,1]},{"duration":0}],"name":"bone","translateFrame":[{"duration":50,"curve":[0,0,0.5,1]},{"duration":30,"curve":[0.5,0,0.5,1]},{"duration":0}]},{"rotateFrame":[{"duration":50,"curve":[0,0,0.5,1]},{"duration":30,"curve":[0.5,0,0.5,1],"rotate":5.0941},{"duration":0}],"scaleFrame":[{"duration":50,"curve":[0,0,0.5,1]},{"duration":30,"curve":[0.5,0,0.5,1]},{"duration":0}],"name":"st","translateFrame":[{"duration":50,"curve":[0,0,0.5,1]},{"y":2.4,"duration":30,"curve":[0.5,0,0.5,1],"x":1.8006},{"duration":0}]},{"rotateFrame":[{"duration":50,"curve":[0,0,0.5,1]},{"duration":30,"curve":[0.5,0,0.5,1]},{"duration":0}],"scaleFrame":[{"duration":50,"curve":[0,0,0.5,1]},{"duration":30,"curve":[0.5,0,0.5,1]},{"duration":0}],"name":"bz","translateFrame":[{"duration":50,"curve":[0,0,0.5,1]},{"duration":30,"curve":[0.5,0,0.5,1]},{"duration":0}]},{"rotateFrame":[{"duration":50,"curve":[0,0,0.5,1]},{"duration":30,"curve":[0.5,0,0.5,1]},{"duration":0}],"scaleFrame":[{"duration":50,"curve":[0,0,0.5,1]},{"duration":30,"curve":[0.5,0,0.5,1]},{"duration":0}],"name":"ha","translateFrame":[{"duration":50,"curve":[0,0,0.5,1]},{"duration":30,"curve":[0.5,0,0.5,1]},{"duration":0}]},{"rotateFrame":[{"duration":9,"curve":[0,0,0.5,1]},{"tweenEasing":0,"duration":3},{"tweenEasing":0,"duration":3,"rotate":-3.2191},{"tweenEasing":0,"duration":4,"rotate":6.5512},{"tweenEasing":0,"duration":4,"rotate":-4.3288},{"tweenEasing":0,"duration":3,"rotate":3.4879},{"tweenEasing":0,"duration":4,"rotate":-8.507},{"tweenEasing":0,"duration":3},{"tweenEasing":0,"duration":3,"rotate":-3.2191},{"tweenEasing":0,"duration":4,"rotate":6.5512},{"tweenEasing":0,"duration":4,"rotate":-4.3288},{"tweenEasing":0,"duration":3,"rotate":3.4879},{"tweenEasing":0,"duration":3,"rotate":-8.507},{"duration":30,"curve":[0.5,0,0.5,1]},{"duration":0}],"scaleFrame":[{"duration":9,"curve":[0,0,0.5,1]},{"tweenEasing":0,"duration":3},{"tweenEasing":0,"duration":3},{"tweenEasing":0,"duration":4},{"tweenEasing":0,"duration":4},{"tweenEasing":0,"duration":3},{"tweenEasing":0,"duration":4},{"tweenEasing":0,"duration":3},{"tweenEasing":0,"duration":3},{"tweenEasing":0,"duration":4},{"tweenEasing":0,"duration":4},{"tweenEasing":0,"duration":3},{"tweenEasing":0,"duration":3},{"duration":30,"curve":[0.5,0,0.5,1]},{"duration":0}],"name":"hb","translateFrame":[{"duration":9,"curve":[0,0,0.5,1]},{"tweenEasing":0,"duration":3},{"tweenEasing":0,"duration":3},{"tweenEasing":0,"duration":4},{"tweenEasing":0,"duration":4},{"tweenEasing":0,"duration":3},{"tweenEasing":0,"duration":4},{"tweenEasing":0,"duration":3},{"tweenEasing":0,"duration":3},{"tweenEasing":0,"duration":4},{"tweenEasing":0,"duration":4},{"tweenEasing":0,"duration":3},{"tweenEasing":0,"duration":3},{"duration":30,"curve":[0.5,0,0.5,1]},{"duration":0}]},{"rotateFrame":[{"duration":50,"curve":[0,0,0.5,1]},{"duration":30,"curve":[0.5,0,0.5,1],"rotate":12.9106},{"duration":0}],"scaleFrame":[{"duration":50,"curve":[0,0,0.5,1]},{"duration":30,"curve":[0.5,0,0.5,1]},{"duration":0}],"name":"ta1","translateFrame":[{"duration":50,"curve":[0,0,0.5,1]},{"y":1.7718,"duration":30,"curve":[0.5,0,0.5,1],"x":1.6372},{"duration":0}]},{"rotateFrame":[{"duration":50,"curve":[0,0,0.5,1]},{"duration":30,"curve":[0.5,0,0.5,1],"rotate":-30.2898},{"duration":0}],"scaleFrame":[{"duration":50,"curve":[0,0,0.5,1]},{"duration":30,"curve":[0.5,0,0.5,1]},{"duration":0}],"name":"ta2","translateFrame":[{"duration":50,"curve":[0,0,0.5,1]},{"y":1.7889,"duration":30,"curve":[0.5,0,0.5,1],"x":-2.4864},{"duration":0}]},{"rotateFrame":[{"duration":50,"curve":[0,0,0.5,1]},{"duration":30,"curve":[0.5,0,0.5,1],"rotate":10.5642},{"duration":0}],"scaleFrame":[{"duration":50,"curve":[0,0,0.5,1]},{"duration":30,"curve":[0.5,0,0.5,1]},{"duration":0}],"name":"ta3","translateFrame":[{"duration":50,"curve":[0,0,0.5,1]},{"duration":30,"curve":[0.5,0,0.5,1]},{"duration":0}]},{"rotateFrame":[{"duration":50,"curve":[0,0,0.5,1]},{"duration":30,"curve":[0.5,0,0.5,1],"rotate":18.4853},{"duration":0}],"scaleFrame":[{"duration":50,"curve":[0,0,0.5,1]},{"duration":30,"curve":[0.5,0,0.5,1]},{"duration":0}],"name":"tc1","translateFrame":[{"duration":50,"curve":[0,0,0.5,1]},{"y":2.3719,"duration":30,"curve":[0.5,0,0.5,1],"x":-0.4687},{"duration":0}]},{"rotateFrame":[{"duration":50,"curve":[0,0,0.5,1]},{"duration":30,"curve":[0.5,0,0.5,1],"rotate":-40.2504},{"duration":0}],"scaleFrame":[{"duration":50,"curve":[0,0,0.5,1]},{"duration":30,"curve":[0.5,0,0.5,1]},{"duration":0}],"name":"tc2","translateFrame":[{"duration":50,"curve":[0,0,0.5,1]},{"y":2.6342,"duration":30,"curve":[0.5,0,0.5,1],"x":-1.3512},{"duration":0}]},{"rotateFrame":[{"duration":50,"curve":[0,0,0.5,1]},{"duration":30,"curve":[0.5,0,0.5,1],"rotate":18.9625},{"duration":0}],"scaleFrame":[{"duration":50,"curve":[0,0,0.5,1]},{"duration":30,"curve":[0.5,0,0.5,1]},{"duration":0}],"name":"tc3","translateFrame":[{"duration":50,"curve":[0,0,0.5,1]},{"duration":30,"curve":[0.5,0,0.5,1]},{"duration":0}]},{"rotateFrame":[{"duration":50,"curve":[0,0,0.5,1]},{"duration":30,"curve":[0.5,0,0.5,1],"rotate":-3.1587},{"duration":0}],"scaleFrame":[{"duration":50,"curve":[0,0,0.5,1]},{"duration":30,"curve":[0.5,0,0.5,1]},{"duration":0}],"name":"td1","translateFrame":[{"duration":50,"curve":[0,0,0.5,1]},{"y":0.4972,"duration":30,"curve":[0.5,0,0.5,1],"x":0.1944},{"duration":0}]},{"rotateFrame":[{"duration":50,"curve":[0,0,0.5,1]},{"duration":30,"curve":[0.5,0,0.5,1]},{"duration":0}],"scaleFrame":[{"duration":50,"curve":[0,0,0.5,1]},{"duration":30,"curve":[0.5,0,0.5,1]},{"duration":0}],"name":"td2","translateFrame":[{"duration":50,"curve":[0,0,0.5,1]},{"y":-0.6822,"duration":30,"curve":[0.5,0,0.5,1]},{"duration":0}]},{"rotateFrame":[{"duration":50,"curve":[0,0,0.5,1]},{"duration":30,"curve":[0.5,0,0.5,1]},{"duration":0}],"scaleFrame":[{"duration":50,"curve":[0,0,0.5,1]},{"duration":30,"curve":[0.5,0,0.5,1]},{"duration":0}],"name":"td3","translateFrame":[{"duration":50,"curve":[0,0,0.5,1]},{"duration":30,"curve":[0.5,0,0.5,1]},{"duration":0}]},{"rotateFrame":[{"duration":50,"curve":[0,0,0.5,1]},{"duration":30,"curve":[0.5,0,0.5,1],"rotate":-8.2873},{"duration":0}],"scaleFrame":[{"duration":50,"curve":[0,0,0.5,1]},{"duration":30,"curve":[0.5,0,0.5,1]},{"duration":0}],"name":"tb1","translateFrame":[{"duration":50,"curve":[0,0,0.5,1]},{"y":2.4067,"duration":30,"curve":[0.5,0,0.5,1],"x":-0.1181},{"duration":0}]},{"rotateFrame":[{"duration":50,"curve":[0,0,0.5,1]},{"duration":30,"curve":[0.5,0,0.5,1],"rotate":7.2624},{"duration":0}],"scaleFrame":[{"duration":50,"curve":[0,0,0.5,1]},{"duration":30,"curve":[0.5,0,0.5,1]},{"duration":0}],"name":"tb2","translateFrame":[{"duration":50,"curve":[0,0,0.5,1]},{"y":-1.5228,"duration":30,"curve":[0.5,0,0.5,1],"x":0.7103},{"duration":0}]},{"rotateFrame":[{"duration":50,"curve":[0,0,0.5,1]},{"duration":30,"curve":[0.5,0,0.5,1]},{"duration":0}],"scaleFrame":[{"duration":50,"curve":[0,0,0.5,1]},{"duration":30,"curve":[0.5,0,0.5,1]},{"duration":0}],"name":"tb3","translateFrame":[{"duration":50,"curve":[0,0,0.5,1]},{"duration":30,"curve":[0.5,0,0.5,1]},{"duration":0}]},{"rotateFrame":[{"duration":50,"curve":[0,0,0.5,1]},{"duration":6,"curve":[0.5,0,0.5,1]},{"tweenEasing":0,"duration":2},{"tweenEasing":0,"duration":2,"rotate":-59.5126},{"tweenEasing":0,"duration":2,"rotate":27.7108},{"tweenEasing":0,"duration":18},{"duration":0}],"scaleFrame":[{"duration":50,"curve":[0,0,0.5,1]},{"duration":6,"curve":[0.5,0,0.5,1]},{"tweenEasing":0,"duration":2},{"tweenEasing":0,"duration":2},{"tweenEasing":0,"duration":2},{"tweenEasing":0,"duration":18},{"duration":0}],"name":"wb","translateFrame":[{"duration":50,"curve":[0,0,0.5,1]},{"duration":6,"curve":[0.5,0,0.5,1]},{"tweenEasing":0,"duration":2},{"tweenEasing":0,"duration":2},{"tweenEasing":0,"duration":2},{"tweenEasing":0,"duration":18},{"duration":0}]}],"slot":[{"colorFrame":[{"duration":80}],"displayFrame":[{"duration":80}],"name":"ha"},{"colorFrame":[],"displayFrame":[],"name":"bz"},{"colorFrame":[],"displayFrame":[],"name":"wb"},{"colorFrame":[],"displayFrame":[],"name":"td3"},{"colorFrame":[],"displayFrame":[],"name":"td2"},{"colorFrame":[],"displayFrame":[],"name":"td1"},{"colorFrame":[],"displayFrame":[],"name":"tc3"},{"colorFrame":[],"displayFrame":[],"name":"tc2"},{"colorFrame":[],"displayFrame":[],"name":"tc1"},{"colorFrame":[],"displayFrame":[],"name":"hb"},{"colorFrame":[],"displayFrame":[],"name":"st"},{"colorFrame":[],"displayFrame":[],"name":"tb3"},{"colorFrame":[],"displayFrame":[],"name":"tb2"},{"colorFrame":[],"displayFrame":[],"name":"tb1"},{"colorFrame":[],"displayFrame":[],"name":"ta3"},{"colorFrame":[],"displayFrame":[],"name":"ta2"},{"colorFrame":[],"displayFrame":[],"name":"ta1"}],"ffd":[],"name":"1","playTimes":0},{"ik":[],"frame":[],"duration":47,"bone":[{"rotateFrame":[{"duration":47}],"scaleFrame":[{"duration":47}],"name":"root","translateFrame":[{"duration":47}]},{"rotateFrame":[{"tweenEasing":0,"duration":30},{"duration":2,"curve":[0.5,0,0.5,1]},{"tweenEasing":0,"duration":7},{"tweenEasing":0,"duration":8},{"duration":0}],"scaleFrame":[{"tweenEasing":0,"duration":30},{"duration":2,"curve":[0.5,0,0.5,1]},{"tweenEasing":0,"duration":7},{"tweenEasing":0,"duration":8},{"duration":0}],"name":"bone","translateFrame":[{"tweenEasing":0,"duration":30},{"duration":2,"curve":[0.5,0,0.5,1]},{"tweenEasing":0,"duration":7},{"tweenEasing":0,"duration":8},{"duration":0}]},{"rotateFrame":[{"tweenEasing":0,"duration":30},{"duration":2,"curve":[0.5,0,0.5,1],"rotate":17.0962},{"tweenEasing":0,"duration":7,"rotate":-2.8719},{"tweenEasing":0,"duration":8,"rotate":9.6549},{"duration":0}],"scaleFrame":[{"tweenEasing":0,"duration":30},{"duration":2,"curve":[0.5,0,0.5,1]},{"tweenEasing":0,"duration":7},{"tweenEasing":0,"duration":8},{"duration":0}],"name":"st","translateFrame":[{"tweenEasing":0,"duration":30},{"y":13.7839,"duration":2,"curve":[0.5,0,0.5,1],"x":14.437},{"tweenEasing":0,"y":-43.327,"duration":7,"x":29.2648},{"tweenEasing":0,"y":30.1812,"duration":8,"x":52.9556},{"duration":0}]},{"rotateFrame":[{"tweenEasing":0,"duration":30},{"duration":2,"curve":[0.5,0,0.5,1],"rotate":30.0557},{"tweenEasing":0,"duration":7,"rotate":-59.1616},{"tweenEasing":0,"duration":8,"rotate":-72.9512},{"duration":0}],"scaleFrame":[{"tweenEasing":0,"duration":30},{"duration":2,"curve":[0.5,0,0.5,1]},{"tweenEasing":0,"duration":7},{"tweenEasing":0,"duration":8},{"duration":0}],"name":"tc1","translateFrame":[{"tweenEasing":0,"duration":30},{"y":-5.4893,"duration":2,"curve":[0.5,0,0.5,1],"x":2.9195},{"tweenEasing":0,"duration":7},{"tweenEasing":0,"duration":8},{"duration":0}]},{"rotateFrame":[{"tweenEasing":0,"duration":30},{"duration":2,"curve":[0.5,0,0.5,1],"rotate":-7.4965},{"tweenEasing":0,"duration":7,"rotate":22.8935},{"tweenEasing":0,"duration":8,"rotate":39.1383},{"duration":0}],"scaleFrame":[{"tweenEasing":0,"duration":30},{"duration":2,"curve":[0.5,0,0.5,1]},{"tweenEasing":0,"duration":7},{"tweenEasing":0,"duration":8},{"duration":0}],"name":"td1","translateFrame":[{"tweenEasing":0,"duration":30},{"y":-3.7937,"duration":2,"curve":[0.5,0,0.5,1],"x":-1.2931},{"tweenEasing":0,"y":0.7284,"duration":7,"x":-0.1302},{"tweenEasing":0,"y":0.2353,"duration":8,"x":-0.1508},{"duration":0}]},{"rotateFrame":[{"tweenEasing":0,"duration":30},{"duration":2,"curve":[0.5,0,0.5,1],"rotate":-8.2873},{"tweenEasing":0,"duration":7,"rotate":22.6415},{"tweenEasing":0,"duration":8,"rotate":35.831},{"duration":0}],"scaleFrame":[{"tweenEasing":0,"duration":30},{"duration":2,"curve":[0.5,0,0.5,1]},{"tweenEasing":0,"duration":7},{"tweenEasing":0,"duration":8},{"duration":0}],"name":"tb1","translateFrame":[{"tweenEasing":0,"duration":30},{"y":1.3738,"duration":2,"curve":[0.5,0,0.5,1],"x":0.9898},{"tweenEasing":0,"duration":7},{"tweenEasing":0,"duration":8},{"duration":0}]},{"rotateFrame":[{"tweenEasing":0,"duration":2},{"tweenEasing":0,"duration":2,"rotate":-30.8622},{"tweenEasing":0,"duration":2,"rotate":11.6379},{"tweenEasing":0,"duration":2,"rotate":-25.7403},{"tweenEasing":0,"duration":2,"rotate":21.1483},{"tweenEasing":0,"duration":3,"rotate":-29.2295},{"tweenEasing":0,"duration":4,"rotate":1.9183},{"tweenEasing":0,"duration":5,"rotate":-50.5584},{"tweenEasing":0,"duration":8,"rotate":13.9445},{"duration":2,"curve":[0.5,0,0.5,1],"rotate":-47.7339},{"tweenEasing":0,"duration":7},{"tweenEasing":0,"duration":8},{"duration":0}],"scaleFrame":[{"tweenEasing":0,"duration":2},{"tweenEasing":0,"duration":2},{"tweenEasing":0,"duration":2},{"tweenEasing":0,"duration":2},{"tweenEasing":0,"duration":2},{"tweenEasing":0,"duration":3},{"tweenEasing":0,"duration":4},{"tweenEasing":0,"duration":5},{"tweenEasing":0,"duration":8},{"duration":2,"curve":[0.5,0,0.5,1]},{"tweenEasing":0,"duration":7},{"tweenEasing":0,"duration":8},{"duration":0}],"name":"wb","translateFrame":[{"tweenEasing":0,"duration":2},{"tweenEasing":0,"duration":2},{"tweenEasing":0,"duration":2},{"tweenEasing":0,"duration":2},{"tweenEasing":0,"duration":2},{"tweenEasing":0,"duration":3},{"tweenEasing":0,"duration":4},{"tweenEasing":0,"duration":5},{"tweenEasing":0,"duration":8},{"duration":2,"curve":[0.5,0,0.5,1]},{"tweenEasing":0,"duration":7},{"tweenEasing":0,"duration":8},{"duration":0}]},{"rotateFrame":[{"tweenEasing":0,"duration":30},{"duration":2,"curve":[0.5,0,0.5,1],"rotate":5.0466},{"tweenEasing":0,"duration":7},{"tweenEasing":0,"duration":8,"rotate":6.744},{"duration":0}],"scaleFrame":[{"tweenEasing":0,"duration":30},{"duration":2,"curve":[0.5,0,0.5,1]},{"tweenEasing":0,"y":1.3104,"duration":7,"x":1.3104},{"tweenEasing":0,"duration":8},{"duration":0}],"name":"bz","translateFrame":[{"tweenEasing":0,"duration":30},{"duration":2,"curve":[0.5,0,0.5,1]},{"tweenEasing":0,"duration":7},{"tweenEasing":0,"duration":8},{"duration":0}]},{"rotateFrame":[{"tweenEasing":0,"duration":30},{"duration":2,"curve":[0.5,0,0.5,1],"rotate":20.1194},{"tweenEasing":0,"duration":7,"rotate":-37.1157},{"tweenEasing":0,"duration":8,"rotate":-69.9062},{"duration":0}],"scaleFrame":[{"tweenEasing":0,"duration":30},{"duration":2,"curve":[0.5,0,0.5,1]},{"tweenEasing":0,"duration":7},{"tweenEasing":0,"duration":8},{"duration":0}],"name":"ta1","translateFrame":[{"tweenEasing":0,"duration":30},{"y":-5.6768,"duration":2,"curve":[0.5,0,0.5,1],"x":1.7894},{"tweenEasing":0,"duration":7},{"tweenEasing":0,"duration":8},{"duration":0}]},{"rotateFrame":[{"tweenEasing":0,"duration":30},{"duration":2,"curve":[0.5,0,0.5,1],"rotate":-57.2742},{"tweenEasing":0,"duration":7},{"tweenEasing":0,"duration":8},{"duration":0}],"scaleFrame":[{"tweenEasing":0,"duration":30},{"duration":2,"curve":[0.5,0,0.5,1]},{"tweenEasing":0,"duration":7},{"tweenEasing":0,"duration":8},{"duration":0}],"name":"tc2","translateFrame":[{"tweenEasing":0,"duration":30},{"duration":2,"curve":[0.5,0,0.5,1]},{"tweenEasing":0,"duration":7},{"tweenEasing":0,"duration":8},{"duration":0}]},{"rotateFrame":[{"tweenEasing":0,"duration":30},{"duration":2,"curve":[0.5,0,0.5,1]},{"tweenEasing":0,"duration":7},{"tweenEasing":0,"duration":8,"rotate":-23.6242},{"duration":0}],"scaleFrame":[{"tweenEasing":0,"duration":30},{"duration":2,"curve":[0.5,0,0.5,1]},{"tweenEasing":0,"duration":7},{"tweenEasing":0,"duration":8},{"duration":0}],"name":"td2","translateFrame":[{"tweenEasing":0,"duration":30},{"duration":2,"curve":[0.5,0,0.5,1]},{"tweenEasing":0,"duration":7},{"tweenEasing":0,"duration":8},{"duration":0}]},{"rotateFrame":[{"tweenEasing":0,"duration":30},{"duration":2,"curve":[0.5,0,0.5,1]},{"tweenEasing":0,"duration":7,"rotate":-34.2956},{"tweenEasing":0,"duration":8,"rotate":6.744},{"duration":0}],"scaleFrame":[{"tweenEasing":0,"duration":30},{"duration":2,"curve":[0.5,0,0.5,1]},{"tweenEasing":0,"y":1.5079,"duration":7,"x":1.5079},{"tweenEasing":0,"duration":8},{"duration":0}],"name":"ha","translateFrame":[{"tweenEasing":0,"duration":30},{"duration":2,"curve":[0.5,0,0.5,1]},{"tweenEasing":0,"y":-0.0966,"duration":7,"x":9.8969},{"tweenEasing":0,"duration":8},{"duration":0}]},{"rotateFrame":[{"tweenEasing":0,"duration":30},{"duration":2,"curve":[0.5,0,0.5,1],"rotate":7.2624},{"tweenEasing":0,"duration":7},{"tweenEasing":0,"duration":8,"rotate":-9.0815},{"duration":0}],"scaleFrame":[{"tweenEasing":0,"duration":30},{"duration":2,"curve":[0.5,0,0.5,1]},{"tweenEasing":0,"duration":7},{"tweenEasing":0,"duration":8},{"duration":0}],"name":"tb2","translateFrame":[{"tweenEasing":0,"duration":30},{"y":1.6794,"duration":2,"curve":[0.5,0,0.5,1],"x":0.0445},{"tweenEasing":0,"duration":7},{"tweenEasing":0,"duration":8},{"duration":0}]},{"rotateFrame":[{"tweenEasing":0,"duration":30},{"duration":2,"curve":[0.5,0,0.5,1],"rotate":-48.4231},{"tweenEasing":0,"duration":7},{"tweenEasing":0,"duration":8},{"duration":0}],"scaleFrame":[{"tweenEasing":0,"duration":30},{"duration":2,"curve":[0.5,0,0.5,1]},{"tweenEasing":0,"duration":7},{"tweenEasing":0,"duration":8},{"duration":0}],"name":"ta2","translateFrame":[{"tweenEasing":0,"duration":30},{"duration":2,"curve":[0.5,0,0.5,1]},{"tweenEasing":0,"duration":7},{"tweenEasing":0,"duration":8},{"duration":0}]},{"rotateFrame":[{"tweenEasing":0,"duration":30},{"duration":2,"curve":[0.5,0,0.5,1],"rotate":25.212},{"tweenEasing":0,"duration":7},{"tweenEasing":0,"duration":8},{"duration":0}],"scaleFrame":[{"tweenEasing":0,"duration":30},{"duration":2,"curve":[0.5,0,0.5,1]},{"tweenEasing":0,"duration":7},{"tweenEasing":0,"duration":8},{"duration":0}],"name":"ta3","translateFrame":[{"tweenEasing":0,"duration":30},{"duration":2,"curve":[0.5,0,0.5,1]},{"tweenEasing":0,"duration":7},{"tweenEasing":0,"duration":8},{"duration":0}]},{"rotateFrame":[{"tweenEasing":0,"duration":30},{"duration":2,"curve":[0.5,0,0.5,1],"rotate":4.8932},{"tweenEasing":0,"duration":7},{"tweenEasing":0,"duration":8},{"duration":0}],"scaleFrame":[{"tweenEasing":0,"duration":30},{"duration":2,"curve":[0.5,0,0.5,1]},{"tweenEasing":0,"duration":7},{"tweenEasing":0,"duration":8},{"duration":0}],"name":"tc3","translateFrame":[{"tweenEasing":0,"duration":30},{"duration":2,"curve":[0.5,0,0.5,1]},{"tweenEasing":0,"duration":7},{"tweenEasing":0,"duration":8},{"duration":0}]},{"rotateFrame":[{"tweenEasing":0,"duration":30},{"duration":2,"curve":[0.5,0,0.5,1]},{"tweenEasing":0,"duration":7,"rotate":-18.5036},{"tweenEasing":0,"duration":8,"rotate":-18.5036},{"duration":0}],"scaleFrame":[{"tweenEasing":0,"duration":30},{"duration":2,"curve":[0.5,0,0.5,1]},{"tweenEasing":0,"duration":7},{"tweenEasing":0,"duration":8},{"duration":0}],"name":"td3","translateFrame":[{"tweenEasing":0,"duration":30},{"duration":2,"curve":[0.5,0,0.5,1]},{"tweenEasing":0,"duration":7},{"tweenEasing":0,"duration":8},{"duration":0}]},{"rotateFrame":[{"tweenEasing":0,"duration":30},{"duration":2,"curve":[0.5,0,0.5,1]},{"tweenEasing":0,"duration":7,"rotate":-16.4112},{"tweenEasing":0,"duration":8,"rotate":-16.4112},{"duration":0}],"scaleFrame":[{"tweenEasing":0,"duration":30},{"duration":2,"curve":[0.5,0,0.5,1]},{"tweenEasing":0,"duration":7},{"tweenEasing":0,"duration":8},{"duration":0}],"name":"tb3","translateFrame":[{"tweenEasing":0,"duration":30},{"duration":2,"curve":[0.5,0,0.5,1]},{"tweenEasing":0,"duration":7},{"tweenEasing":0,"y":-0.2373,"duration":8,"x":0.5427},{"duration":0}]},{"rotateFrame":[{"tweenEasing":0,"duration":30},{"duration":2,"curve":[0.5,0,0.5,1],"rotate":-12.2014},{"tweenEasing":0,"duration":7,"rotate":59.2859},{"tweenEasing":0,"duration":8,"rotate":-3.4145},{"duration":0}],"scaleFrame":[{"tweenEasing":0,"duration":30},{"duration":2,"curve":[0.5,0,0.5,1]},{"tweenEasing":0,"duration":7},{"tweenEasing":0,"duration":8},{"duration":0}],"name":"hb","translateFrame":[{"tweenEasing":0,"duration":30},{"duration":2,"curve":[0.5,0,0.5,1]},{"tweenEasing":0,"duration":7},{"tweenEasing":0,"duration":8},{"duration":0}]}],"slot":[{"colorFrame":[],"displayFrame":[],"name":"bz"},{"colorFrame":[],"displayFrame":[],"name":"wb"},{"colorFrame":[],"displayFrame":[],"name":"td3"},{"colorFrame":[],"displayFrame":[],"name":"td2"},{"colorFrame":[],"displayFrame":[],"name":"td1"},{"colorFrame":[],"displayFrame":[],"name":"tc3"},{"colorFrame":[],"displayFrame":[],"name":"tc2"},{"colorFrame":[],"displayFrame":[],"name":"tc1"},{"colorFrame":[],"displayFrame":[],"name":"hb"},{"colorFrame":[],"displayFrame":[],"name":"ha"},{"colorFrame":[],"displayFrame":[],"name":"st"},{"colorFrame":[],"displayFrame":[],"name":"tb3"},{"colorFrame":[],"displayFrame":[],"name":"tb2"},{"colorFrame":[],"displayFrame":[],"name":"tb1"},{"colorFrame":[],"displayFrame":[],"name":"ta3"},{"colorFrame":[],"displayFrame":[],"name":"ta2"},{"colorFrame":[],"displayFrame":[],"name":"ta1"}],"ffd":[],"name":"2","playTimes":0},{"ik":[],"frame":[],"duration":30,"bone":[{"rotateFrame":[{"duration":30}],"scaleFrame":[{"duration":30}],"name":"root","translateFrame":[{"duration":30}]},{"rotateFrame":[{"tweenEasing":0,"duration":10},{"tweenEasing":0,"duration":10},{"tweenEasing":0,"duration":10},{"duration":0}],"scaleFrame":[{"tweenEasing":0,"duration":10},{"tweenEasing":0,"duration":10},{"tweenEasing":0,"duration":10},{"duration":0}],"name":"bone","translateFrame":[{"tweenEasing":0,"duration":10},{"tweenEasing":0,"duration":10},{"tweenEasing":0,"duration":10},{"duration":0}]},{"rotateFrame":[{"tweenEasing":0,"duration":3},{"tweenEasing":0,"duration":7,"rotate":-0.3765},{"tweenEasing":0,"duration":10,"rotate":-1.2549},{"tweenEasing":0,"duration":10,"rotate":27.3302},{"duration":0}],"scaleFrame":[{"tweenEasing":0,"duration":3},{"tweenEasing":0,"duration":7},{"tweenEasing":0,"duration":10},{"tweenEasing":0,"duration":10},{"duration":0}],"name":"st","translateFrame":[{"tweenEasing":0,"duration":3},{"tweenEasing":0,"y":3.8618,"duration":7,"x":0.5336},{"tweenEasing":0,"y":-31.1275,"duration":10,"x":1.7787},{"tweenEasing":0,"y":-13.3404,"duration":10,"x":1.7787},{"duration":0}]},{"rotateFrame":[{"tweenEasing":0,"duration":3},{"tweenEasing":0,"duration":7,"rotate":-3.3712},{"tweenEasing":0,"duration":10,"rotate":-73.6126},{"tweenEasing":0,"duration":10,"rotate":-64.3984},{"duration":0}],"scaleFrame":[{"tweenEasing":0,"duration":3},{"tweenEasing":0,"duration":7},{"tweenEasing":0,"duration":10},{"tweenEasing":0,"duration":10},{"duration":0}],"name":"tc1","translateFrame":[{"tweenEasing":0,"duration":3},{"tweenEasing":0,"duration":7},{"tweenEasing":0,"duration":10},{"tweenEasing":0,"duration":10},{"duration":0}]},{"rotateFrame":[{"tweenEasing":0,"duration":3},{"tweenEasing":0,"duration":7,"rotate":-9.2404},{"tweenEasing":0,"duration":10,"rotate":34.9128},{"tweenEasing":0,"duration":10,"rotate":28.1437},{"duration":0}],"scaleFrame":[{"tweenEasing":0,"duration":3},{"tweenEasing":0,"duration":7},{"tweenEasing":0,"duration":10},{"tweenEasing":0,"duration":10},{"duration":0}],"name":"td1","translateFrame":[{"tweenEasing":0,"duration":3},{"tweenEasing":0,"y":-0.6518,"duration":7,"x":-3.0272},{"tweenEasing":0,"y":-2.1726,"duration":10,"x":-10.0908},{"tweenEasing":0,"duration":10},{"duration":0}]},{"rotateFrame":[{"tweenEasing":0,"duration":3},{"tweenEasing":0,"duration":7,"rotate":-18.1186},{"tweenEasing":0,"duration":10,"rotate":31.2191},{"tweenEasing":0,"duration":10,"rotate":19.4254},{"duration":0}],"scaleFrame":[{"tweenEasing":0,"duration":3},{"tweenEasing":0,"duration":7},{"tweenEasing":0,"duration":10},{"tweenEasing":0,"duration":10},{"duration":0}],"name":"tb1","translateFrame":[{"tweenEasing":0,"duration":3},{"tweenEasing":0,"y":-0.0168,"duration":7,"x":0.976},{"tweenEasing":0,"y":-0.056,"duration":10,"x":3.2532},{"tweenEasing":0,"duration":10},{"duration":0}]},{"rotateFrame":[{"tweenEasing":0,"duration":10},{"tweenEasing":0,"duration":10},{"tweenEasing":0,"duration":10},{"duration":0}],"scaleFrame":[{"tweenEasing":0,"duration":10},{"tweenEasing":0,"duration":10},{"tweenEasing":0,"duration":10},{"duration":0}],"name":"wb","translateFrame":[{"tweenEasing":0,"duration":10},{"tweenEasing":0,"duration":10},{"tweenEasing":0,"duration":10},{"duration":0}]},{"rotateFrame":[{"tweenEasing":0,"duration":10},{"tweenEasing":0,"duration":10,"rotate":-4.2495},{"tweenEasing":0,"duration":10},{"duration":0}],"scaleFrame":[{"tweenEasing":0,"duration":10},{"tweenEasing":0,"duration":10},{"tweenEasing":0,"duration":10},{"duration":0}],"name":"bz","translateFrame":[{"tweenEasing":0,"duration":10},{"tweenEasing":0,"duration":10},{"tweenEasing":0,"duration":10},{"duration":0}]},{"rotateFrame":[{"tweenEasing":0,"duration":3},{"tweenEasing":0,"duration":7,"rotate":-2.4168},{"tweenEasing":0,"duration":10,"rotate":-65.5513},{"tweenEasing":0,"duration":10,"rotate":-76.8653},{"duration":0}],"scaleFrame":[{"tweenEasing":0,"duration":3},{"tweenEasing":0,"duration":7},{"tweenEasing":0,"duration":10},{"tweenEasing":0,"duration":10},{"duration":0}],"name":"ta1","translateFrame":[{"tweenEasing":0,"duration":3},{"tweenEasing":0,"duration":7},{"tweenEasing":0,"duration":10},{"tweenEasing":0,"duration":10},{"duration":0}]},{"rotateFrame":[{"tweenEasing":0,"duration":3},{"tweenEasing":0,"duration":7,"rotate":-25.3869},{"tweenEasing":0,"duration":10},{"tweenEasing":0,"duration":10,"rotate":6.8405},{"duration":0}],"scaleFrame":[{"tweenEasing":0,"duration":3},{"tweenEasing":0,"duration":7},{"tweenEasing":0,"duration":10},{"tweenEasing":0,"duration":10},{"duration":0}],"name":"tc2","translateFrame":[{"tweenEasing":0,"duration":3},{"tweenEasing":0,"duration":7},{"tweenEasing":0,"duration":10},{"tweenEasing":0,"duration":10},{"duration":0}]},{"rotateFrame":[{"tweenEasing":0,"duration":3},{"tweenEasing":0,"duration":7,"rotate":28.5092},{"tweenEasing":0,"duration":10,"rotate":98.0862},{"tweenEasing":0,"duration":10,"rotate":20.8435},{"duration":0}],"scaleFrame":[{"tweenEasing":0,"duration":3},{"tweenEasing":0,"duration":7},{"tweenEasing":0,"duration":10},{"tweenEasing":0,"duration":10},{"duration":0}],"name":"td2","translateFrame":[{"tweenEasing":0,"duration":3},{"tweenEasing":0,"y":-2.7424,"duration":7,"x":0.2135},{"tweenEasing":0,"y":-9.1414,"duration":10,"x":0.7117},{"tweenEasing":0,"duration":10},{"duration":0}]},{"rotateFrame":[{"tweenEasing":0,"duration":10},{"tweenEasing":0,"duration":10},{"tweenEasing":0,"duration":10},{"duration":0}],"scaleFrame":[{"tweenEasing":0,"duration":10},{"tweenEasing":0,"duration":10},{"tweenEasing":0,"duration":10},{"duration":0}],"name":"ha","translateFrame":[{"tweenEasing":0,"duration":10},{"tweenEasing":0,"duration":10},{"tweenEasing":0,"duration":10},{"duration":0}]},{"rotateFrame":[{"tweenEasing":0,"duration":3},{"tweenEasing":0,"duration":7,"rotate":52.3596},{"tweenEasing":0,"duration":10,"rotate":102.1165},{"tweenEasing":0,"duration":10,"rotate":25.3407},{"duration":0}],"scaleFrame":[{"tweenEasing":0,"duration":3},{"tweenEasing":0,"duration":7},{"tweenEasing":0,"duration":10},{"tweenEasing":0,"duration":10},{"duration":0}],"name":"tb2","translateFrame":[{"tweenEasing":0,"duration":3},{"tweenEasing":0,"y":-1.8191,"duration":7,"x":0.463},{"tweenEasing":0,"y":-6.0635,"duration":10,"x":1.5432},{"tweenEasing":0,"duration":10},{"duration":0}]},{"rotateFrame":[{"tweenEasing":0,"duration":3},{"tweenEasing":0,"duration":7,"rotate":-25.8319},{"tweenEasing":0,"duration":10},{"tweenEasing":0,"duration":10,"rotate":21.9669},{"duration":0}],"scaleFrame":[{"tweenEasing":0,"duration":3},{"tweenEasing":0,"duration":7},{"tweenEasing":0,"duration":10},{"tweenEasing":0,"duration":10},{"duration":0}],"name":"ta2","translateFrame":[{"tweenEasing":0,"duration":3},{"tweenEasing":0,"duration":7},{"tweenEasing":0,"duration":10},{"tweenEasing":0,"duration":10},{"duration":0}]},{"rotateFrame":[{"tweenEasing":0,"duration":10},{"tweenEasing":0,"duration":10},{"tweenEasing":0,"duration":10},{"duration":0}],"scaleFrame":[{"tweenEasing":0,"duration":10},{"tweenEasing":0,"duration":10},{"tweenEasing":0,"duration":10},{"duration":0}],"name":"ta3","translateFrame":[{"tweenEasing":0,"duration":10},{"tweenEasing":0,"duration":10},{"tweenEasing":0,"duration":10},{"duration":0}]},{"rotateFrame":[{"tweenEasing":0,"duration":10},{"tweenEasing":0,"duration":10},{"tweenEasing":0,"duration":10},{"duration":0}],"scaleFrame":[{"tweenEasing":0,"duration":10},{"tweenEasing":0,"duration":10},{"tweenEasing":0,"duration":10},{"duration":0}],"name":"tc3","translateFrame":[{"tweenEasing":0,"duration":10},{"tweenEasing":0,"duration":10},{"tweenEasing":0,"duration":10},{"duration":0}]},{"rotateFrame":[{"tweenEasing":0,"duration":10},{"tweenEasing":0,"duration":10},{"tweenEasing":0,"duration":10},{"duration":0}],"scaleFrame":[{"tweenEasing":0,"duration":10},{"tweenEasing":0,"duration":10},{"tweenEasing":0,"duration":10},{"duration":0}],"name":"td3","translateFrame":[{"tweenEasing":0,"duration":10},{"tweenEasing":0,"duration":10},{"tweenEasing":0,"duration":10},{"duration":0}]},{"rotateFrame":[{"tweenEasing":0,"duration":10},{"tweenEasing":0,"duration":10},{"tweenEasing":0,"duration":10},{"duration":0}],"scaleFrame":[{"tweenEasing":0,"duration":10},{"tweenEasing":0,"duration":10},{"tweenEasing":0,"duration":10},{"duration":0}],"name":"tb3","translateFrame":[{"tweenEasing":0,"duration":10},{"tweenEasing":0,"duration":10},{"tweenEasing":0,"duration":10},{"duration":0}]},{"rotateFrame":[{"tweenEasing":0,"duration":10},{"tweenEasing":0,"duration":10},{"tweenEasing":0,"duration":10},{"duration":0}],"scaleFrame":[{"tweenEasing":0,"duration":10},{"tweenEasing":0,"duration":10},{"tweenEasing":0,"duration":10},{"duration":0}],"name":"hb","translateFrame":[{"tweenEasing":0,"duration":10},{"tweenEasing":0,"duration":10},{"tweenEasing":0,"duration":10},{"duration":0}]}],"slot":[{"colorFrame":[],"displayFrame":[],"name":"bz"},{"colorFrame":[],"displayFrame":[],"name":"wb"},{"colorFrame":[],"displayFrame":[],"name":"td3"},{"colorFrame":[],"displayFrame":[],"name":"td2"},{"colorFrame":[],"displayFrame":[],"name":"td1"},{"colorFrame":[],"displayFrame":[],"name":"tc3"},{"colorFrame":[],"displayFrame":[],"name":"tc2"},{"colorFrame":[],"displayFrame":[],"name":"tc1"},{"colorFrame":[],"displayFrame":[],"name":"hb"},{"colorFrame":[],"displayFrame":[],"name":"ha"},{"colorFrame":[],"displayFrame":[],"name":"st"},{"colorFrame":[],"displayFrame":[],"name":"tb3"},{"colorFrame":[],"displayFrame":[],"name":"tb2"},{"colorFrame":[],"displayFrame":[],"name":"tb1"},{"colorFrame":[],"displayFrame":[],"name":"ta3"},{"colorFrame":[],"displayFrame":[],"name":"ta2"},{"colorFrame":[],"displayFrame":[],"name":"ta1"}],"ffd":[],"name":"3","playTimes":0}],"type":"Armature","name":"7gou","bone":[{"name":"root","transform":{}},{"transform":{},"name":"bone","parent":"root"},{"length":35,"transform":{"y":-99.777,"skX":-7.2648,"skY":-7.2648,"x":-2.4362},"parent":"bone","name":"st"},{"length":38,"transform":{"y":21.1615,"skX":96.7378,"skY":96.7378,"x":66.2623},"parent":"st","name":"tc1"},{"length":38,"transform":{"y":17.6791,"skX":95.3186,"skY":95.3186,"x":-44.6231},"parent":"st","name":"td1"},{"length":46,"transform":{"y":11.6977,"skX":101.977,"skY":101.977,"x":-62.7448},"parent":"st","name":"tb1"},{"length":15,"transform":{"y":-2.0231,"skX":-113.4707,"skY":-113.4707,"x":-69.6452},"parent":"st","name":"wb"},{"length":18,"transform":{"y":-21.5022,"skX":-34.6411,"skY":-34.6411,"x":51.5072},"parent":"st","name":"bz"},{"length":29,"transform":{"y":23.8289,"skX":98.615,"skY":98.615,"x":41.7196},"parent":"st","name":"ta1"},{"length":31,"transform":{"y":-1.5051,"skX":-27.4552,"skY":-27.4552,"x":37.571},"parent":"tc1","name":"tc2"},{"length":34,"transform":{"y":7.0681,"skX":-20.4674,"skY":-20.4674,"x":34.5637},"parent":"td1","name":"td2"},{"length":43,"transform":{"y":10.9117,"skX":-44.8556,"skY":-44.8556,"x":16.7103},"parent":"bz","name":"ha"},{"length":25,"transform":{"y":1.9059,"skX":-17.5013,"skY":-17.5013,"x":42.0833},"parent":"tb1","name":"tb2"},{"length":30,"transform":{"y":7.3197,"skX":-28.8403,"skY":-28.8403,"x":43.1384},"parent":"ta1","name":"ta2"},{"length":11,"transform":{"y":-3.0659,"skX":-28.9266,"skY":-28.9266,"x":31.8185},"parent":"td2","name":"td3"},{"length":13,"transform":{"y":1.9455,"skX":2.6164,"skY":2.6164,"x":32.0483},"parent":"tc2","name":"tc3"},{"length":12,"transform":{"y":-0.3668,"skX":13.0127,"skY":13.0127,"x":31.8782},"parent":"ta2","name":"ta3"},{"length":10,"transform":{"y":-0.7918,"skX":-41.8997,"skY":-41.8997,"x":35.1119},"parent":"tb2","name":"tb3"},{"length":27,"transform":{"y":-3.2996,"skX":95.5235,"skY":95.5235,"x":2.687},"parent":"ha","name":"hb"}],"aabb":{"width":227.20485422392218,"y":-235.07946564718077,"height":239.70215612072093,"x":-102.16990754472941},"slot":[{"name":"bz","parent":"bz","color":{}},{"z":1,"name":"wb","parent":"wb","color":{}},{"z":2,"name":"td3","parent":"td3","color":{}},{"z":3,"name":"td2","parent":"td2","color":{}},{"z":4,"name":"td1","parent":"td1","color":{}},{"z":5,"name":"tc3","parent":"tc3","color":{}},{"z":6,"name":"tc2","parent":"tc2","color":{}},{"z":7,"name":"tc1","parent":"tc1","color":{}},{"z":8,"name":"hb","parent":"hb","color":{}},{"z":9,"name":"ha","parent":"ha","color":{}},{"z":10,"name":"st","parent":"st","color":{}},{"z":11,"name":"tb3","parent":"tb3","color":{}},{"z":12,"name":"tb2","parent":"tb2","color":{}},{"z":13,"name":"tb1","parent":"tb1","color":{}},{"z":14,"name":"ta3","parent":"ta3","color":{}},{"z":15,"name":"ta2","parent":"ta2","color":{}},{"z":16,"name":"ta1","parent":"ta1","color":{}}],"frameRate":60,"defaultActions":[{"gotoAndPlay":"1"}],"ik":[]}]}