{"width":256,"imagePath":"7gou_tex.png","height":512,"name":"7gou","SubTexture":[{"width":58,"y":62,"height":42,"name":"bz","x":172},{"width":42,"y":1,"height":59,"name":"wb","x":172},{"width":20,"y":71,"height":12,"name":"td3","x":232},{"width":31,"y":297,"height":35,"name":"td2","x":206},{"width":32,"y":212,"height":46,"name":"td1","x":203},{"width":21,"y":56,"height":13,"name":"tc3","x":232},{"width":31,"y":260,"height":41,"name":"tc2","x":173},{"width":30,"y":160,"height":50,"name":"tc1","x":203},{"width":62,"y":236,"height":33,"name":"hb","x":109},{"width":106,"y":119,"height":121,"name":"xionge","x":1},{"width":92,"y":119,"height":115,"name":"ha","x":109},{"width":169,"y":1,"height":116,"name":"st","x":1},{"width":20,"y":106,"height":11,"name":"tb3","x":172},{"width":26,"y":242,"height":39,"name":"tb2","x":1},{"width":37,"y":106,"height":52,"name":"tb1","x":203},{"width":25,"y":236,"height":12,"name":"ta3","x":173},{"width":32,"y":260,"height":35,"name":"ta2","x":206},{"width":39,"y":1,"height":53,"name":"ta1","x":216}]}