{"frameRate":60,"isGlobal":0,"name":"C","version":"5.0","armature":[{"skin":[{"name":"","slot":[{"display":[{"path":"tya","type":"image","name":"tya","transform":{"skY":-89.0395,"y":-1.3586,"skX":-89.0395,"x":33.0468}}],"name":"tya"},{"display":[{"path":"tyb","type":"image","name":"tyb","transform":{"skY":-86.1634,"y":-3.0471,"skX":-86.1634,"x":12.5463}}],"name":"tyb"},{"display":[{"path":"tza","type":"image","name":"tza","transform":{"skY":-90,"y":-0.3729,"skX":-90,"x":32.3348}}],"name":"tza"},{"display":[{"path":"q","type":"image","name":"q","transform":{"skY":-85.6686,"y":1.907,"skX":-85.6686,"x":27.6165}},{"path":"q1","type":"image","name":"q1","transform":{"skY":-87.3185,"y":2.0769,"skX":-87.3185,"x":27.4215}}],"name":"q"},{"display":[{"path":"sya","type":"image","name":"sya","transform":{"skY":-94.9227,"y":0.5807,"skX":-94.9227,"x":21.3821}}],"name":"sya"},{"display":[{"path":"ba","type":"image","name":"ba","transform":{"skY":-75.8309,"y":3.1684,"skX":-75.8309,"x":10.4699}}],"name":"ba"},{"display":[{"path":"sza","type":"image","name":"sza","transform":{"skY":-82.7509,"y":1.6799,"skX":-82.7509,"x":41.9166}}],"name":"sza"},{"display":[{"path":"tzb","type":"image","name":"tzb","transform":{"skY":-86.5398,"y":-0.9416,"skX":-86.5398,"x":11.9102}}],"name":"tzb"},{"display":[{"path":"syb","type":"image","name":"syb","transform":{"skY":-66.9404,"y":-4.3985,"skX":-66.9404,"x":22.5057}}],"name":"syb"},{"display":[{"path":"ha","type":"image","name":"ha","transform":{"skY":90,"y":-1.2999,"skX":90,"x":86.4571}}],"name":"ha"},{"display":[{"vertices":[-38,-58.05,-38,15.85,-38,58.05,4.5,58.05,38,58.05,38,14.5,38,-58.05,1.05,-58.05],"path":"st","weights":[2,2,0.23206918997215006,6,0.76793081002785,2,2,0.48108877733709504,6,0.518911222662905,2,2,0.6504046462258886,6,0.3495953537741116,2,2,0.9412088724816201,6,0.05879112751837987,2,2,0.7966744280652285,6,0.2033255719347715,2,2,0.5525937850031593,6,0.44740621499684086,2,2,0.21549261141361156,6,0.7845073885863884,2,2,0.09741458436114227,6,0.9025854156388577],"userEdges":[],"name":"st","edges":[0,1,1,2,2,3,3,4,4,5,5,6,6,7,7,0],"bonePose":[2,-0.036333334928180076,-0.9993397264058885,0.9993397264058885,-0.036333334928180076,1.07332969554288,-160.87185415114067,6,-0.06290547086323733,-0.9980194896571278,0.9980194896571278,-0.06290547086323733,-2.5500000000000007,-200.15000000000003],"type":"mesh","transform":{"skY":93.6066,"y":-5.9826,"skX":93.6066,"x":7.7929},"uvs":[0,-0.00043,0,0.63664,0,1.00043,0.55921,1.00043,1,1.00043,1,0.625,1,-0.00043,0.51382,-0.00043],"width":76,"height":116,"slotPose":[1.0000000000000007,1.1976530878143876e-14,-1.1976530878143876e-14,1.0000000000000007,-9.010948905108648,-207.55109489051108],"triangles":[1,3,5,7,1,5,7,5,6,5,3,4,0,1,7,1,2,3]}],"name":"st"},{"display":[{"path":"bb","type":"image","name":"bb","transform":{"skY":-80.2882,"y":-1.4581,"skX":-80.2882,"x":24.9368}}],"name":"bb"}]}],"animation":[{"frame":[],"duration":40,"bone":[{"frame":[{"duration":40,"transform":{}}],"name":"root"},{"frame":[{"tweenEasing":0,"duration":10,"transform":{}},{"tweenEasing":0,"duration":10,"transform":{}},{"tweenEasing":0,"duration":10,"transform":{}},{"tweenEasing":0,"duration":10,"transform":{}},{"duration":0,"transform":{}}],"name":"bone"},{"frame":[{"tweenEasing":0,"duration":10,"transform":{"skY":19.9461,"skX":19.9461}},{"tweenEasing":0,"duration":10,"transform":{"skY":11.4147,"y":15.5715,"skX":11.4147}},{"tweenEasing":0,"duration":10,"transform":{"skY":19.9461,"skX":19.9461}},{"tweenEasing":0,"duration":10,"transform":{"skY":11.4147,"y":15.5715,"skX":11.4147}},{"duration":0,"transform":{"skY":19.9461,"skX":19.9461}}],"name":"st"},{"frame":[{"tweenEasing":0,"duration":10,"transform":{"skY":6.6254,"skX":6.6254}},{"tweenEasing":0,"duration":10,"transform":{"skY":17.7394,"y":15.5715,"skX":17.7394}},{"tweenEasing":0,"duration":10,"transform":{"skY":6.6254,"skX":6.6254}},{"tweenEasing":0,"duration":10,"transform":{"skY":17.7394,"y":15.5715,"skX":17.7394}},{"duration":0,"transform":{"skY":6.6254,"skX":6.6254}}],"name":"q"},{"frame":[{"tweenEasing":0,"duration":10,"transform":{"skY":7.7418,"y":-14.9468,"skX":7.7418,"x":-2.0606}},{"tweenEasing":0,"duration":10,"transform":{"skY":34.1028,"y":2.2396,"skX":34.1028,"x":2.0363}},{"tweenEasing":0,"duration":5,"transform":{"skY":7.7418,"y":-14.9468,"skX":7.7418,"x":-2.0606}},{"tweenEasing":0,"duration":5,"transform":{"skY":-22.4449,"y":-33.409,"skX":-22.4449,"x":-8.9922}},{"tweenEasing":0,"duration":10,"transform":{"skY":-32.5978,"y":-30.0656,"skX":-32.5978,"x":-1.4969}},{"duration":0,"transform":{"skY":7.7418,"y":-14.9468,"skX":7.7418,"x":-2.0606}}],"name":"tya"},{"frame":[{"tweenEasing":0,"duration":5,"transform":{"skY":2.1608,"y":18.2425,"skX":2.1608,"x":-2.6629}},{"tweenEasing":0,"duration":5,"transform":{"skY":-27.3596,"y":12.0335,"skX":-27.3596,"x":-14.7216}},{"tweenEasing":0,"duration":10,"transform":{"skY":-27.5484,"y":5.0991,"skX":-27.5484,"x":-9.0106}},{"tweenEasing":0,"duration":10,"transform":{"skY":2.1608,"y":18.2425,"skX":2.1608,"x":-2.6629}},{"tweenEasing":0,"duration":10,"transform":{"skY":37.7657,"y":45.4202,"skX":37.7657,"x":1.7201}},{"duration":0,"transform":{"skY":2.1608,"y":18.2425,"skX":2.1608,"x":-2.6629}}],"name":"tza"},{"frame":[{"tweenEasing":0,"duration":10,"transform":{}},{"tweenEasing":0,"duration":10,"transform":{"skY":5.3538,"skX":5.3538}},{"tweenEasing":0,"duration":10,"transform":{}},{"tweenEasing":0,"duration":10,"transform":{"skY":5.3538,"skX":5.3538}},{"duration":0,"transform":{}}],"name":"st1"},{"frame":[{"tweenEasing":0,"duration":10,"transform":{}},{"tweenEasing":0,"duration":10,"transform":{"skY":-10.8841,"skX":-10.8841}},{"tweenEasing":0,"duration":10,"transform":{}},{"tweenEasing":0,"duration":10,"transform":{"skY":2.6221,"skX":2.6221}},{"duration":0,"transform":{}}],"name":"sza"},{"frame":[{"tweenEasing":0,"duration":10,"transform":{}},{"tweenEasing":0,"duration":10,"transform":{"skY":-6.5944,"skX":-6.5944}},{"tweenEasing":0,"duration":10,"transform":{}},{"tweenEasing":0,"duration":10,"transform":{"skY":3.2226,"skX":3.2226}},{"duration":0,"transform":{}}],"name":"bb"},{"frame":[{"tweenEasing":0,"duration":10,"transform":{}},{"tweenEasing":0,"duration":10,"transform":{"skY":47.6497,"skX":47.6497}},{"tweenEasing":0,"duration":10,"transform":{}},{"tweenEasing":0,"duration":10,"transform":{"skY":-52.178,"skX":-52.178}},{"duration":0,"transform":{}}],"name":"sya"},{"frame":[{"tweenEasing":0,"duration":10,"transform":{}},{"tweenEasing":0,"duration":10,"transform":{}},{"tweenEasing":0,"duration":10,"transform":{}},{"tweenEasing":0,"duration":10,"transform":{}},{"duration":0,"transform":{}}],"name":"tyb"},{"frame":[{"tweenEasing":0,"duration":10,"transform":{}},{"tweenEasing":0,"duration":10,"transform":{}},{"tweenEasing":0,"duration":10,"transform":{}},{"tweenEasing":0,"duration":10,"transform":{}},{"duration":0,"transform":{}}],"name":"tzb"},{"frame":[{"tweenEasing":0,"duration":10,"transform":{}},{"tweenEasing":0,"duration":10,"transform":{"skY":-6.3604,"skX":-6.3604}},{"tweenEasing":0,"duration":10,"transform":{}},{"tweenEasing":0,"duration":10,"transform":{"skY":-6.3604,"skX":-6.3604}},{"duration":0,"transform":{}}],"name":"ha"},{"frame":[{"tweenEasing":0,"duration":10,"transform":{}},{"tweenEasing":0,"duration":10,"transform":{}},{"tweenEasing":0,"duration":10,"transform":{}},{"tweenEasing":0,"duration":10,"transform":{"skY":-21.6699,"skX":-21.6699}},{"duration":0,"transform":{}}],"name":"syb"},{"frame":[{"tweenEasing":0,"duration":10,"transform":{}},{"tweenEasing":0,"duration":10,"transform":{}},{"tweenEasing":0,"duration":10,"transform":{}},{"tweenEasing":0,"duration":10,"transform":{}},{"duration":0,"transform":{}}],"name":"ba"}],"slot":[],"ffd":[],"ik":[],"name":"2","playTimes":0},{"frame":[],"duration":90,"bone":[{"frame":[{"duration":90,"transform":{}}],"name":"root"},{"frame":[{"tweenEasing":0,"duration":10,"transform":{}},{"tweenEasing":0,"duration":10,"transform":{}},{"tweenEasing":0,"duration":10,"transform":{}},{"tweenEasing":0,"duration":10,"transform":{}},{"tweenEasing":0,"duration":2,"transform":{}},{"duration":48,"transform":{}}],"name":"bone"},{"frame":[{"tweenEasing":0,"duration":10,"transform":{"skY":19.9461,"skX":19.9461}},{"tweenEasing":0,"duration":10,"transform":{"skY":11.4147,"y":15.5715,"skX":11.4147}},{"tweenEasing":0,"duration":10,"transform":{"skY":19.9461,"skX":19.9461}},{"tweenEasing":0,"duration":10,"transform":{"skY":11.4147,"y":15.5715,"skX":11.4147}},{"tweenEasing":0,"duration":2,"transform":{"skY":19.9461,"skX":19.9461}},{"tweenEasing":0,"duration":18,"transform":{"skY":22.7023,"skX":22.7023}},{"tweenEasing":0,"duration":20,"transform":{"skY":3.4327,"skX":3.4327}},{"tweenEasing":0,"duration":10,"transform":{"skY":3.5825,"skX":3.5825}},{"duration":0,"transform":{}}],"name":"st"},{"frame":[{"tweenEasing":0,"duration":10,"transform":{"skY":6.6254,"skX":6.6254}},{"tweenEasing":0,"duration":10,"transform":{"skY":17.7394,"y":15.5715,"skX":17.7394}},{"tweenEasing":0,"duration":10,"transform":{"skY":6.6254,"skX":6.6254}},{"tweenEasing":0,"duration":10,"transform":{"skY":17.7394,"y":15.5715,"skX":17.7394}},{"tweenEasing":0,"duration":2,"transform":{"skY":6.6254,"skX":6.6254}},{"tweenEasing":0,"duration":18,"transform":{"skY":-16.2539,"skX":-16.2539}},{"tweenEasing":0,"duration":20,"transform":{"skY":-16.5323,"skX":-16.5323}},{"tweenEasing":0,"duration":10,"transform":{"skY":3.5825,"skX":3.5825}},{"duration":0,"transform":{}}],"name":"q"},{"frame":[{"tweenEasing":0,"duration":10,"transform":{"skY":7.7418,"y":-14.9468,"skX":7.7418,"x":-2.0606}},{"tweenEasing":0,"duration":10,"transform":{"skY":34.1028,"y":2.2396,"skX":34.1028,"x":2.0363}},{"tweenEasing":0,"duration":5,"transform":{"skY":7.7418,"y":-14.9468,"skX":7.7418,"x":-2.0606}},{"tweenEasing":0,"duration":5,"transform":{"skY":-22.4449,"y":-33.409,"skX":-22.4449,"x":-8.9922}},{"tweenEasing":0,"duration":10,"transform":{"skY":-32.5978,"y":-30.0656,"skX":-32.5978,"x":-1.4969}},{"tweenEasing":0,"duration":2,"transform":{"skY":7.7418,"y":-14.9468,"skX":7.7418,"x":-2.0606}},{"tweenEasing":0,"duration":18,"transform":{"skY":22.2776,"y":1.6365,"skX":22.2776,"x":2.7982}},{"tweenEasing":0,"duration":20,"transform":{"skY":22.2776,"y":1.6365,"skX":22.2776,"x":2.7982}},{"tweenEasing":0,"duration":10,"transform":{"skY":3.5825,"skX":3.5825}},{"duration":0,"transform":{}}],"name":"tya"},{"frame":[{"tweenEasing":0,"duration":5,"transform":{"skY":2.1608,"y":18.2425,"skX":2.1608,"x":-2.6629}},{"tweenEasing":0,"duration":5,"transform":{"skY":-27.3596,"y":12.0335,"skX":-27.3596,"x":-14.7216}},{"tweenEasing":0,"duration":10,"transform":{"skY":-27.5484,"y":5.0991,"skX":-27.5484,"x":-9.0106}},{"tweenEasing":0,"duration":10,"transform":{"skY":2.1608,"y":18.2425,"skX":2.1608,"x":-2.6629}},{"tweenEasing":0,"duration":10,"transform":{"skY":37.7657,"y":45.4202,"skX":37.7657,"x":1.7201}},{"tweenEasing":0,"duration":2,"transform":{"skY":2.1608,"y":18.2425,"skX":2.1608,"x":-2.6629}},{"tweenEasing":0,"duration":18,"transform":{"skY":-39.1695,"y":3.619,"skX":-39.1695,"x":-4.4733}},{"tweenEasing":0,"duration":20,"transform":{"skY":-39.1695,"y":3.619,"skX":-39.1695,"x":-4.4733}},{"tweenEasing":0,"duration":10,"transform":{"skY":3.5825,"skX":3.5825}},{"duration":0,"transform":{}}],"name":"tza"},{"frame":[{"tweenEasing":0,"duration":10,"transform":{}},{"tweenEasing":0,"duration":10,"transform":{"skY":5.3538,"skX":5.3538}},{"tweenEasing":0,"duration":10,"transform":{}},{"tweenEasing":0,"duration":10,"transform":{"skY":5.3538,"skX":5.3538}},{"tweenEasing":0,"duration":2,"transform":{}},{"tweenEasing":0,"duration":18,"transform":{"skY":9.1602,"skX":9.1602}},{"tweenEasing":0,"duration":20,"transform":{"skY":27.9591,"skX":27.9591}},{"tweenEasing":0,"duration":10,"transform":{"skY":3.5825,"skX":3.5825}},{"duration":0,"transform":{}}],"name":"st1"},{"frame":[{"tweenEasing":0,"duration":10,"transform":{}},{"tweenEasing":0,"duration":10,"transform":{"skY":-10.8841,"skX":-10.8841}},{"tweenEasing":0,"duration":10,"transform":{}},{"tweenEasing":0,"duration":10,"transform":{"skY":2.6221,"skX":2.6221}},{"tweenEasing":0,"duration":2,"transform":{}},{"tweenEasing":0,"duration":18,"transform":{"skY":-106.3616,"skX":-106.3616}},{"tweenEasing":0,"duration":20,"transform":{"skY":-107.6927,"skX":-107.6927}},{"tweenEasing":0,"duration":10,"transform":{"skY":3.5825,"skX":3.5825}},{"duration":0,"transform":{}}],"name":"sza"},{"frame":[{"tweenEasing":0,"duration":10,"transform":{}},{"tweenEasing":0,"duration":10,"transform":{"skY":-6.5944,"skX":-6.5944}},{"tweenEasing":0,"duration":10,"transform":{}},{"tweenEasing":0,"duration":10,"transform":{"skY":3.2226,"skX":3.2226}},{"tweenEasing":0,"duration":2,"transform":{}},{"tweenEasing":0,"duration":18,"transform":{}},{"tweenEasing":0,"duration":20,"transform":{}},{"tweenEasing":0,"duration":10,"transform":{"skY":3.5825,"skX":3.5825}},{"duration":0,"transform":{}}],"name":"bb"},{"frame":[{"tweenEasing":0,"duration":10,"transform":{}},{"tweenEasing":0,"duration":10,"transform":{"skY":47.6497,"skX":47.6497}},{"tweenEasing":0,"duration":10,"transform":{}},{"tweenEasing":0,"duration":10,"transform":{"skY":-52.178,"skX":-52.178}},{"tweenEasing":0,"duration":2,"transform":{}},{"tweenEasing":0,"duration":18,"transform":{"skY":-104.1418,"skX":-104.1418}},{"tweenEasing":0,"duration":20,"transform":{"skY":-98.2824,"skX":-98.2824}},{"tweenEasing":0,"duration":10,"transform":{"skY":3.5825,"skX":3.5825}},{"duration":0,"transform":{}}],"name":"sya"},{"frame":[{"tweenEasing":0,"duration":10,"transform":{}},{"tweenEasing":0,"duration":10,"transform":{}},{"tweenEasing":0,"duration":10,"transform":{}},{"tweenEasing":0,"duration":10,"transform":{}},{"tweenEasing":0,"duration":2,"transform":{}},{"tweenEasing":0,"duration":18,"transform":{}},{"tweenEasing":0,"duration":20,"transform":{}},{"tweenEasing":0,"duration":10,"transform":{"skY":3.5825,"skX":3.5825}},{"duration":0,"transform":{}}],"name":"tyb"},{"frame":[{"tweenEasing":0,"duration":10,"transform":{}},{"tweenEasing":0,"duration":10,"transform":{}},{"tweenEasing":0,"duration":10,"transform":{}},{"tweenEasing":0,"duration":10,"transform":{}},{"tweenEasing":0,"duration":2,"transform":{}},{"tweenEasing":0,"duration":18,"transform":{}},{"tweenEasing":0,"duration":20,"transform":{}},{"tweenEasing":0,"duration":10,"transform":{"skY":3.5825,"skX":3.5825}},{"duration":0,"transform":{}}],"name":"tzb"},{"frame":[{"tweenEasing":0,"duration":10,"transform":{}},{"tweenEasing":0,"duration":10,"transform":{"skY":-6.3604,"skX":-6.3604}},{"tweenEasing":0,"duration":10,"transform":{}},{"tweenEasing":0,"duration":10,"transform":{"skY":-6.3604,"skX":-6.3604}},{"tweenEasing":0,"duration":2,"transform":{}},{"tweenEasing":0,"duration":18,"transform":{"skY":1.6828,"skX":1.6828}},{"tweenEasing":0,"duration":20,"transform":{"skY":20.8334,"skX":20.8334}},{"tweenEasing":0,"duration":10,"transform":{"skY":3.5825,"skX":3.5825}},{"duration":0,"transform":{}}],"name":"ha"},{"frame":[{"tweenEasing":0,"duration":10,"transform":{}},{"tweenEasing":0,"duration":10,"transform":{}},{"tweenEasing":0,"duration":10,"transform":{}},{"tweenEasing":0,"duration":10,"transform":{"skY":-21.6699,"skX":-21.6699}},{"tweenEasing":0,"duration":2,"transform":{}},{"tweenEasing":0,"duration":18,"transform":{}},{"tweenEasing":0,"duration":20,"transform":{}},{"tweenEasing":0,"duration":10,"transform":{"skY":3.5825,"skX":3.5825}},{"duration":0,"transform":{}}],"name":"syb"},{"frame":[{"tweenEasing":0,"duration":10,"transform":{}},{"tweenEasing":0,"duration":10,"transform":{}},{"tweenEasing":0,"duration":10,"transform":{}},{"tweenEasing":0,"duration":10,"transform":{}},{"tweenEasing":0,"duration":2,"transform":{}},{"tweenEasing":0,"duration":18,"transform":{}},{"tweenEasing":0,"duration":20,"transform":{}},{"tweenEasing":0,"duration":10,"transform":{"skY":3.5825,"skX":3.5825}},{"duration":0,"transform":{}}],"name":"ba"}],"slot":[{"frame":[{"tweenEasing":null,"duration":42},{"tweenEasing":null,"displayIndex":1,"duration":48}],"name":"q"}],"ffd":[],"ik":[],"name":"3","playTimes":0},{"frame":[],"duration":80,"bone":[{"frame":[{"tweenEasing":0,"duration":40,"transform":{}},{"tweenEasing":0,"duration":40,"transform":{}},{"duration":0,"transform":{}}],"name":"root"},{"frame":[{"tweenEasing":0,"duration":40,"transform":{}},{"tweenEasing":0,"duration":40,"transform":{}},{"duration":0,"transform":{}}],"name":"bone"},{"frame":[{"tweenEasing":0,"duration":40,"transform":{}},{"tweenEasing":0,"duration":40,"transform":{"y":-2.16,"scX":1.02,"scY":1.02}},{"duration":0,"transform":{}}],"name":"st"},{"frame":[{"tweenEasing":0,"duration":40,"transform":{}},{"tweenEasing":0,"duration":40,"transform":{"skY":-2.6844,"scX":0.98,"scY":0.98,"skX":-2.6844}},{"duration":0,"transform":{}}],"name":"ha"},{"frame":[{"duration":80,"transform":{}}],"name":"st1"},{"frame":[{"tweenEasing":0,"duration":40,"transform":{}},{"tweenEasing":0,"duration":40,"transform":{"scX":0.98,"scY":0.98}},{"duration":0,"transform":{}}],"name":"sya"},{"frame":[{"duration":80,"transform":{}}],"name":"syb"},{"frame":[{"tweenEasing":0,"duration":40,"transform":{}},{"tweenEasing":0,"duration":40,"transform":{"scX":0.98,"scY":0.98}},{"duration":0,"transform":{}}],"name":"sza"},{"frame":[{"tweenEasing":0,"duration":40,"transform":{}},{"tweenEasing":0,"duration":40,"transform":{"scX":0.98,"scY":0.98}},{"duration":0,"transform":{}}],"name":"bb"},{"frame":[{"duration":80,"transform":{}}],"name":"ba"},{"frame":[{"duration":80,"transform":{}}],"name":"q"},{"frame":[{"duration":80,"transform":{}}],"name":"tya"},{"frame":[{"duration":80,"transform":{}}],"name":"tyb"},{"frame":[{"duration":80,"transform":{}}],"name":"tza"},{"frame":[{"duration":80,"transform":{}}],"name":"tzb"}],"slot":[{"frame":[{"tweenEasing":null,"displayIndex":1,"duration":80}],"name":"q"}],"ffd":[],"ik":[],"name":"1","playTimes":0}],"type":"Armature","name":"C","bone":[{"name":"root","transform":{}},{"transform":{},"name":"bone","parent":"root"},{"length":30,"transform":{"skY":-92.0822,"y":-143.9286,"skX":-92.0822,"x":1.0733},"parent":"bone","name":"st"},{"length":45,"transform":{"skY":85.6686,"y":-139.8568,"skX":85.6686},"parent":"bone","name":"q"},{"length":50,"transform":{"skY":3.3709,"y":20.443,"skX":3.3709,"x":42.8284},"parent":"q","name":"tya"},{"length":49,"transform":{"skY":4.3314,"y":-20.477,"skX":4.3314,"x":48.0838},"parent":"q","name":"tza"},{"length":41,"transform":{"skY":-1.5244,"y":-2.1938,"skX":-1.5244,"x":39.3839},"parent":"st","name":"st1"},{"length":88,"transform":{"skY":176.3575,"y":26.5372,"skX":176.3575,"x":32.3447},"parent":"st1","name":"sza"},{"length":50,"transform":{"skY":173.8948,"y":21.4509,"skX":173.8948,"x":33.517},"parent":"st1","name":"bb"},{"length":44,"transform":{"skY":-171.4707,"y":-35.6747,"skX":-171.4707,"x":28.5507},"parent":"st1","name":"sya"},{"length":25,"transform":{"skY":-2.8761,"y":-0.663,"skX":-2.8761,"x":61.8698},"parent":"tya","name":"tyb"},{"length":21,"transform":{"skY":-3.4602,"y":-1.3,"skX":-3.4602,"x":60.55},"parent":"tza","name":"tzb"},{"length":33,"transform":{"skY":3.6066,"y":-1.362,"skX":3.6066,"x":59.5276},"parent":"st1","name":"ha"},{"length":40,"transform":{"skY":-27.9823,"skX":-27.9823,"x":44.8655},"parent":"sya","name":"syb"},{"length":26,"transform":{"skY":-4.4574,"y":-6.0272,"skX":-4.4574,"x":69.4115},"parent":"bb","name":"ba"}],"aabb":{"width":145,"y":-423.9878675534337,"height":421.41279161683815,"x":-81.45381818337864},"slot":[{"name":"sza","parent":"sza","color":{}},{"z":1,"name":"ba","parent":"ba","color":{}},{"z":2,"name":"tza","parent":"tza","color":{}},{"z":3,"name":"tzb","parent":"tzb","color":{}},{"z":4,"name":"tya","parent":"tya","color":{}},{"z":5,"name":"tyb","parent":"tyb","color":{}},{"z":6,"name":"q","parent":"q","color":{}},{"z":7,"name":"st","parent":"st1","color":{}},{"z":8,"name":"ha","parent":"ha","color":{}},{"z":9,"name":"bb","parent":"bb","color":{}},{"z":10,"name":"sya","parent":"sya","color":{}},{"z":11,"name":"syb","parent":"syb","color":{}}],"ik":[],"frameRate":60,"defaultActions":[{"gotoAndPlay":"1"}]}]}