{"width":512,"imagePath":"C_tex.png","height":256,"name":"C","SubTexture":[{"width":34,"y":91,"height":101,"name":"sza","x":236},{"width":26,"y":194,"height":52,"name":"ba","x":236},{"width":21,"y":160,"height":72,"name":"tza","x":272},{"width":20,"y":193,"height":37,"name":"tzb","x":50},{"width":20,"y":160,"height":73,"name":"tya","x":295},{"width":23,"y":193,"height":37,"name":"tyb","x":25},{"width":86,"y":119,"height":88,"name":"q1","x":148},{"width":86,"y":1,"height":88,"name":"q","x":226},{"width":76,"y":1,"height":116,"name":"st","x":148},{"width":145,"y":1,"height":190,"name":"ha","x":1},{"width":20,"y":91,"height":67,"name":"bb","x":313},{"width":22,"y":193,"height":57,"name":"sya","x":1},{"width":39,"y":91,"height":67,"name":"syb","x":272}]}