{"frameRate":60,"isGlobal":0,"name":"haidao","version":"5.0","armature":[{"aabb":{"width":227.8253559036291,"y":-298.108346434002,"height":304.89523596458037,"x":-116.37124149257298},"skin":[{"name":"","slot":[{"display":[{"path":"zt1","type":"image","name":"zt1","transform":{"skY":-111.6148,"y":-0.7057,"skX":-111.6148,"x":46.6774}}],"name":"zt1"},{"display":[{"path":"ys1","type":"image","name":"ys1","transform":{"skY":27.6783,"y":-4.4337,"skX":27.6783,"x":40.1467}}],"name":"ys1"},{"display":[{"path":"zs2","type":"image","name":"zs2","transform":{"skY":-113.8801,"y":-0.7261,"skX":-113.8801,"x":41.3098}}],"name":"zs2"},{"display":[{"path":"st","type":"image","name":"st","transform":{"skY":92.2906,"y":9.2558,"skX":92.2906,"x":10.6092}}],"name":"st"},{"display":[{"path":"st2","type":"image","name":"st2","transform":{"skY":87.0097,"y":2.4208,"skX":87.0097,"x":15.9689}}],"name":"st2"},{"display":[{"path":"tou","type":"image","name":"tou","transform":{"skY":90.9575,"y":3.2325,"skX":90.9575,"x":41.0837}}],"name":"tou"},{"display":[{"path":"yt","type":"image","name":"yt","transform":{"skY":-76.5268,"y":2.5182,"skX":-76.5268,"x":24.007}}],"name":"yt"},{"display":[{"path":"st1","type":"image","name":"st1","transform":{"skY":92.7393,"y":-0.9364,"skX":92.7393,"x":7.8841}}],"name":"st1"},{"display":[{"path":"tou2","type":"image","name":"tou2","transform":{"skY":91.2977,"y":5.3799,"skX":91.2977,"x":50.8326}}],"name":"tou2"},{"display":[{"path":"zs1","type":"image","name":"zs1","transform":{"skY":-41.8026,"y":18.174,"scX":-1,"skX":-41.8026,"x":31.0653}}],"name":"zs1"},{"display":[{"path":"tou1","type":"image","name":"tou1","transform":{"skY":95.0169,"y":0.2708,"skX":95.0169,"x":60.9092}}],"name":"tou1"},{"display":[{"path":"zt2","type":"image","name":"zt2","transform":{"skY":-88.2021,"y":6.4465,"skX":-88.2021,"x":36.21}}],"name":"zt2"},{"display":[{"path":"yt1","type":"image","name":"yt1","transform":{"skY":-77.1025,"y":-2.9037,"skX":-77.1025,"x":47.199}}],"name":"yt1"},{"display":[{"path":"yt2","type":"image","name":"yt2","transform":{"skY":-92.1044,"y":0.1081,"skX":-92.1044,"x":36.2124}}],"name":"yt2"},{"display":[{"path":"zj","type":"image","name":"zj","transform":{"skY":-94.2213,"y":12.1973,"skX":-94.2213,"x":26.9486}}],"name":"zj"},{"display":[{"path":"ys2","type":"image","name":"ys2","transform":{"skY":-49.9397,"y":-4.4659,"skX":-49.9397,"x":46.3506}}],"name":"ys2"},{"display":[{"path":"ys","type":"image","name":"ys","transform":{"skY":46.3639,"y":-25.3342,"skX":46.3639,"x":82.7517}}],"name":"ys"},{"display":[{"path":"zs","type":"image","name":"zs","transform":{"skY":157.8781,"y":3.4879,"skX":157.8781,"x":36.0182}}],"name":"zs"}]}],"animation":[{"frame":[],"duration":60,"bone":[{"frame":[{"duration":60,"transform":{}}],"name":"root"},{"frame":[{"duration":60,"transform":{}}],"name":"bone"},{"frame":[{"tweenEasing":0,"duration":20,"transform":{}},{"tweenEasing":0,"duration":10,"transform":{"y":-1.7}},{"tweenEasing":0,"duration":10,"transform":{}},{"tweenEasing":0,"duration":20,"transform":{"y":-1.7}},{"duration":0,"transform":{}}],"name":"st"},{"frame":[{"tweenEasing":0,"duration":30,"transform":{}},{"tweenEasing":0,"duration":30,"transform":{"skY":-13.7142,"skX":-13.7142}},{"duration":0,"transform":{}}],"name":"tou"},{"frame":[{"tweenEasing":0,"duration":30,"transform":{}},{"tweenEasing":0,"duration":30,"transform":{"skY":-14.8972,"skX":-14.8972}},{"duration":0,"transform":{}}],"name":"ys"},{"frame":[{"tweenEasing":0,"duration":30,"transform":{}},{"tweenEasing":0,"duration":30,"transform":{"skY":13.7144,"skX":13.7144}},{"duration":0,"transform":{}}],"name":"zs"},{"frame":[{"tweenEasing":0,"duration":20,"transform":{}},{"tweenEasing":0,"duration":10,"transform":{"y":-0.0679,"x":-1.6986}},{"tweenEasing":0,"duration":10,"transform":{}},{"tweenEasing":0,"duration":20,"transform":{"y":-0.0679,"x":-1.6986}},{"duration":0,"transform":{}}],"name":"zj"},{"frame":[{"tweenEasing":0,"duration":20,"transform":{}},{"tweenEasing":0,"duration":10,"transform":{"y":-0.0679,"x":-1.6986}},{"tweenEasing":0,"duration":10,"transform":{}},{"tweenEasing":0,"duration":20,"transform":{"y":-0.0679,"x":-1.6986}},{"duration":0,"transform":{}}],"name":"yt"},{"frame":[{"duration":60,"transform":{}}],"name":"st1"},{"frame":[{"duration":60,"transform":{}}],"name":"tou1"},{"frame":[{"duration":60,"transform":{}}],"name":"ys1"},{"frame":[{"duration":60,"transform":{}}],"name":"zs1"},{"frame":[{"duration":60,"transform":{}}],"name":"zt1"},{"frame":[{"duration":60,"transform":{}}],"name":"yt1"},{"frame":[{"duration":60,"transform":{}}],"name":"st2"},{"frame":[{"duration":60,"transform":{}}],"name":"zs2"},{"frame":[{"duration":60,"transform":{}}],"name":"ys2"},{"frame":[{"duration":60,"transform":{}}],"name":"tou2"},{"frame":[{"duration":60,"transform":{}}],"name":"yt2"},{"frame":[{"duration":60,"transform":{}}],"name":"zt2"}],"ik":[],"slot":[],"ffd":[],"name":"1","playTimes":0},{"frame":[],"duration":100,"bone":[{"frame":[{"duration":100,"transform":{}}],"name":"root"},{"frame":[{"duration":100,"transform":{}}],"name":"bone"},{"frame":[{"tweenEasing":0,"duration":20,"transform":{}},{"tweenEasing":0,"duration":10,"transform":{"y":-1.7}},{"tweenEasing":0,"duration":10,"transform":{}},{"tweenEasing":0,"duration":20,"transform":{"y":-1.7}},{"duration":40,"transform":{}}],"name":"st"},{"frame":[{"tweenEasing":0,"duration":30,"transform":{}},{"tweenEasing":0,"duration":30,"transform":{"skY":-13.7142,"skX":-13.7142}},{"duration":40,"transform":{}}],"name":"tou"},{"frame":[{"tweenEasing":0,"duration":30,"transform":{}},{"tweenEasing":0,"duration":30,"transform":{"skY":-14.8972,"skX":-14.8972}},{"duration":40,"transform":{}}],"name":"ys"},{"frame":[{"tweenEasing":0,"duration":30,"transform":{}},{"tweenEasing":0,"duration":30,"transform":{"skY":13.7144,"skX":13.7144}},{"duration":40,"transform":{}}],"name":"zs"},{"frame":[{"tweenEasing":0,"duration":20,"transform":{}},{"tweenEasing":0,"duration":10,"transform":{"y":-0.0679,"x":-1.6986}},{"tweenEasing":0,"duration":10,"transform":{}},{"tweenEasing":0,"duration":20,"transform":{"y":-0.0679,"x":-1.6986}},{"duration":40,"transform":{}}],"name":"zj"},{"frame":[{"tweenEasing":0,"duration":20,"transform":{}},{"tweenEasing":0,"duration":10,"transform":{"y":-0.0679,"x":-1.6986}},{"tweenEasing":0,"duration":10,"transform":{}},{"tweenEasing":0,"duration":20,"transform":{"y":-0.0679,"x":-1.6986}},{"duration":40,"transform":{}}],"name":"yt"},{"frame":[{"duration":100,"transform":{}}],"name":"st1"},{"frame":[{"duration":100,"transform":{}}],"name":"tou1"},{"frame":[{"duration":100,"transform":{}}],"name":"ys1"},{"frame":[{"duration":100,"transform":{}}],"name":"zs1"},{"frame":[{"duration":100,"transform":{}}],"name":"zt1"},{"frame":[{"duration":100,"transform":{}}],"name":"yt1"},{"frame":[{"duration":100,"transform":{}}],"name":"st2"},{"frame":[{"duration":100,"transform":{}}],"name":"zs2"},{"frame":[{"duration":100,"transform":{}}],"name":"ys2"},{"frame":[{"duration":100,"transform":{}}],"name":"tou2"},{"frame":[{"duration":100,"transform":{}}],"name":"yt2"},{"frame":[{"duration":100,"transform":{}}],"name":"zt2"}],"ik":[],"slot":[{"frame":[{"tweenEasing":null,"duration":30},{"tweenEasing":0,"duration":70},{"tweenEasing":null,"duration":0,"color":{"aM":0}}],"name":"zs"},{"frame":[{"tweenEasing":null,"duration":30},{"tweenEasing":0,"duration":70},{"tweenEasing":null,"duration":0,"color":{"aM":0}}],"name":"zj"},{"frame":[{"tweenEasing":null,"duration":30},{"tweenEasing":0,"duration":70},{"tweenEasing":null,"duration":0,"color":{"aM":0}}],"name":"yt"},{"frame":[{"tweenEasing":null,"duration":30},{"tweenEasing":0,"duration":70},{"tweenEasing":null,"duration":0,"color":{"aM":0}}],"name":"ys"},{"frame":[{"tweenEasing":null,"duration":30},{"tweenEasing":0,"duration":70},{"tweenEasing":null,"duration":0,"color":{"aM":0}}],"name":"tou"},{"frame":[{"tweenEasing":null,"duration":30},{"tweenEasing":0,"duration":70},{"tweenEasing":null,"duration":0,"color":{"aM":0}}],"name":"st"},{"frame":[{"tweenEasing":null,"displayIndex":-1,"duration":30},{"tweenEasing":0,"duration":70},{"tweenEasing":null,"duration":0}],"name":"st1"},{"frame":[{"tweenEasing":null,"displayIndex":-1,"duration":30},{"tweenEasing":0,"duration":30,"color":{"aM":0}},{"tweenEasing":null,"duration":40}],"name":"tou1"},{"frame":[{"tweenEasing":null,"displayIndex":-1,"duration":30},{"tweenEasing":0,"duration":30,"color":{"aM":0}},{"tweenEasing":null,"duration":40}],"name":"ys1"},{"frame":[{"tweenEasing":null,"displayIndex":-1,"duration":30},{"tweenEasing":0,"duration":30,"color":{"aM":0}},{"tweenEasing":null,"duration":40}],"name":"yt1"},{"frame":[{"tweenEasing":null,"displayIndex":-1,"duration":30},{"tweenEasing":0,"duration":30,"color":{"aM":0}},{"tweenEasing":null,"duration":40}],"name":"zs1"},{"frame":[{"tweenEasing":null,"displayIndex":-1,"duration":30},{"tweenEasing":0,"duration":30,"color":{"aM":0}},{"tweenEasing":null,"duration":40}],"name":"zt1"}],"ffd":[],"name":"2","playTimes":0},{"frame":[],"duration":120,"bone":[{"frame":[{"duration":120,"transform":{}}],"name":"root"},{"frame":[{"duration":120,"transform":{}}],"name":"bone"},{"frame":[{"tweenEasing":0,"duration":20,"transform":{}},{"tweenEasing":0,"duration":10,"transform":{"y":-1.7}},{"tweenEasing":0,"duration":10,"transform":{}},{"tweenEasing":0,"duration":20,"transform":{"y":-1.7}},{"duration":60,"transform":{}}],"name":"st"},{"frame":[{"tweenEasing":0,"duration":30,"transform":{}},{"tweenEasing":0,"duration":30,"transform":{"skY":-13.7142,"skX":-13.7142}},{"duration":60,"transform":{}}],"name":"tou"},{"frame":[{"tweenEasing":0,"duration":30,"transform":{}},{"tweenEasing":0,"duration":30,"transform":{"skY":-14.8972,"skX":-14.8972}},{"duration":60,"transform":{}}],"name":"ys"},{"frame":[{"tweenEasing":0,"duration":30,"transform":{}},{"tweenEasing":0,"duration":30,"transform":{"skY":13.7144,"skX":13.7144}},{"duration":60,"transform":{}}],"name":"zs"},{"frame":[{"tweenEasing":0,"duration":20,"transform":{}},{"tweenEasing":0,"duration":10,"transform":{"y":-0.0679,"x":-1.6986}},{"tweenEasing":0,"duration":10,"transform":{}},{"tweenEasing":0,"duration":20,"transform":{"y":-0.0679,"x":-1.6986}},{"duration":60,"transform":{}}],"name":"zj"},{"frame":[{"tweenEasing":0,"duration":20,"transform":{}},{"tweenEasing":0,"duration":10,"transform":{"y":-0.0679,"x":-1.6986}},{"tweenEasing":0,"duration":10,"transform":{}},{"tweenEasing":0,"duration":20,"transform":{"y":-0.0679,"x":-1.6986}},{"duration":60,"transform":{}}],"name":"yt"},{"frame":[{"duration":120,"transform":{}}],"name":"st1"},{"frame":[{"duration":120,"transform":{}}],"name":"tou1"},{"frame":[{"duration":120,"transform":{}}],"name":"ys1"},{"frame":[{"duration":120,"transform":{}}],"name":"zs1"},{"frame":[{"duration":120,"transform":{}}],"name":"zt1"},{"frame":[{"duration":120,"transform":{}}],"name":"yt1"},{"frame":[{"duration":30,"transform":{}},{"tweenEasing":0,"duration":50,"transform":{"y":2.8719,"x":-125.6458}},{"tweenEasing":0,"duration":40,"transform":{"y":2.8719,"x":-125.6458}},{"duration":0,"transform":{"y":2.8719,"x":-125.6458}}],"name":"st2"},{"frame":[{"duration":80,"transform":{}},{"tweenEasing":0,"duration":40,"transform":{}},{"duration":0,"transform":{"skY":-92.4709,"y":4.979,"skX":-92.4709,"x":-6.3769}}],"name":"zs2"},{"frame":[{"duration":80,"transform":{}},{"tweenEasing":0,"duration":40,"transform":{"skY":5.0696,"y":-8.8813,"skX":5.0696,"x":4.8457}},{"duration":0,"transform":{"skY":95.3287,"y":-4.2184,"skX":95.3287,"x":-8.1848}}],"name":"ys2"},{"frame":[{"duration":80,"transform":{}},{"tweenEasing":0,"duration":40,"transform":{}},{"duration":0,"transform":{"skY":-7.0588,"skX":-7.0588}}],"name":"tou2"},{"frame":[{"duration":80,"transform":{}},{"tweenEasing":0,"duration":40,"transform":{}},{"duration":0,"transform":{}}],"name":"yt2"},{"frame":[{"duration":80,"transform":{}},{"tweenEasing":0,"duration":40,"transform":{}},{"duration":0,"transform":{}}],"name":"zt2"}],"ik":[],"slot":[{"frame":[{"tweenEasing":null,"duration":30},{"tweenEasing":0,"duration":70},{"tweenEasing":null,"duration":20,"color":{"aM":0}}],"name":"zs"},{"frame":[{"tweenEasing":null,"duration":30},{"tweenEasing":0,"duration":70},{"tweenEasing":null,"duration":20,"color":{"aM":0}}],"name":"zj"},{"frame":[{"tweenEasing":null,"duration":30},{"tweenEasing":0,"duration":70},{"tweenEasing":null,"duration":20,"color":{"aM":0}}],"name":"yt"},{"frame":[{"tweenEasing":null,"duration":30},{"tweenEasing":0,"duration":70},{"tweenEasing":null,"duration":20,"color":{"aM":0}}],"name":"ys"},{"frame":[{"tweenEasing":null,"duration":30},{"tweenEasing":0,"duration":70},{"tweenEasing":null,"duration":20,"color":{"aM":0}}],"name":"tou"},{"frame":[{"tweenEasing":null,"duration":30},{"tweenEasing":0,"duration":70},{"tweenEasing":null,"duration":20,"color":{"aM":0}}],"name":"st"},{"frame":[{"tweenEasing":null,"displayIndex":-1,"duration":30},{"tweenEasing":0,"duration":30,"color":{"aM":0}},{"tweenEasing":null,"duration":60}],"name":"zt2"},{"frame":[{"tweenEasing":null,"displayIndex":-1,"duration":30},{"tweenEasing":0,"duration":30,"color":{"aM":0}},{"tweenEasing":null,"duration":60}],"name":"zs2"},{"frame":[{"tweenEasing":null,"displayIndex":-1,"duration":30},{"tweenEasing":0,"duration":30,"color":{"aM":0}},{"tweenEasing":null,"duration":60}],"name":"yt2"},{"frame":[{"tweenEasing":null,"displayIndex":-1,"duration":30},{"tweenEasing":0,"duration":30,"color":{"aM":0}},{"tweenEasing":null,"duration":60}],"name":"ys2"},{"frame":[{"tweenEasing":null,"displayIndex":-1,"duration":30},{"tweenEasing":0,"duration":30,"color":{"aM":0}},{"tweenEasing":null,"duration":60}],"name":"tou2"},{"frame":[{"tweenEasing":null,"displayIndex":-1,"duration":30},{"tweenEasing":0,"duration":30,"color":{"aM":0}},{"tweenEasing":null,"duration":60}],"name":"st2"}],"ffd":[],"name":"3","zOrder":{"frame":[{"tweenEasing":null,"duration":30,"zOrder":[]},{"tweenEasing":null,"duration":50,"zOrder":[9,1]},{"tweenEasing":null,"duration":12,"zOrder":[]},{"tweenEasing":null,"duration":28,"zOrder":[9,1]}]},"playTimes":0}],"type":"Armature","name":"haidao","bone":[{"name":"root","transform":{}},{"transform":{},"name":"bone","parent":"root"},{"length":18,"transform":{"skY":-92.2906,"y":-80.3616,"skX":-92.2906,"x":-5.7544},"parent":"bone","name":"st"},{"length":20,"transform":{"skY":-92.7393,"y":-100.1508,"scX":0.7693,"scY":0.7693,"skX":-92.7393,"x":1.7665},"parent":"bone","name":"st1"},{"length":20,"transform":{"skY":-87.0097,"y":-100.3841,"scX":0.8393,"scY":0.8393,"skX":-87.0097,"x":137.0335},"parent":"bone","name":"st2"},{"length":26,"transform":{"skY":-2.2776,"y":1.9499,"skX":-2.2776,"x":46.0977},"parent":"st1","name":"tou1"},{"length":17,"transform":{"skY":1.3331,"y":1.6885,"skX":1.3331,"x":60.3071},"parent":"st","name":"tou"},{"length":21,"transform":{"skY":-173.4881,"y":-17.6572,"skX":-173.4881,"x":-23.4839},"parent":"st","name":"zj"},{"length":14,"transform":{"skY":45.9267,"y":32.8275,"skX":45.9267,"x":46.5989},"parent":"st","name":"ys"},{"length":26,"transform":{"skY":-65.5874,"y":-28.6473,"skX":-65.5874,"x":36.0096},"parent":"st","name":"zs"},{"length":14,"transform":{"skY":65.0611,"y":29.5069,"skX":65.0611,"x":26.8654},"parent":"st1","name":"ys1"},{"length":18,"transform":{"skY":-92.1766,"y":-32.344,"skX":-92.1766,"x":29.2119},"parent":"st1","name":"zs1"},{"length":17,"transform":{"skY":-155.6459,"y":-13.7448,"skX":-155.6459,"x":-28.7461},"parent":"st1","name":"zt1"},{"length":17,"transform":{"skY":169.8418,"y":9.7938,"skX":169.8418,"x":-29.5942},"parent":"st1","name":"yt1"},{"length":19,"transform":{"skY":168.8175,"y":27.3971,"skX":168.8175,"x":-32.3744},"parent":"st","name":"yt"},{"length":17,"transform":{"skY":-62.734,"y":-34.5676,"skX":-62.734,"x":44.0834},"parent":"st2","name":"zs2"},{"length":19,"transform":{"skY":45.9223,"y":34.6685,"skX":45.9223,"x":51.3701},"parent":"st2","name":"ys2"},{"length":15,"transform":{"skY":-4.2881,"y":-0.6335,"skX":-4.2881,"x":74.203},"parent":"st2","name":"tou2"},{"length":19,"transform":{"skY":179.1141,"y":-15.0376,"skX":179.1141,"x":-30.5511},"parent":"st2","name":"yt2"},{"length":22,"transform":{"skY":175.2117,"y":25.9777,"skX":175.2117,"x":-22.5558},"parent":"st2","name":"zt2"}],"ik":[],"slot":[{"displayIndex":-1,"name":"st1","parent":"st1","color":{}},{"displayIndex":-1,"z":1,"name":"tou1","parent":"tou1","color":{}},{"displayIndex":-1,"z":2,"name":"ys1","parent":"ys1","color":{}},{"displayIndex":-1,"z":3,"name":"yt1","parent":"yt1","color":{}},{"displayIndex":-1,"z":4,"name":"zs1","parent":"zs1","color":{}},{"displayIndex":-1,"z":5,"name":"zt1","parent":"zt1","color":{}},{"displayIndex":-1,"z":6,"name":"zt2","parent":"zt2","color":{}},{"displayIndex":-1,"z":7,"name":"zs2","parent":"zs2","color":{}},{"displayIndex":-1,"z":8,"name":"yt2","parent":"yt2","color":{}},{"displayIndex":-1,"z":9,"name":"ys2","parent":"ys2","color":{}},{"displayIndex":-1,"z":10,"name":"st2","parent":"st2","color":{}},{"displayIndex":-1,"z":11,"name":"tou2","parent":"tou2","color":{}},{"z":12,"name":"zs","parent":"zs","color":{}},{"z":13,"name":"zj","parent":"zj","color":{}},{"z":14,"name":"yt","parent":"yt","color":{}},{"z":15,"name":"ys","parent":"ys","color":{}},{"z":16,"name":"st","parent":"st","color":{}},{"z":17,"name":"tou","parent":"tou","color":{}}],"frameRate":60,"defaultActions":[{"gotoAndPlay":"1"}]}]}