{"width":512,"imagePath":"haidao_tex.png","height":512,"name":"haidao","SubTexture":[{"width":55,"y":419,"height":82,"name":"st1","x":98},{"width":137,"y":159,"height":146,"name":"tou1","x":1},{"width":80,"y":1,"height":76,"name":"ys1","x":316},{"width":48,"y":196,"height":110,"name":"yt1","x":297},{"width":53,"y":79,"height":99,"name":"zs1","x":320},{"width":55,"y":357,"height":110,"name":"zt1","x":211},{"width":40,"y":308,"height":114,"name":"zt2","x":320},{"width":59,"y":1,"height":111,"name":"zs2","x":255},{"width":50,"y":357,"height":107,"name":"yt2","x":268},{"width":84,"y":252,"height":103,"name":"ys2","x":211},{"width":78,"y":120,"height":130,"name":"st2","x":140},{"width":120,"y":1,"height":117,"name":"tou2","x":133},{"width":97,"y":120,"height":74,"name":"zs","x":220},{"width":52,"y":419,"height":74,"name":"zj","x":155},{"width":34,"y":252,"height":53,"name":"yt","x":140},{"width":95,"y":307,"height":185,"name":"ys","x":1},{"width":111,"y":307,"height":110,"name":"st","x":98},{"width":130,"y":1,"height":156,"name":"tou","x":1}]}