{"frameRate":60,"isGlobal":0,"name":"huaping","version":"5.5","armature":[{"slot":[{"name":"hp1","parent":"hp1","color":{}},{"z":1,"name":"hp2","parent":"hp2","color":{}},{"z":2,"name":"hp3","parent":"hp3","color":{}},{"z":3,"name":"hp4","parent":"hp4","color":{}},{"z":4,"name":"hp5","parent":"hp5","color":{}},{"z":5,"name":"hp6","parent":"hp6","color":{}},{"z":6,"name":"hp","parent":"hp","color":{}}],"skin":[{"name":"","slot":[{"display":[{"path":"hp","type":"image","name":"hp","transform":{"skY":90.7734,"y":-2.1965,"skX":90.7734,"x":9.6073}}],"name":"hp"},{"display":[{"path":"hp5","type":"image","name":"hp5","transform":{"y":-3.0842,"x":2.9901}}],"name":"hp5"},{"display":[{"path":"hp6","type":"image","name":"hp6","transform":{"y":1.1377,"x":0.9172}}],"name":"hp6"},{"display":[{"path":"hp3","type":"image","name":"hp3","transform":{"y":-3.0387,"x":-0.8056}}],"name":"hp3"},{"display":[{"path":"hp4","type":"image","name":"hp4","transform":{"y":4.2531,"x":-7.0918}}],"name":"hp4"},{"display":[{"path":"hp2","type":"image","name":"hp2","transform":{"y":5.1383,"x":-0.3116}}],"name":"hp2"},{"display":[{"path":"hp1","type":"image","name":"hp1","transform":{"y":10.0078,"x":1.2952}}],"name":"hp1"}]}],"type":"Armature","frameRate":60,"bone":[{"name":"root","transform":{}},{"transform":{},"name":"bone","parent":"root"},{"length":48,"transform":{"skY":-90.7734,"y":-47.5,"skX":-90.7734,"x":-1.3},"parent":"bone","name":"hp"},{"transform":{"skY":90.7734,"y":-2.5331,"skX":90.7734,"x":-17.9063},"name":"bone1","parent":"hp"},{"transform":{"y":-34.7189,"x":26.1457},"name":"hp4","parent":"bone1"},{"transform":{"y":13.0011,"x":11.6857},"name":"hp3","parent":"bone1"},{"transform":{"y":-1.7689,"x":-14.8143},"name":"hp2","parent":"bone1"},{"transform":{"y":-27.0189,"x":-4.9143},"name":"hp1","parent":"bone1"},{"transform":{"y":-34.1789,"x":-17.5143},"name":"hp5","parent":"bone1"},{"transform":{"y":-70.4689,"x":-0.6643},"name":"hp6","parent":"bone1"}],"aabb":{"width":82,"y":-113.57674465508448,"height":113,"x":-44.62595595959809},"defaultActions":[{"gotoAndPlay":"1"}],"animation":[{"frame":[],"duration":50,"bone":[{"translateFrame":[{"tweenEasing":0,"duration":20},{"duration":30}],"scaleFrame":[{"tweenEasing":0,"duration":20},{"duration":30}],"name":"root","rotateFrame":[{"tweenEasing":0,"duration":20},{"duration":30}]},{"translateFrame":[{"tweenEasing":0,"duration":20},{"duration":30}],"scaleFrame":[{"tweenEasing":0,"duration":20},{"duration":30}],"name":"bone","rotateFrame":[{"tweenEasing":0,"duration":20},{"duration":30}]},{"translateFrame":[{"tweenEasing":0,"y":29.2007,"duration":9,"x":8.0877},{"tweenEasing":0,"y":29.2007,"duration":11,"x":8.0877},{"tweenEasing":0,"y":29.2007,"duration":22,"x":8.0877},{"tweenEasing":0,"y":1.1368,"duration":8,"x":-1.0335},{"y":1.1368,"duration":0,"x":5.9737}],"scaleFrame":[{"tweenEasing":0,"duration":9},{"tweenEasing":0,"duration":11},{"duration":30}],"name":"hp","rotateFrame":[{"tweenEasing":0,"duration":9,"rotate":82.1524},{"tweenEasing":0,"duration":11,"rotate":82.1524},{"duration":22,"curve":[0,0,0.5,1],"rotate":82.1524},{"tweenEasing":0,"duration":8,"rotate":-7.972},{"duration":0,"rotate":0.6013}]},{"translateFrame":[{"tweenEasing":0,"duration":9},{"tweenEasing":0,"duration":11},{"duration":30}],"scaleFrame":[{"tweenEasing":0,"duration":9},{"tweenEasing":0,"duration":11},{"duration":30}],"name":"bone1","rotateFrame":[{"tweenEasing":0,"duration":9},{"tweenEasing":0,"duration":11},{"duration":30}]},{"translateFrame":[{"tweenEasing":0,"y":15.0917,"duration":9,"x":6.3525},{"tweenEasing":0,"y":7.1434,"duration":11,"x":-4.3671},{"duration":30}],"scaleFrame":[{"tweenEasing":0,"duration":9},{"tweenEasing":0,"duration":11},{"duration":30}],"name":"hp4","rotateFrame":[{"tweenEasing":0,"duration":9},{"tweenEasing":0,"duration":11},{"duration":30}]},{"translateFrame":[{"tweenEasing":0,"y":19.9542,"duration":9,"x":0.3108},{"tweenEasing":0,"y":2.7714,"duration":11,"x":4.7158},{"duration":30}],"scaleFrame":[{"tweenEasing":0,"duration":9},{"tweenEasing":0,"duration":11},{"duration":30}],"name":"hp3","rotateFrame":[{"tweenEasing":0,"duration":9,"rotate":-45.2729},{"tweenEasing":0,"duration":11},{"duration":30}]},{"translateFrame":[{"tweenEasing":0,"y":73.0394,"duration":9,"x":13.8915},{"tweenEasing":0,"y":23.7704,"duration":11,"x":-9.9222},{"duration":30}],"scaleFrame":[{"tweenEasing":0,"duration":9},{"tweenEasing":0,"duration":11},{"duration":30}],"name":"hp2","rotateFrame":[{"tweenEasing":0,"duration":9,"rotate":3.6948},{"tweenEasing":0,"duration":11,"rotate":-33.4637},{"duration":30}]},{"translateFrame":[{"tweenEasing":0,"y":-81.2314,"duration":9,"x":30.1362},{"tweenEasing":0,"y":-43.8341,"duration":11,"x":1.1241},{"duration":30}],"scaleFrame":[{"tweenEasing":0,"duration":9},{"tweenEasing":0,"duration":11},{"duration":30}],"name":"hp1","rotateFrame":[{"tweenEasing":0,"duration":9,"rotate":6.7039},{"tweenEasing":0,"duration":11},{"duration":30}]},{"translateFrame":[{"tweenEasing":0,"y":-13.3993,"duration":9,"x":46.3936},{"tweenEasing":0,"y":-2.8969,"duration":11,"x":-0.9716},{"duration":30}],"scaleFrame":[{"tweenEasing":0,"duration":9},{"tweenEasing":0,"duration":11},{"duration":30}],"name":"hp5","rotateFrame":[{"tweenEasing":0,"duration":9,"rotate":150.5609},{"tweenEasing":0,"duration":11},{"duration":30}]},{"translateFrame":[{"tweenEasing":0,"y":-64.5554,"duration":9,"x":24.1733},{"tweenEasing":0,"y":-26.7574,"duration":11,"x":-23.9216},{"duration":30}],"scaleFrame":[{"tweenEasing":0,"duration":9},{"tweenEasing":0,"duration":11},{"duration":30}],"name":"hp6","rotateFrame":[{"tweenEasing":0,"duration":9,"rotate":-59.5446},{"tweenEasing":0,"duration":11},{"duration":30}]}],"slot":[{"colorFrame":[{"tweenEasing":0,"duration":20},{"duration":30}],"displayFrame":[{"duration":20},{"duration":30}],"name":"hp1"},{"colorFrame":[{"tweenEasing":0,"duration":20},{"duration":30}],"displayFrame":[{"duration":20},{"duration":30}],"name":"hp2"},{"colorFrame":[{"tweenEasing":0,"duration":20},{"duration":30}],"displayFrame":[{"duration":20},{"duration":30}],"name":"hp3"},{"colorFrame":[{"tweenEasing":0,"duration":20},{"duration":30}],"displayFrame":[{"duration":20},{"duration":30}],"name":"hp4"},{"colorFrame":[{"tweenEasing":0,"duration":20},{"duration":30}],"displayFrame":[{"duration":20},{"duration":30}],"name":"hp5"},{"colorFrame":[{"tweenEasing":0,"duration":20},{"duration":30}],"displayFrame":[{"duration":20},{"duration":30}],"name":"hp6"},{"colorFrame":[{"tweenEasing":0,"duration":20},{"duration":30}],"displayFrame":[{"value":-1,"duration":20},{"duration":30}],"name":"hp"}],"ffd":[],"name":"1","ik":[],"playTimes":0}],"name":"huaping","ik":[]}]}