{"frameRate":60,"isGlobal":0,"name":"nvhai","version":"5.0","armature":[{"skin":[{"name":"","slot":[{"display":[{"path":"h","type":"image","name":"h","transform":{"y":-6.6256,"skX":91.3426,"skY":91.3426,"x":35.5067}}],"name":"h"},{"display":[{"path":"s1","type":"image","name":"s1","transform":{"y":-1.9087,"skX":-120.5887,"skY":-120.5887,"x":26.6086}}],"name":"s1"},{"display":[{"path":"t1","type":"image","name":"t1","transform":{"y":-0.9013,"skX":-52.1041,"skY":-52.1041,"x":17.5707}}],"name":"t1"},{"display":[{"path":"maomi","type":"image","name":"maomi","transform":{"y":4.9022,"skX":92.2906,"skY":92.2906,"x":11.4638}}],"name":"maomi"},{"display":[{"path":"qz","type":"image","name":"qz","transform":{"y":-120.9593,"x":8.2866}}],"name":"qz"},{"display":[{"path":"t2","type":"image","name":"t2","transform":{"y":0.5984,"skX":-23.6532,"skY":-23.6532,"x":14.7494}}],"name":"t2"},{"display":[{"path":"st","type":"image","name":"st","transform":{"y":0.1543,"skX":108.1441,"skY":108.1441,"x":24.4611}}],"name":"st"},{"display":[{"path":"s2","type":"image","name":"s2","transform":{"y":3.5815,"skX":-36.9194,"skY":-36.9194,"x":23.9563}}],"name":"s2"}]}],"ik":[],"animation":[{"frame":[],"duration":80,"bone":[{"frame":[{"duration":80,"transform":{}}],"name":"root"},{"frame":[{"curve":[0.5,0,0.5,1],"duration":80,"transform":{}},{"duration":0,"transform":{}}],"name":"bone"},{"frame":[{"curve":[0.5,0,0.5,1],"duration":80,"transform":{}},{"duration":0,"transform":{}}],"name":"st"},{"frame":[{"curve":[0.5,0,0.5,1],"duration":40,"transform":{"skX":-10.079,"skY":-10.079}},{"curve":[0.5,0,0.5,1],"duration":40,"transform":{"skX":4.0308,"skY":4.0308}},{"duration":0,"transform":{"skX":-10.079,"skY":-10.079}}],"name":"h"},{"frame":[{"curve":[0.5,0,0.5,1],"duration":40,"transform":{"skX":-3.7564,"skY":-3.7564}},{"curve":[0.5,0,0.5,1],"duration":40,"transform":{"y":-2.2653,"skX":5.1851,"skY":5.1851,"x":0.7423}},{"duration":0,"transform":{"skX":-3.7564,"skY":-3.7564}}],"name":"s1"},{"frame":[{"curve":[0.5,0,0.5,1],"duration":40,"transform":{"skX":7.5258,"skY":7.5258}},{"curve":[0.5,0,0.5,1],"duration":40,"transform":{"skX":-1.8074,"skY":-1.8074}},{"duration":0,"transform":{"skX":7.5258,"skY":7.5258}}],"name":"s2"},{"frame":[{"curve":[0.5,0,0.5,1],"duration":40,"transform":{"skX":9.2519,"skY":9.2519}},{"curve":[0.5,0,0.5,1],"duration":40,"transform":{"skX":-19.6396,"skY":-19.6396}},{"duration":0,"transform":{"skX":9.2519,"skY":9.2519}}],"name":"t1"},{"frame":[{"curve":[0.5,0,0.5,1],"duration":40,"transform":{"skX":-6.4786,"skY":-6.4786}},{"curve":[0.5,0,0.5,1],"duration":40,"transform":{"skX":39.6355,"skY":39.6355}},{"duration":0,"transform":{"skX":-6.4786,"skY":-6.4786}}],"name":"t2"},{"frame":[{"curve":[0.5,0,0.5,1],"duration":40,"transform":{"skX":46.4091,"skY":46.4091}},{"curve":[0.5,0,0.5,1],"duration":40,"transform":{"skX":-7.4053,"skY":-7.4053}},{"duration":0,"transform":{"skX":46.4091,"skY":46.4091}}],"name":"t3"},{"frame":[{"curve":[0.5,0,0.5,1],"duration":40,"transform":{"skX":-1.2036,"skY":-1.2036}},{"curve":[0.5,0,0.5,1],"duration":40,"transform":{"skX":54.7984,"skY":54.7984}},{"duration":0,"transform":{"skX":-1.2036,"skY":-1.2036}}],"name":"t4"},{"frame":[{"duration":80,"transform":{}}],"name":"maomi"}],"slot":[],"ffd":[],"ik":[],"name":"1","playTimes":0},{"frame":[],"duration":30,"bone":[{"frame":[{"duration":30,"transform":{}}],"name":"root"},{"frame":[{"tweenEasing":0,"duration":30,"transform":{}},{"duration":0,"transform":{}}],"name":"bone"},{"frame":[{"tweenEasing":0,"duration":30,"transform":{}},{"duration":0,"transform":{}}],"name":"st"},{"frame":[{"tweenEasing":0,"duration":30,"transform":{}},{"duration":0,"transform":{}}],"name":"h"},{"frame":[{"tweenEasing":0,"duration":30,"transform":{}},{"duration":0,"transform":{"skX":13.6315,"skY":13.6315}}],"name":"s2"},{"frame":[{"tweenEasing":0,"duration":30,"transform":{}},{"duration":0,"transform":{"skX":-13.6698,"skY":-13.6698}}],"name":"s1"},{"frame":[{"tweenEasing":0,"duration":30,"transform":{}},{"duration":0,"transform":{"skX":17.7761,"skY":17.7761}}],"name":"t2"},{"frame":[{"tweenEasing":0,"duration":30,"transform":{}},{"duration":0,"transform":{"y":4.6396,"skX":37.7532,"skY":37.7532,"x":23.2113}}],"name":"maomi"},{"frame":[{"tweenEasing":0,"duration":30,"transform":{}},{"duration":0,"transform":{"skX":23.0044,"skY":23.0044}}],"name":"t1"},{"frame":[{"tweenEasing":0,"duration":30,"transform":{}},{"duration":0,"transform":{"skX":31.3601,"skY":31.3601}}],"name":"t4"},{"frame":[{"tweenEasing":0,"duration":30,"transform":{}},{"duration":0,"transform":{"skX":13.5269,"skY":13.5269}}],"name":"t3"}],"slot":[],"ffd":[],"ik":[],"name":"2","playTimes":0}],"type":"Armature","frameRate":60,"bone":[{"name":"root","transform":{}},{"transform":{},"name":"bone","parent":"root"},{"length":31,"transform":{"y":-134.45,"skX":-108.1441,"skY":-108.1441,"x":4.6},"parent":"bone","name":"st"},{"length":38,"transform":{"y":8.6007,"skX":16.8015,"skY":16.8015,"x":51.1094},"parent":"st","name":"h"},{"length":23,"transform":{"y":16.6714,"skX":145.0635,"skY":145.0635,"x":40.5142},"parent":"st","name":"s2"},{"length":23,"transform":{"y":-22.7489,"skX":-131.2672,"skY":-131.2672,"x":46.6552},"parent":"st","name":"s1"},{"length":27,"transform":{"y":20.1815,"skX":164.7124,"skY":164.7124,"x":5.0673},"parent":"st","name":"t2"},{"length":12,"transform":{"y":0.1639,"skX":15.8535,"skY":15.8535,"x":-3.6316},"parent":"st","name":"maomi"},{"length":25,"transform":{"y":-18.2416,"skX":177.1066,"skY":177.1066,"x":2.1368},"parent":"st","name":"t1"},{"length":20,"transform":{"skX":-32.9151,"skY":-32.9151,"x":27.6798},"parent":"t2","name":"t4"},{"length":24,"transform":{"skX":-16.8584,"skY":-16.8584,"x":25.7675},"parent":"t1","name":"t3"}],"aabb":{"width":132.3187096351856,"y":-275.0381234965927,"height":198.10000439670983,"x":-64.0985006021875},"slot":[{"name":"t2","parent":"t4","color":{}},{"z":1,"name":"t1","parent":"t3","color":{}},{"z":2,"name":"s2","parent":"s2","color":{}},{"z":3,"name":"qz","parent":"root","color":{}},{"z":4,"name":"st","parent":"st","color":{}},{"z":5,"name":"s1","parent":"s1","color":{}},{"z":6,"name":"h","parent":"h","color":{}},{"z":7,"name":"maomi","parent":"maomi","color":{}}],"defaultActions":[{"gotoAndPlay":"1"}],"name":"nvhai"}]}