{"frameRate":60,"isGlobal":0,"name":"jiamama","version":"5.5","armature":[{"defaultActions":[{"gotoAndPlay":"daiji"}],"skin":[{"name":"","slot":[{"display":[{"path":"tya","type":"image","name":"tya","transform":{"y":0.2482,"skX":-80.8676,"skY":-80.8676,"x":20.486}}],"name":"tya"},{"display":[{"path":"tza","type":"image","name":"tza","transform":{"y":3.6278,"skX":-96.9662,"skY":-96.9662,"x":21.823}}],"name":"tza"},{"display":[{"path":"st","type":"image","name":"st","transform":{"y":-8.9161,"skX":93.6568,"skY":93.6568,"x":40.2668}}],"name":"st"},{"display":[{"path":"syb","type":"image","name":"syb","transform":{"y":-0.3023,"skX":143.5836,"skY":143.5836,"x":12.6632}}],"name":"syb"},{"display":[{"path":"szb","type":"image","name":"szb","transform":{"y":0.5379,"skX":30.7799,"skY":30.7799,"x":16.0217}}],"name":"szb"},{"display":[{"path":"tyb","type":"image","name":"tyb","transform":{"y":-1.7239,"skX":-98.8348,"skY":-98.8348,"x":25.2102}}],"name":"tyb"},{"display":[{"path":"sya","type":"image","name":"sya","transform":{"y":0.6789,"skX":-86.2854,"skY":-86.2854,"x":27.1138}}],"name":"sya"},{"display":[{"path":"tyc","type":"image","name":"tyc","transform":{"y":-1.0043,"skX":-46.2939,"skY":-46.2939,"x":6.9263}}],"name":"tyc"},{"display":[{"path":"s1","type":"image","name":"s1","transform":{"y":1.9597,"skX":-64.8815,"skY":-64.8815,"x":34.6228}}],"name":"s1"},{"display":[{"path":"sza","type":"image","name":"sza","transform":{"y":0.2759,"skX":-75.014,"skY":-75.014,"x":27.7527}}],"name":"sza"},{"display":[{"path":"q","type":"image","name":"q","transform":{"y":0.209,"skX":-83.6068,"skY":-83.6068,"x":33.8644}}],"name":"q"},{"display":[{"path":"tzb","type":"image","name":"tzb","transform":{"y":2.7043,"skX":-89.4242,"skY":-89.4242,"x":18.8933}}],"name":"tzb"},{"display":[{"path":"s2","type":"image","name":"s2","transform":{"y":-2.0532,"skX":-64.8815,"skY":-64.8815,"x":19.2935}}],"name":"s2"},{"display":[{"path":"tzc","type":"image","name":"tzc","transform":{"y":-0.8437,"skX":-43.8088,"skY":-43.8088,"x":11.4715}}],"name":"tzc"},{"display":[{"path":"syc","type":"image","name":"syc","transform":{"y":-2.3032,"skX":139.1418,"skY":139.1418,"x":16.9473}}],"name":"syc"},{"display":[{"path":"szc","type":"image","name":"szc","transform":{"y":-0.7103,"skX":40.3645,"skY":40.3645,"x":14.6399}}],"name":"szc"},{"display":[{"path":"h","type":"image","name":"h","transform":{"y":-22.685,"skX":91.3048,"skY":91.3048,"x":62.0213}}],"name":"h"},{"display":[{"path":"h1","type":"image","name":"h1","transform":{"y":-3.2585,"skX":-87.7652,"skY":-87.7652,"x":17.1672}}],"name":"h1"}]}],"animation":[{"ik":[],"frame":[],"duration":80,"bone":[{"rotateFrame":[{"tweenEasing":0,"duration":40},{"tweenEasing":0,"duration":40},{"duration":0}],"scaleFrame":[{"tweenEasing":0,"duration":40},{"tweenEasing":0,"duration":40},{"duration":0}],"name":"root","translateFrame":[{"tweenEasing":0,"duration":40},{"tweenEasing":0,"duration":40},{"duration":0}]},{"rotateFrame":[{"tweenEasing":0,"duration":40},{"tweenEasing":0,"duration":40},{"duration":0}],"scaleFrame":[{"tweenEasing":0,"duration":40},{"tweenEasing":0,"duration":40},{"duration":0}],"name":"bone","translateFrame":[{"tweenEasing":0,"duration":40},{"tweenEasing":0,"duration":40},{"duration":0}]},{"rotateFrame":[{"tweenEasing":0,"duration":40},{"tweenEasing":0,"duration":40,"rotate":-2.8512},{"duration":0}],"scaleFrame":[{"tweenEasing":0,"duration":40},{"tweenEasing":0,"y":1.05,"duration":40,"x":1.05},{"duration":0}],"name":"st","translateFrame":[{"tweenEasing":0,"duration":40},{"tweenEasing":0,"y":-3.7,"duration":40},{"duration":0}]},{"rotateFrame":[{"tweenEasing":0,"duration":40},{"tweenEasing":0,"duration":40,"rotate":1.9156},{"duration":0}],"scaleFrame":[{"tweenEasing":0,"duration":40},{"tweenEasing":0,"y":0.95,"duration":40,"x":0.95},{"duration":0}],"name":"sya","translateFrame":[{"tweenEasing":0,"duration":40},{"tweenEasing":0,"duration":40},{"duration":0}]},{"rotateFrame":[{"tweenEasing":0,"duration":40},{"tweenEasing":0,"duration":40,"rotate":4.5312},{"duration":0}],"scaleFrame":[{"tweenEasing":0,"duration":40},{"tweenEasing":0,"duration":40},{"duration":0}],"name":"syb","translateFrame":[{"tweenEasing":0,"duration":40},{"tweenEasing":0,"duration":40},{"duration":0}]},{"rotateFrame":[{"tweenEasing":0,"duration":40},{"tweenEasing":0,"duration":40},{"duration":0}],"scaleFrame":[{"tweenEasing":0,"duration":40},{"tweenEasing":0,"duration":40},{"duration":0}],"name":"syc","translateFrame":[{"tweenEasing":0,"duration":40},{"tweenEasing":0,"duration":40},{"duration":0}]},{"rotateFrame":[{"tweenEasing":0,"duration":40},{"tweenEasing":0,"duration":40,"rotate":-2.8372},{"duration":0}],"scaleFrame":[{"tweenEasing":0,"duration":40},{"tweenEasing":0,"y":0.95,"duration":40,"x":0.95},{"duration":0}],"name":"sza","translateFrame":[{"tweenEasing":0,"duration":40},{"tweenEasing":0,"duration":40},{"duration":0}]},{"rotateFrame":[{"tweenEasing":0,"duration":40},{"tweenEasing":0,"duration":40,"rotate":-4.838},{"duration":0}],"scaleFrame":[{"tweenEasing":0,"duration":40},{"tweenEasing":0,"duration":40},{"duration":0}],"name":"szb","translateFrame":[{"tweenEasing":0,"duration":40},{"tweenEasing":0,"duration":40},{"duration":0}]},{"rotateFrame":[{"tweenEasing":0,"duration":40},{"tweenEasing":0,"duration":40},{"duration":0}],"scaleFrame":[{"tweenEasing":0,"duration":40},{"tweenEasing":0,"duration":40},{"duration":0}],"name":"szc","translateFrame":[{"tweenEasing":0,"duration":40},{"tweenEasing":0,"duration":40},{"duration":0}]},{"rotateFrame":[{"tweenEasing":0,"duration":40},{"tweenEasing":0,"duration":40,"rotate":-3.4432},{"duration":0}],"scaleFrame":[{"tweenEasing":0,"duration":40},{"tweenEasing":0,"y":0.95,"duration":40,"x":0.95},{"duration":0}],"name":"h","translateFrame":[{"tweenEasing":0,"duration":40},{"tweenEasing":0,"duration":40},{"duration":0}]},{"rotateFrame":[{"tweenEasing":0,"duration":40},{"tweenEasing":0,"duration":40},{"duration":0}],"scaleFrame":[{"tweenEasing":0,"duration":40},{"tweenEasing":0,"duration":40},{"duration":0}],"name":"q","translateFrame":[{"tweenEasing":0,"duration":40},{"tweenEasing":0,"y":-2.22,"duration":40},{"duration":0}]},{"rotateFrame":[{"tweenEasing":0,"duration":40},{"tweenEasing":0,"duration":40},{"duration":0}],"scaleFrame":[{"tweenEasing":0,"duration":40},{"tweenEasing":0,"duration":40},{"duration":0}],"name":"tya","translateFrame":[{"tweenEasing":0,"duration":40},{"tweenEasing":0,"y":0.1648,"duration":40,"x":1.4708},{"duration":0}]},{"rotateFrame":[{"tweenEasing":0,"duration":40},{"tweenEasing":0,"duration":40},{"duration":0}],"scaleFrame":[{"tweenEasing":0,"duration":40},{"tweenEasing":0,"duration":40},{"duration":0}],"name":"tyb","translateFrame":[{"tweenEasing":0,"duration":40},{"tweenEasing":0,"y":0.1174,"duration":40,"x":0.7306},{"duration":0}]},{"rotateFrame":[{"tweenEasing":0,"duration":40},{"tweenEasing":0,"duration":40},{"duration":0}],"scaleFrame":[{"tweenEasing":0,"duration":40},{"tweenEasing":0,"duration":40},{"duration":0}],"name":"tyc","translateFrame":[{"tweenEasing":0,"duration":40},{"tweenEasing":0,"duration":40},{"duration":0}]},{"rotateFrame":[{"tweenEasing":0,"duration":40},{"tweenEasing":0,"duration":40},{"duration":0}],"scaleFrame":[{"tweenEasing":0,"duration":40},{"tweenEasing":0,"duration":40},{"duration":0}],"name":"tza","translateFrame":[{"tweenEasing":0,"duration":40},{"tweenEasing":0,"y":0.1648,"duration":40,"x":1.4708},{"duration":0}]},{"rotateFrame":[{"tweenEasing":0,"duration":40},{"tweenEasing":0,"duration":40},{"duration":0}],"scaleFrame":[{"tweenEasing":0,"duration":40},{"tweenEasing":0,"duration":40},{"duration":0}],"name":"tzb","translateFrame":[{"tweenEasing":0,"duration":40},{"tweenEasing":0,"y":-0.0898,"duration":40,"x":0.7345},{"duration":0}]},{"rotateFrame":[{"tweenEasing":0,"duration":40},{"tweenEasing":0,"duration":40},{"duration":0}],"scaleFrame":[{"tweenEasing":0,"duration":40},{"tweenEasing":0,"duration":40},{"duration":0}],"name":"tzc","translateFrame":[{"tweenEasing":0,"duration":40},{"tweenEasing":0,"duration":40},{"duration":0}]},{"rotateFrame":[{"tweenEasing":0,"duration":40},{"tweenEasing":0,"duration":40},{"duration":0}],"scaleFrame":[{"tweenEasing":0,"duration":40},{"tweenEasing":0,"duration":40},{"duration":0}],"name":"h1","translateFrame":[{"tweenEasing":0,"duration":40},{"tweenEasing":0,"duration":40},{"duration":0}]},{"rotateFrame":[{"tweenEasing":0,"duration":40},{"tweenEasing":0,"duration":40},{"duration":0}],"scaleFrame":[{"tweenEasing":0,"duration":40},{"tweenEasing":0,"duration":40},{"duration":0}],"name":"s2","translateFrame":[{"tweenEasing":0,"duration":40},{"tweenEasing":0,"duration":40},{"duration":0}]}],"slot":[{"colorFrame":[],"displayFrame":[],"name":"tzb"},{"colorFrame":[],"displayFrame":[],"name":"tzc"},{"colorFrame":[],"displayFrame":[],"name":"tza"},{"colorFrame":[],"displayFrame":[],"name":"tyb"},{"colorFrame":[],"displayFrame":[],"name":"tyc"},{"colorFrame":[],"displayFrame":[],"name":"tya"},{"colorFrame":[],"displayFrame":[],"name":"sza"},{"colorFrame":[],"displayFrame":[],"name":"q"},{"colorFrame":[],"displayFrame":[],"name":"st"},{"colorFrame":[],"displayFrame":[],"name":"s2"},{"colorFrame":[],"displayFrame":[],"name":"szb"},{"colorFrame":[],"displayFrame":[],"name":"szc"},{"colorFrame":[],"displayFrame":[],"name":"sya"},{"colorFrame":[],"displayFrame":[],"name":"syb"},{"colorFrame":[],"displayFrame":[],"name":"syc"},{"colorFrame":[],"displayFrame":[],"name":"h"},{"colorFrame":[],"displayFrame":[],"name":"h1"},{"colorFrame":[],"displayFrame":[],"name":"s1"}],"ffd":[],"name":"daiji","playTimes":0}],"type":"Armature","frameRate":60,"bone":[{"name":"root","transform":{}},{"transform":{},"name":"bone","parent":"root"},{"length":39,"transform":{"y":-149.4754,"skX":-85.4828,"skY":-85.4828,"x":2.908},"parent":"bone","name":"st"},{"length":41,"transform":{"y":-147.2273,"skX":83.6068,"skY":83.6068,"x":-2.0702},"parent":"bone","name":"q"},{"length":54,"transform":{"y":10.8192,"skX":168.6708,"skY":168.6708,"x":57.9429},"parent":"st","name":"sza"},{"length":46,"transform":{"y":-1.3085,"skX":2.352,"skY":2.352,"x":69.7007},"parent":"st","name":"h"},{"length":55,"transform":{"y":-36.0166,"skX":179.9422,"skY":179.9422,"x":54.6519},"parent":"st","name":"sya"},{"length":45,"transform":{"y":13.3985,"skX":-2.7392,"skY":-2.7392,"x":19.2386},"parent":"q","name":"tya"},{"length":46,"transform":{"y":-21.5146,"skX":13.3595,"skY":13.3595,"x":25.8843},"parent":"q","name":"tza"},{"length":37,"transform":{"skX":-105.794,"skY":-105.794,"x":54.1414},"parent":"sza","name":"szb"},{"length":54,"transform":{"skX":17.9672,"skY":17.9672,"x":45.679},"parent":"tya","name":"tyb"},{"length":34,"transform":{"skX":130.131,"skY":130.131,"x":55.5667},"parent":"sya","name":"syb"},{"length":49,"transform":{"y":0.0597,"skX":-7.5421,"skY":-7.5421,"x":50.631},"parent":"tza","name":"tzb"},{"length":20,"transform":{"y":-56.8526,"skX":97.1513,"skY":97.1513,"x":35.1301},"parent":"h","name":"h1","inheritRotation":false},{"length":18,"transform":{"y":-0.4737,"skX":-9.5846,"skY":-9.5846,"x":40.7296},"parent":"szb","name":"szc"},{"length":17,"transform":{"y":1.7117,"skX":-52.5409,"skY":-52.5409,"x":63.2129},"parent":"tyb","name":"tyc"},{"length":18,"transform":{"y":1.5816,"skX":-45.6154,"skY":-45.6154,"x":52.8868},"parent":"tzb","name":"tzc"},{"length":20,"transform":{"skX":4.4418,"skY":4.4418,"x":34.1111},"parent":"syb","name":"syc"},{"length":22,"transform":{"y":-8.1839,"skX":69.6821,"skY":69.6821,"x":8.8891},"parent":"szb","name":"s2","inheritRotation":false}],"aabb":{"width":176.2634404571782,"y":-372.35194148346034,"height":373.43463888724546,"x":-87.65522701469564},"slot":[{"name":"tzb","parent":"tzb","color":{}},{"z":1,"name":"tzc","parent":"tzc","color":{}},{"z":2,"name":"tza","parent":"tza","color":{}},{"z":3,"name":"tyb","parent":"tyb","color":{}},{"z":4,"name":"tyc","parent":"tyc","color":{}},{"z":5,"name":"tya","parent":"tya","color":{}},{"z":6,"name":"sza","parent":"sza","color":{}},{"z":7,"name":"q","parent":"q","color":{}},{"z":8,"name":"st","parent":"st","color":{}},{"z":9,"name":"s2","parent":"s2","color":{}},{"z":10,"name":"szb","parent":"szb","color":{}},{"z":11,"name":"szc","parent":"szc","color":{}},{"z":12,"name":"sya","parent":"sya","color":{}},{"z":13,"name":"syb","parent":"syb","color":{}},{"z":14,"name":"syc","parent":"syc","color":{}},{"z":15,"name":"h","parent":"h","color":{}},{"z":16,"name":"h1","parent":"h1","color":{}},{"z":17,"name":"s1","parent":"s2","color":{}}],"name":"jiamama","ik":[]}]}