{"SubTexture":[{"width":16,"y":181,"height":63,"name":"tzb","x":136},{"width":29,"y":211,"height":29,"name":"tzc","x":332},{"width":27,"y":181,"height":56,"name":"tza","x":62},{"width":22,"y":181,"height":60,"name":"tyb","x":91},{"width":26,"y":211,"height":32,"name":"tyc","x":363},{"width":29,"y":181,"height":59,"name":"tya","x":1},{"width":28,"y":181,"height":61,"name":"sza","x":32},{"width":72,"y":99,"height":78,"name":"q","x":158},{"width":67,"y":1,"height":96,"name":"st","x":158},{"width":22,"y":211,"height":42,"name":"s2","x":271},{"width":38,"y":179,"height":30,"name":"szb","x":203},{"width":29,"y":211,"height":33,"name":"szc","x":240},{"width":19,"y":181,"height":66,"name":"sya","x":115},{"width":35,"y":211,"height":31,"name":"syb","x":203},{"width":35,"y":211,"height":25,"name":"syc","x":295},{"width":155,"y":1,"height":178,"name":"h","x":1},{"width":11,"y":211,"height":37,"name":"h1","x":391},{"width":43,"y":179,"height":68,"name":"s1","x":158}],"width":512,"height":256,"name":"jiamama","imagePath":"jiamama_tex.png"}