{"frameRate":60,"isGlobal":0,"name":"gou","version":"5.0","armature":[{"skin":[{"name":"","slot":[{"display":[{"path":"ta3","type":"image","name":"ta3","transform":{"skY":-75.5226,"y":-1.1149,"skX":-75.5226,"x":4.8019}}],"name":"ta3"},{"display":[{"path":"td2","type":"image","name":"td2","transform":{"skY":-67.5864,"y":1.1681,"skX":-67.5864,"x":16.4869}}],"name":"td2"},{"display":[{"path":"tb2","type":"image","name":"tb2","transform":{"skY":-77.2109,"y":2.3097,"skX":-77.2109,"x":18.2009}}],"name":"tb2"},{"display":[{"path":"wb","type":"image","name":"wb","transform":{"skY":120.7355,"y":3.3923,"skX":120.7355,"x":24.0817}}],"name":"wb"},{"display":[{"path":"st","type":"image","name":"st","transform":{"skY":7.2648,"y":-5.698,"skX":7.2648,"x":6.2063}}],"name":"st"},{"display":[{"path":"bz","type":"image","name":"bz","transform":{"skY":41.9059,"y":2.1373,"skX":41.9059,"x":18.024}}],"name":"bz"},{"display":[{"path":"hb","type":"image","name":"hb","transform":{"skY":-8.762,"y":-3.1777,"skX":-8.762,"x":14.9027}}],"name":"hb"},{"display":[{"path":"tc2","type":"image","name":"tc2","transform":{"skY":-62.0178,"y":1.8407,"skX":-62.0178,"x":15.9102}}],"name":"tc2"},{"display":[{"path":"ta2","type":"image","name":"ta2","transform":{"skY":-62.5099,"y":0.6872,"skX":-62.5099,"x":14.8666}}],"name":"ta2"},{"display":[{"path":"ha","type":"image","name":"ha","transform":{"skY":86.7615,"y":10.7,"skX":86.7615,"x":47.6}},{"path":"xionge","type":"image","name":"xionge","transform":{"skY":86.76,"y":10.7,"skX":86.76,"x":47.6}}],"name":"ha"},{"display":[{"path":"tb1","type":"image","name":"tb1","transform":{"skY":-94.7122,"y":-4.0423,"skX":-94.7122,"x":21.2488}}],"name":"tb1"},{"display":[{"path":"td3","type":"image","name":"td3","transform":{"skY":-38.6598,"y":0.5484,"skX":-38.6598,"x":4.6318}}],"name":"td3"},{"display":[{"path":"tb3","type":"image","name":"tb3","transform":{"skY":-35.3112,"y":0.9265,"skX":-35.3112,"x":4.767}}],"name":"tb3"},{"display":[{"path":"td1","type":"image","name":"td1","transform":{"skY":-88.0538,"y":-0.5503,"skX":-88.0538,"x":18.1731}}],"name":"td1"},{"display":[{"path":"tc1","type":"image","name":"tc1","transform":{"skY":-89.473,"y":1.4098,"skX":-89.473,"x":19.0216}}],"name":"tc1"},{"display":[{"path":"ta1","type":"image","name":"ta1","transform":{"skY":-91.3502,"y":-0.6667,"skX":-91.3502,"x":22.399}}],"name":"ta1"},{"display":[{"path":"tc3","type":"image","name":"tc3","transform":{"skY":-64.6342,"y":-4.0649,"skX":-64.6342,"x":4.0535}}],"name":"tc3"}]}],"animation":[{"frame":[],"duration":80,"bone":[{"frame":[{"duration":80,"transform":{}}],"name":"root"},{"frame":[{"duration":50,"transform":{},"curve":[0,0,0.5,1]},{"duration":30,"transform":{},"curve":[0.5,0,0.5,1]},{"duration":0,"transform":{}}],"name":"bone"},{"frame":[{"duration":50,"transform":{},"curve":[0,0,0.5,1]},{"duration":30,"transform":{"skY":5.0941,"y":2.4,"skX":5.0941,"x":1.8006},"curve":[0.5,0,0.5,1]},{"duration":0,"transform":{}}],"name":"st"},{"frame":[{"duration":50,"transform":{},"curve":[0,0,0.5,1]},{"duration":30,"transform":{},"curve":[0.5,0,0.5,1]},{"duration":0,"transform":{}}],"name":"bz"},{"frame":[{"duration":50,"transform":{},"curve":[0,0,0.5,1]},{"duration":30,"transform":{},"curve":[0.5,0,0.5,1]},{"duration":0,"transform":{}}],"name":"ha"},{"frame":[{"duration":9,"transform":{},"curve":[0,0,0.5,1]},{"tweenEasing":0,"duration":3,"transform":{}},{"tweenEasing":0,"duration":3,"transform":{"skY":-3.2191,"skX":-3.2191}},{"tweenEasing":0,"duration":4,"transform":{"skY":6.5512,"skX":6.5512}},{"tweenEasing":0,"duration":4,"transform":{"skY":-4.3288,"skX":-4.3288}},{"tweenEasing":0,"duration":3,"transform":{"skY":3.4879,"skX":3.4879}},{"tweenEasing":0,"duration":4,"transform":{"skY":-8.507,"skX":-8.507}},{"tweenEasing":0,"duration":3,"transform":{}},{"tweenEasing":0,"duration":3,"transform":{"skY":-3.2191,"skX":-3.2191}},{"tweenEasing":0,"duration":4,"transform":{"skY":6.5512,"skX":6.5512}},{"tweenEasing":0,"duration":4,"transform":{"skY":-4.3288,"skX":-4.3288}},{"tweenEasing":0,"duration":3,"transform":{"skY":3.4879,"skX":3.4879}},{"tweenEasing":0,"duration":3,"transform":{"skY":-8.507,"skX":-8.507}},{"duration":30,"transform":{},"curve":[0.5,0,0.5,1]},{"duration":0,"transform":{}}],"name":"hb"},{"frame":[{"duration":50,"transform":{},"curve":[0,0,0.5,1]},{"duration":30,"transform":{"skY":12.9106,"y":1.7718,"skX":12.9106,"x":1.6372},"curve":[0.5,0,0.5,1]},{"duration":0,"transform":{}}],"name":"ta1"},{"frame":[{"duration":50,"transform":{},"curve":[0,0,0.5,1]},{"duration":30,"transform":{"skY":-30.2898,"y":1.7889,"skX":-30.2898,"x":-2.4864},"curve":[0.5,0,0.5,1]},{"duration":0,"transform":{}}],"name":"ta2"},{"frame":[{"duration":50,"transform":{},"curve":[0,0,0.5,1]},{"duration":30,"transform":{"skY":10.5642,"skX":10.5642},"curve":[0.5,0,0.5,1]},{"duration":0,"transform":{}}],"name":"ta3"},{"frame":[{"duration":50,"transform":{},"curve":[0,0,0.5,1]},{"duration":30,"transform":{"skY":18.4853,"y":2.3719,"skX":18.4853,"x":-0.4687},"curve":[0.5,0,0.5,1]},{"duration":0,"transform":{}}],"name":"tc1"},{"frame":[{"duration":50,"transform":{},"curve":[0,0,0.5,1]},{"duration":30,"transform":{"skY":-40.2504,"y":2.6342,"skX":-40.2504,"x":-1.3512},"curve":[0.5,0,0.5,1]},{"duration":0,"transform":{}}],"name":"tc2"},{"frame":[{"duration":50,"transform":{},"curve":[0,0,0.5,1]},{"duration":30,"transform":{"skY":18.9625,"skX":18.9625},"curve":[0.5,0,0.5,1]},{"duration":0,"transform":{}}],"name":"tc3"},{"frame":[{"duration":50,"transform":{},"curve":[0,0,0.5,1]},{"duration":30,"transform":{"skY":-3.1587,"y":0.4972,"skX":-3.1587,"x":0.1944},"curve":[0.5,0,0.5,1]},{"duration":0,"transform":{}}],"name":"td1"},{"frame":[{"duration":50,"transform":{},"curve":[0,0,0.5,1]},{"duration":30,"transform":{"y":-0.6822,"x":0.0001},"curve":[0.5,0,0.5,1]},{"duration":0,"transform":{}}],"name":"td2"},{"frame":[{"duration":50,"transform":{},"curve":[0,0,0.5,1]},{"duration":30,"transform":{},"curve":[0.5,0,0.5,1]},{"duration":0,"transform":{}}],"name":"td3"},{"frame":[{"duration":50,"transform":{},"curve":[0,0,0.5,1]},{"duration":30,"transform":{"skY":-8.2873,"y":2.4067,"skX":-8.2873,"x":-0.1181},"curve":[0.5,0,0.5,1]},{"duration":0,"transform":{}}],"name":"tb1"},{"frame":[{"duration":50,"transform":{},"curve":[0,0,0.5,1]},{"duration":30,"transform":{"skY":7.2624,"y":-1.5228,"skX":7.2624,"x":0.7103},"curve":[0.5,0,0.5,1]},{"duration":0,"transform":{}}],"name":"tb2"},{"frame":[{"duration":50,"transform":{},"curve":[0,0,0.5,1]},{"duration":30,"transform":{},"curve":[0.5,0,0.5,1]},{"duration":0,"transform":{}}],"name":"tb3"},{"frame":[{"duration":50,"transform":{},"curve":[0,0,0.5,1]},{"duration":6,"transform":{},"curve":[0.5,0,0.5,1]},{"tweenEasing":0,"duration":2,"transform":{}},{"tweenEasing":0,"duration":2,"transform":{"skY":-59.5126,"skX":-59.5126}},{"tweenEasing":0,"duration":2,"transform":{"skY":27.7108,"skX":27.7108}},{"tweenEasing":0,"duration":18,"transform":{}},{"duration":0,"transform":{}}],"name":"wb"}],"slot":[{"frame":[{"tweenEasing":null,"duration":80}],"name":"ha"}],"ffd":[],"ik":[],"name":"1","playTimes":0},{"frame":[],"duration":47,"bone":[{"frame":[{"duration":47,"transform":{}}],"name":"root"},{"frame":[{"tweenEasing":0,"duration":30,"transform":{}},{"duration":2,"transform":{},"curve":[0.5,0,0.5,1]},{"tweenEasing":0,"duration":7,"transform":{}},{"tweenEasing":0,"duration":8,"transform":{}},{"duration":0,"transform":{}}],"name":"bone"},{"frame":[{"tweenEasing":0,"duration":30,"transform":{}},{"duration":2,"transform":{"skY":17.0962,"y":13.7839,"skX":17.0962,"x":14.437},"curve":[0.5,0,0.5,1]},{"tweenEasing":0,"duration":7,"transform":{"skY":-2.8719,"y":-43.327,"skX":-2.8719,"x":29.2648}},{"tweenEasing":0,"duration":8,"transform":{"skY":9.6549,"y":30.1812,"skX":9.6549,"x":52.9556}},{"duration":0,"transform":{}}],"name":"st"},{"frame":[{"tweenEasing":0,"duration":30,"transform":{}},{"duration":2,"transform":{"skY":30.0557,"y":-5.4893,"skX":30.0557,"x":2.9195},"curve":[0.5,0,0.5,1]},{"tweenEasing":0,"duration":7,"transform":{"skY":-59.1616,"skX":-59.1616}},{"tweenEasing":0,"duration":8,"transform":{"skY":-72.9512,"skX":-72.9512}},{"duration":0,"transform":{}}],"name":"tc1"},{"frame":[{"tweenEasing":0,"duration":30,"transform":{}},{"duration":2,"transform":{"skY":-7.4965,"y":-3.7937,"skX":-7.4965,"x":-1.2931},"curve":[0.5,0,0.5,1]},{"tweenEasing":0,"duration":7,"transform":{"skY":22.8935,"y":0.7284,"skX":22.8935,"x":-0.1302}},{"tweenEasing":0,"duration":8,"transform":{"skY":39.1383,"y":0.2353,"skX":39.1383,"x":-0.1508}},{"duration":0,"transform":{}}],"name":"td1"},{"frame":[{"tweenEasing":0,"duration":30,"transform":{}},{"duration":2,"transform":{"skY":-8.2873,"y":1.3738,"skX":-8.2873,"x":0.9898},"curve":[0.5,0,0.5,1]},{"tweenEasing":0,"duration":7,"transform":{"skY":22.6415,"skX":22.6415}},{"tweenEasing":0,"duration":8,"transform":{"skY":35.831,"skX":35.831}},{"duration":0,"transform":{}}],"name":"tb1"},{"frame":[{"tweenEasing":0,"duration":2,"transform":{}},{"tweenEasing":0,"duration":2,"transform":{"skY":-30.8622,"skX":-30.8622}},{"tweenEasing":0,"duration":2,"transform":{"skY":11.6379,"skX":11.6379}},{"tweenEasing":0,"duration":2,"transform":{"skY":-25.7403,"skX":-25.7403}},{"tweenEasing":0,"duration":2,"transform":{"skY":21.1483,"skX":21.1483}},{"tweenEasing":0,"duration":3,"transform":{"skY":-29.2295,"skX":-29.2295}},{"tweenEasing":0,"duration":4,"transform":{"skY":1.9183,"skX":1.9183}},{"tweenEasing":0,"duration":5,"transform":{"skY":-50.5584,"skX":-50.5584}},{"tweenEasing":0,"duration":8,"transform":{"skY":13.9445,"skX":13.9445}},{"duration":2,"transform":{"skY":-47.7339,"skX":-47.7339},"curve":[0.5,0,0.5,1]},{"tweenEasing":0,"duration":7,"transform":{}},{"tweenEasing":0,"duration":8,"transform":{}},{"duration":0,"transform":{}}],"name":"wb"},{"frame":[{"tweenEasing":0,"duration":30,"transform":{}},{"duration":2,"transform":{"skY":5.0466,"skX":5.0466},"curve":[0.5,0,0.5,1]},{"tweenEasing":0,"duration":7,"transform":{"scX":1.3104,"scY":1.3104}},{"tweenEasing":0,"duration":8,"transform":{"skY":6.744,"skX":6.744}},{"duration":0,"transform":{}}],"name":"bz"},{"frame":[{"tweenEasing":0,"duration":30,"transform":{}},{"duration":2,"transform":{"skY":20.1194,"y":-5.6768,"skX":20.1194,"x":1.7894},"curve":[0.5,0,0.5,1]},{"tweenEasing":0,"duration":7,"transform":{"skY":-37.1157,"skX":-37.1157}},{"tweenEasing":0,"duration":8,"transform":{"skY":-69.9062,"skX":-69.9062}},{"duration":0,"transform":{}}],"name":"ta1"},{"frame":[{"tweenEasing":0,"duration":30,"transform":{}},{"duration":2,"transform":{"skY":-57.2742,"skX":-57.2742},"curve":[0.5,0,0.5,1]},{"tweenEasing":0,"duration":7,"transform":{}},{"tweenEasing":0,"duration":8,"transform":{}},{"duration":0,"transform":{}}],"name":"tc2"},{"frame":[{"tweenEasing":0,"duration":30,"transform":{}},{"duration":2,"transform":{},"curve":[0.5,0,0.5,1]},{"tweenEasing":0,"duration":7,"transform":{}},{"tweenEasing":0,"duration":8,"transform":{"skY":-23.6242,"skX":-23.6242}},{"duration":0,"transform":{}}],"name":"td2"},{"frame":[{"tweenEasing":0,"duration":30,"transform":{}},{"duration":2,"transform":{},"curve":[0.5,0,0.5,1]},{"tweenEasing":0,"duration":7,"transform":{"skY":-34.2956,"y":-0.0966,"scX":1.5079,"scY":1.5079,"skX":-34.2956,"x":9.8969}},{"tweenEasing":0,"duration":8,"transform":{"skY":6.744,"skX":6.744}},{"duration":0,"transform":{}}],"name":"ha"},{"frame":[{"tweenEasing":0,"duration":30,"transform":{}},{"duration":2,"transform":{"skY":7.2624,"y":1.6794,"skX":7.2624,"x":0.0445},"curve":[0.5,0,0.5,1]},{"tweenEasing":0,"duration":7,"transform":{}},{"tweenEasing":0,"duration":8,"transform":{"skY":-9.0815,"skX":-9.0815}},{"duration":0,"transform":{}}],"name":"tb2"},{"frame":[{"tweenEasing":0,"duration":30,"transform":{}},{"duration":2,"transform":{"skY":-48.4231,"skX":-48.4231},"curve":[0.5,0,0.5,1]},{"tweenEasing":0,"duration":7,"transform":{}},{"tweenEasing":0,"duration":8,"transform":{}},{"duration":0,"transform":{}}],"name":"ta2"},{"frame":[{"tweenEasing":0,"duration":30,"transform":{}},{"duration":2,"transform":{"skY":25.212,"skX":25.212},"curve":[0.5,0,0.5,1]},{"tweenEasing":0,"duration":7,"transform":{}},{"tweenEasing":0,"duration":8,"transform":{}},{"duration":0,"transform":{}}],"name":"ta3"},{"frame":[{"tweenEasing":0,"duration":30,"transform":{}},{"duration":2,"transform":{"skY":4.8932,"skX":4.8932},"curve":[0.5,0,0.5,1]},{"tweenEasing":0,"duration":7,"transform":{}},{"tweenEasing":0,"duration":8,"transform":{}},{"duration":0,"transform":{}}],"name":"tc3"},{"frame":[{"tweenEasing":0,"duration":30,"transform":{}},{"duration":2,"transform":{},"curve":[0.5,0,0.5,1]},{"tweenEasing":0,"duration":7,"transform":{"skY":-18.5036,"skX":-18.5036}},{"tweenEasing":0,"duration":8,"transform":{"skY":-18.5036,"skX":-18.5036}},{"duration":0,"transform":{}}],"name":"td3"},{"frame":[{"tweenEasing":0,"duration":30,"transform":{}},{"duration":2,"transform":{},"curve":[0.5,0,0.5,1]},{"tweenEasing":0,"duration":7,"transform":{"skY":-16.4112,"skX":-16.4112}},{"tweenEasing":0,"duration":8,"transform":{"skY":-16.4112,"y":-0.2373,"skX":-16.4112,"x":0.5427}},{"duration":0,"transform":{}}],"name":"tb3"},{"frame":[{"tweenEasing":0,"duration":30,"transform":{}},{"duration":2,"transform":{"skY":-12.2014,"skX":-12.2014},"curve":[0.5,0,0.5,1]},{"tweenEasing":0,"duration":7,"transform":{"skY":59.2859,"skX":59.2859}},{"tweenEasing":0,"duration":8,"transform":{"skY":-3.4145,"skX":-3.4145}},{"duration":0,"transform":{}}],"name":"hb"}],"slot":[],"ffd":[],"ik":[],"name":"2","playTimes":0},{"frame":[],"duration":30,"bone":[{"frame":[{"duration":30,"transform":{}}],"name":"root"},{"frame":[{"tweenEasing":0,"duration":10,"transform":{}},{"tweenEasing":0,"duration":10,"transform":{}},{"tweenEasing":0,"duration":10,"transform":{}},{"duration":0,"transform":{}}],"name":"bone"},{"frame":[{"tweenEasing":0,"duration":3,"transform":{}},{"tweenEasing":0,"duration":7,"transform":{"skY":-0.3765,"y":3.8618,"skX":-0.3765,"x":0.5336}},{"tweenEasing":0,"duration":10,"transform":{"skY":-1.2549,"y":-31.1275,"skX":-1.2549,"x":1.7787}},{"tweenEasing":0,"duration":10,"transform":{"skY":27.3302,"y":-13.3404,"skX":27.3302,"x":1.7787}},{"duration":0,"transform":{}}],"name":"st"},{"frame":[{"tweenEasing":0,"duration":3,"transform":{}},{"tweenEasing":0,"duration":7,"transform":{"skY":-3.3712,"skX":-3.3712}},{"tweenEasing":0,"duration":10,"transform":{"skY":-73.6126,"skX":-73.6126}},{"tweenEasing":0,"duration":10,"transform":{"skY":-64.3984,"skX":-64.3984}},{"duration":0,"transform":{}}],"name":"tc1"},{"frame":[{"tweenEasing":0,"duration":3,"transform":{}},{"tweenEasing":0,"duration":7,"transform":{"skY":-9.2404,"y":-0.6518,"skX":-9.2404,"x":-3.0272}},{"tweenEasing":0,"duration":10,"transform":{"skY":34.9128,"y":-2.1726,"skX":34.9128,"x":-10.0908}},{"tweenEasing":0,"duration":10,"transform":{"skY":28.1437,"skX":28.1437}},{"duration":0,"transform":{}}],"name":"td1"},{"frame":[{"tweenEasing":0,"duration":3,"transform":{}},{"tweenEasing":0,"duration":7,"transform":{"skY":-18.1186,"y":-0.0168,"skX":-18.1186,"x":0.976}},{"tweenEasing":0,"duration":10,"transform":{"skY":31.2191,"y":-0.056,"skX":31.2191,"x":3.2532}},{"tweenEasing":0,"duration":10,"transform":{"skY":19.4254,"skX":19.4254}},{"duration":0,"transform":{}}],"name":"tb1"},{"frame":[{"tweenEasing":0,"duration":10,"transform":{}},{"tweenEasing":0,"duration":10,"transform":{}},{"tweenEasing":0,"duration":10,"transform":{}},{"duration":0,"transform":{}}],"name":"wb"},{"frame":[{"tweenEasing":0,"duration":10,"transform":{}},{"tweenEasing":0,"duration":10,"transform":{"skY":-4.2495,"skX":-4.2495}},{"tweenEasing":0,"duration":10,"transform":{}},{"duration":0,"transform":{}}],"name":"bz"},{"frame":[{"tweenEasing":0,"duration":3,"transform":{}},{"tweenEasing":0,"duration":7,"transform":{"skY":-2.4168,"skX":-2.4168}},{"tweenEasing":0,"duration":10,"transform":{"skY":-65.5513,"skX":-65.5513}},{"tweenEasing":0,"duration":10,"transform":{"skY":-76.8653,"skX":-76.8653}},{"duration":0,"transform":{}}],"name":"ta1"},{"frame":[{"tweenEasing":0,"duration":3,"transform":{}},{"tweenEasing":0,"duration":7,"transform":{"skY":-25.3869,"skX":-25.3869}},{"tweenEasing":0,"duration":10,"transform":{}},{"tweenEasing":0,"duration":10,"transform":{"skY":6.8405,"skX":6.8405}},{"duration":0,"transform":{}}],"name":"tc2"},{"frame":[{"tweenEasing":0,"duration":3,"transform":{}},{"tweenEasing":0,"duration":7,"transform":{"skY":28.5092,"y":-2.7424,"skX":28.5092,"x":0.2135}},{"tweenEasing":0,"duration":10,"transform":{"skY":98.0862,"y":-9.1414,"skX":98.0862,"x":0.7117}},{"tweenEasing":0,"duration":10,"transform":{"skY":20.8435,"skX":20.8435}},{"duration":0,"transform":{}}],"name":"td2"},{"frame":[{"tweenEasing":0,"duration":10,"transform":{}},{"tweenEasing":0,"duration":10,"transform":{}},{"tweenEasing":0,"duration":10,"transform":{}},{"duration":0,"transform":{}}],"name":"ha"},{"frame":[{"tweenEasing":0,"duration":3,"transform":{}},{"tweenEasing":0,"duration":7,"transform":{"skY":52.3596,"y":-1.8191,"skX":52.3596,"x":0.463}},{"tweenEasing":0,"duration":10,"transform":{"skY":102.1165,"y":-6.0635,"skX":102.1165,"x":1.5432}},{"tweenEasing":0,"duration":10,"transform":{"skY":25.3407,"skX":25.3407}},{"duration":0,"transform":{}}],"name":"tb2"},{"frame":[{"tweenEasing":0,"duration":3,"transform":{}},{"tweenEasing":0,"duration":7,"transform":{"skY":-25.8319,"skX":-25.8319}},{"tweenEasing":0,"duration":10,"transform":{}},{"tweenEasing":0,"duration":10,"transform":{"skY":21.9669,"skX":21.9669}},{"duration":0,"transform":{}}],"name":"ta2"},{"frame":[{"tweenEasing":0,"duration":10,"transform":{}},{"tweenEasing":0,"duration":10,"transform":{}},{"tweenEasing":0,"duration":10,"transform":{}},{"duration":0,"transform":{}}],"name":"ta3"},{"frame":[{"tweenEasing":0,"duration":10,"transform":{}},{"tweenEasing":0,"duration":10,"transform":{}},{"tweenEasing":0,"duration":10,"transform":{}},{"duration":0,"transform":{}}],"name":"tc3"},{"frame":[{"tweenEasing":0,"duration":10,"transform":{}},{"tweenEasing":0,"duration":10,"transform":{}},{"tweenEasing":0,"duration":10,"transform":{}},{"duration":0,"transform":{}}],"name":"td3"},{"frame":[{"tweenEasing":0,"duration":10,"transform":{}},{"tweenEasing":0,"duration":10,"transform":{}},{"tweenEasing":0,"duration":10,"transform":{}},{"duration":0,"transform":{}}],"name":"tb3"},{"frame":[{"tweenEasing":0,"duration":10,"transform":{}},{"tweenEasing":0,"duration":10,"transform":{}},{"tweenEasing":0,"duration":10,"transform":{}},{"duration":0,"transform":{}}],"name":"hb"}],"slot":[],"ffd":[],"ik":[],"name":"3","playTimes":0}],"type":"Armature","name":"gou","bone":[{"name":"root","transform":{}},{"transform":{},"name":"bone","parent":"root"},{"length":35,"transform":{"skY":-7.2648,"y":-99.777,"skX":-7.2648,"x":-2.4362},"parent":"bone","name":"st"},{"length":38,"transform":{"skY":96.7378,"y":21.1615,"skX":96.7378,"x":66.2623},"parent":"st","name":"tc1"},{"length":38,"transform":{"skY":95.3186,"y":17.6791,"skX":95.3186,"x":-44.6231},"parent":"st","name":"td1"},{"length":46,"transform":{"skY":101.977,"y":11.6977,"skX":101.977,"x":-62.7448},"parent":"st","name":"tb1"},{"length":15,"transform":{"skY":-113.4707,"y":-2.0231,"skX":-113.4707,"x":-69.6452},"parent":"st","name":"wb"},{"length":18,"transform":{"skY":-34.6411,"y":-21.5022,"skX":-34.6411,"x":51.5072},"parent":"st","name":"bz"},{"length":29,"transform":{"skY":98.615,"y":23.8289,"skX":98.615,"x":41.7196},"parent":"st","name":"ta1"},{"length":31,"transform":{"skY":-27.4552,"y":-1.5051,"skX":-27.4552,"x":37.571},"parent":"tc1","name":"tc2"},{"length":34,"transform":{"skY":-20.4674,"y":7.0681,"skX":-20.4674,"x":34.5637},"parent":"td1","name":"td2"},{"length":43,"transform":{"skY":-44.8556,"y":10.9117,"skX":-44.8556,"x":16.7103},"parent":"bz","name":"ha"},{"length":25,"transform":{"skY":-17.5013,"y":1.9059,"skX":-17.5013,"x":42.0833},"parent":"tb1","name":"tb2"},{"length":30,"transform":{"skY":-28.8403,"y":7.3197,"skX":-28.8403,"x":43.1384},"parent":"ta1","name":"ta2"},{"length":11,"transform":{"skY":-28.9266,"y":-3.0659,"skX":-28.9266,"x":31.8185},"parent":"td2","name":"td3"},{"length":13,"transform":{"skY":2.6164,"y":1.9455,"skX":2.6164,"x":32.0483},"parent":"tc2","name":"tc3"},{"length":12,"transform":{"skY":13.0127,"y":-0.3668,"skX":13.0127,"x":31.8782},"parent":"ta2","name":"ta3"},{"length":10,"transform":{"skY":-41.8997,"y":-0.7918,"skX":-41.8997,"x":35.1119},"parent":"tb2","name":"tb3"},{"length":27,"transform":{"skY":95.5235,"y":-3.2996,"skX":95.5235,"x":2.687},"parent":"ha","name":"hb"}],"aabb":{"width":227.2048043257599,"y":-235.0794877168151,"height":239.70218911816397,"x":-102.16993206988084},"slot":[{"name":"bz","parent":"bz","color":{}},{"z":1,"name":"wb","parent":"wb","color":{}},{"z":2,"name":"td3","parent":"td3","color":{}},{"z":3,"name":"td2","parent":"td2","color":{}},{"z":4,"name":"td1","parent":"td1","color":{}},{"z":5,"name":"tc3","parent":"tc3","color":{}},{"z":6,"name":"tc2","parent":"tc2","color":{}},{"z":7,"name":"tc1","parent":"tc1","color":{}},{"z":8,"name":"hb","parent":"hb","color":{}},{"z":9,"name":"ha","parent":"ha","color":{}},{"z":10,"name":"st","parent":"st","color":{}},{"z":11,"name":"tb3","parent":"tb3","color":{}},{"z":12,"name":"tb2","parent":"tb2","color":{}},{"z":13,"name":"tb1","parent":"tb1","color":{}},{"z":14,"name":"ta3","parent":"ta3","color":{}},{"z":15,"name":"ta2","parent":"ta2","color":{}},{"z":16,"name":"ta1","parent":"ta1","color":{}}],"ik":[],"frameRate":60,"defaultActions":[{"gotoAndPlay":"1"}]}]}