{"frameRate":60,"isGlobal":0,"name":"yy22","version":"5.5","armature":[{"skin":[{"name":"","slot":[{"display":[{"path":"4","type":"image","name":"4","transform":{"skY":84.3076,"y":-4.8414,"skX":84.3076,"x":7.0688}}],"name":"4"},{"display":[{"path":"5","type":"image","name":"5","transform":{"skY":93.6766,"y":-0.6031,"skX":93.6766,"x":5.3926}}],"name":"5"},{"display":[{"path":"6","type":"image","name":"6","transform":{"skY":91.3923,"y":-0.3752,"skX":91.3923,"x":4.0283}}],"name":"6"},{"display":[{"path":"aaa0001","type":"image","name":"aaa0001","transform":{"skY":88.8673,"y":-7.3857,"skX":88.8673,"x":111.9356}},{"path":"aaa0003","type":"image","name":"aaa0003","transform":{"skY":88.8673,"y":-7.3857,"skX":88.8673,"x":111.9356}},{"path":"aaa0005","type":"image","name":"aaa0005","transform":{"skY":88.8673,"y":-7.3857,"skX":88.8673,"x":111.9356}},{"path":"aaa0007","type":"image","name":"aaa0007","transform":{"skY":88.8673,"y":-7.3857,"skX":88.8673,"x":111.9356}}],"name":"aaa0001"},{"display":[{"path":"1","type":"image","name":"1","transform":{"skY":90,"y":-0.8038,"skX":90,"x":10.2752}}],"name":"1"},{"display":[{"path":"2","type":"image","name":"2","transform":{"skY":90,"y":-1.15,"skX":90,"x":4.85}}],"name":"2"},{"display":[{"path":"3","type":"image","name":"3","transform":{"skY":94.7738,"y":3.6188,"skX":94.7738,"x":12.0908}}],"name":"3"}]}],"animation":[{"frame":[],"duration":240,"bone":[{"translateFrame":[{"duration":240}],"scaleFrame":[{"duration":240}],"name":"root","rotateFrame":[{"duration":240}]},{"translateFrame":[{"duration":240}],"scaleFrame":[{"duration":240}],"name":"bone","rotateFrame":[{"duration":240}]},{"translateFrame":[{"tweenEasing":0,"y":13.5499,"duration":20,"x":39.871},{"tweenEasing":0,"y":-15.4033,"duration":20,"x":68.9937},{"tweenEasing":0,"y":-20.7953,"duration":20,"x":98.1164},{"tweenEasing":0,"y":-49.5094,"duration":20,"x":127.239},{"tweenEasing":0,"y":-46.928,"duration":20,"x":156.3617},{"tweenEasing":0,"y":-74.2467,"duration":20,"x":185.4844},{"y":-81.2334,"duration":120,"x":214.6071}],"scaleFrame":[{"tweenEasing":0,"duration":20},{"tweenEasing":0,"duration":20},{"tweenEasing":0,"duration":20},{"tweenEasing":0,"duration":20},{"tweenEasing":0,"duration":20},{"tweenEasing":0,"duration":20},{"duration":120}],"name":"1","rotateFrame":[{"tweenEasing":0,"duration":20},{"tweenEasing":0,"duration":20},{"tweenEasing":0,"duration":20},{"tweenEasing":0,"duration":20},{"tweenEasing":0,"duration":20},{"tweenEasing":0,"duration":20},{"duration":120}]},{"translateFrame":[{"duration":40},{"tweenEasing":0,"y":22.9725,"duration":20,"x":8.1377},{"tweenEasing":0,"y":-5.9807,"duration":20,"x":37.2604},{"tweenEasing":0,"y":-11.3727,"duration":20,"x":66.3831},{"tweenEasing":0,"y":-40.0867,"duration":20,"x":95.5058},{"tweenEasing":0,"y":-37.5054,"duration":20,"x":124.6285},{"tweenEasing":0,"y":-64.8241,"duration":20,"x":153.7512},{"y":-71.8107,"duration":80,"x":182.8738}],"scaleFrame":[{"duration":40},{"tweenEasing":0,"duration":20},{"tweenEasing":0,"duration":20},{"tweenEasing":0,"duration":20},{"tweenEasing":0,"duration":20},{"tweenEasing":0,"duration":20},{"tweenEasing":0,"duration":20},{"duration":80}],"name":"5","rotateFrame":[{"duration":40},{"tweenEasing":0,"duration":20},{"tweenEasing":0,"duration":20},{"tweenEasing":0,"duration":20},{"tweenEasing":0,"duration":20},{"tweenEasing":0,"duration":20},{"tweenEasing":0,"duration":20},{"duration":80}]},{"translateFrame":[{"duration":80},{"tweenEasing":0,"y":32.7067,"duration":20,"x":-22.2912},{"tweenEasing":0,"y":3.7534,"duration":20,"x":6.8315},{"tweenEasing":0,"y":-1.6386,"duration":20,"x":35.9542},{"tweenEasing":0,"y":-30.3526,"duration":20,"x":65.0769},{"tweenEasing":0,"y":-27.7712,"duration":20,"x":94.1996},{"tweenEasing":0,"y":-55.0899,"duration":20,"x":123.3223},{"y":-62.0766,"duration":40,"x":152.4449}],"scaleFrame":[{"duration":80},{"tweenEasing":0,"duration":20},{"tweenEasing":0,"duration":20},{"tweenEasing":0,"duration":20},{"tweenEasing":0,"duration":20},{"tweenEasing":0,"duration":20},{"tweenEasing":0,"duration":20},{"duration":40}],"name":"4","rotateFrame":[{"duration":80},{"tweenEasing":0,"duration":20},{"tweenEasing":0,"duration":20},{"tweenEasing":0,"duration":20},{"tweenEasing":0,"duration":20},{"tweenEasing":0,"duration":20},{"tweenEasing":0,"duration":20},{"duration":40}]},{"translateFrame":[{"duration":240}],"scaleFrame":[{"duration":240}],"name":"3","rotateFrame":[{"duration":240}]},{"translateFrame":[{"duration":240}],"scaleFrame":[{"duration":240}],"name":"2","rotateFrame":[{"duration":240}]},{"translateFrame":[{"duration":120},{"tweenEasing":0,"y":12.849,"duration":20,"x":-91.1114},{"tweenEasing":0,"y":-16.1042,"duration":20,"x":-61.9888},{"tweenEasing":0,"y":-21.4962,"duration":20,"x":-32.8661},{"tweenEasing":0,"y":-50.2102,"duration":20,"x":-3.7434},{"tweenEasing":0,"y":-47.6289,"duration":20,"x":25.3793},{"tweenEasing":0,"y":-74.9476,"duration":20,"x":54.502},{"y":-81.9342,"duration":0,"x":83.6247}],"scaleFrame":[{"duration":120},{"tweenEasing":0,"duration":20},{"tweenEasing":0,"duration":20},{"tweenEasing":0,"duration":20},{"tweenEasing":0,"duration":20},{"tweenEasing":0,"duration":20},{"tweenEasing":0,"duration":20},{"duration":0}],"name":"6","rotateFrame":[{"duration":120},{"tweenEasing":0,"duration":20,"rotate":6.527},{"tweenEasing":0,"duration":20,"rotate":6.527},{"tweenEasing":0,"duration":20,"rotate":6.527},{"tweenEasing":0,"duration":20,"rotate":6.527},{"tweenEasing":0,"duration":20,"rotate":6.527},{"tweenEasing":0,"duration":20,"rotate":6.527},{"duration":0,"rotate":6.527}]},{"translateFrame":[{"duration":240}],"scaleFrame":[{"duration":240}],"name":"aaa0001","rotateFrame":[{"duration":240}]}],"slot":[{"colorFrame":[{"duration":120},{"duration":120},{"duration":0}],"displayFrame":[{"value":-1,"duration":120},{"duration":120},{"value":-1,"duration":0}],"name":"6"},{"colorFrame":[{"duration":40},{"duration":120},{"duration":80}],"displayFrame":[{"value":-1,"duration":40},{"duration":120},{"value":-1,"duration":80}],"name":"5"},{"colorFrame":[{"duration":80},{"duration":120},{"duration":40}],"displayFrame":[{"value":-1,"duration":80},{"duration":120},{"value":-1,"duration":40}],"name":"4"},{"colorFrame":[{"duration":120},{"duration":120}],"displayFrame":[{"duration":120},{"value":-1,"duration":120}],"name":"1"},{"colorFrame":[],"displayFrame":[],"name":"3"},{"colorFrame":[],"displayFrame":[],"name":"2"},{"colorFrame":[],"displayFrame":[],"name":"aaa0001"}],"ffd":[],"ik":[],"name":"1","playTimes":0},{"frame":[],"duration":81,"bone":[{"translateFrame":[{"duration":81}],"scaleFrame":[{"duration":81}],"name":"root","rotateFrame":[{"duration":81}]},{"translateFrame":[{"duration":81}],"scaleFrame":[{"duration":81}],"name":"bone","rotateFrame":[{"duration":81}]},{"translateFrame":[{"duration":81}],"scaleFrame":[{"duration":81}],"name":"1","rotateFrame":[{"duration":81}]},{"translateFrame":[{"tweenEasing":0,"duration":60},{"duration":21}],"scaleFrame":[{"tweenEasing":0,"duration":60},{"duration":21}],"name":"5","rotateFrame":[{"tweenEasing":0,"duration":60},{"duration":21}]},{"translateFrame":[{"duration":4},{"tweenEasing":0,"y":33.9629,"duration":12,"x":-23.4805},{"tweenEasing":0,"y":4.2726,"duration":2,"x":4.4865},{"tweenEasing":0,"y":-0.6758,"duration":2,"x":9.1476},{"tweenEasing":0,"y":-5.6241,"duration":6,"x":13.8088},{"tweenEasing":0,"y":-20.4693,"duration":2,"x":27.7923},{"tweenEasing":0,"y":-25.4176,"duration":2,"x":32.4534},{"tweenEasing":0,"y":-30.366,"duration":10,"x":37.1146},{"tweenEasing":0,"y":-55.1079,"duration":2,"x":60.4204},{"tweenEasing":0,"y":-60.0563,"duration":2,"x":65.0815},{"tweenEasing":0,"y":-65.0047,"duration":6,"x":69.7427},{"tweenEasing":0,"y":-79.8498,"duration":2,"x":83.7262},{"tweenEasing":0,"y":-84.7982,"duration":2,"x":88.3873},{"tweenEasing":0,"y":-89.7465,"duration":10,"x":93.0485},{"y":-114.4884,"duration":17,"x":116.3543}],"scaleFrame":[{"duration":4},{"tweenEasing":0,"duration":12},{"tweenEasing":0,"duration":2},{"tweenEasing":0,"y":1.5,"duration":2,"x":1.5},{"tweenEasing":0,"duration":6},{"tweenEasing":0,"duration":2},{"tweenEasing":0,"y":1.5,"duration":2,"x":1.5},{"tweenEasing":0,"duration":10},{"tweenEasing":0,"duration":2},{"tweenEasing":0,"y":1.5,"duration":2,"x":1.5},{"tweenEasing":0,"duration":6},{"tweenEasing":0,"duration":2},{"tweenEasing":0,"y":1.5,"duration":2,"x":1.5},{"tweenEasing":0,"duration":10},{"duration":17}],"name":"4","rotateFrame":[{"duration":4},{"tweenEasing":0,"duration":12},{"tweenEasing":0,"duration":2,"rotate":-30.906},{"tweenEasing":0,"duration":2,"rotate":-36.057},{"tweenEasing":0,"duration":6,"rotate":-41.208},{"tweenEasing":0,"duration":2,"rotate":-56.661},{"tweenEasing":0,"duration":2,"rotate":-61.812},{"tweenEasing":0,"duration":10,"rotate":-66.963},{"tweenEasing":0,"duration":2,"rotate":-92.718},{"tweenEasing":0,"duration":2,"rotate":-97.869},{"tweenEasing":0,"duration":6,"rotate":-103.02},{"tweenEasing":0,"duration":2,"rotate":-118.473},{"tweenEasing":0,"duration":2,"rotate":-123.624},{"tweenEasing":0,"duration":10,"rotate":-128.775},{"duration":17,"rotate":-154.53}]},{"translateFrame":[{"duration":21},{"tweenEasing":0,"y":47.2755,"duration":20,"x":-57.3805},{"tweenEasing":0,"y":26.8628,"duration":20,"x":-10.1609},{"tweenEasing":0,"y":6.4502,"duration":20,"x":37.0587},{"y":-13.9625,"duration":0,"x":84.2782}],"scaleFrame":[{"duration":21},{"tweenEasing":0,"duration":20},{"tweenEasing":0,"duration":20},{"tweenEasing":0,"duration":20},{"duration":0}],"name":"3","rotateFrame":[{"duration":21},{"tweenEasing":0,"duration":20},{"tweenEasing":0,"duration":20,"rotate":166.3065},{"tweenEasing":0,"duration":20,"rotate":308.2396},{"duration":0,"rotate":411.1156}]},{"translateFrame":[{"duration":16},{"tweenEasing":0,"y":8.3859,"duration":10,"x":-66.6679},{"tweenEasing":0,"y":46.3329,"duration":10,"x":68.9685},{"tweenEasing":0,"y":-62.2256,"duration":10,"x":17.3012},{"tweenEasing":0,"y":-170.7841,"duration":10,"x":-34.366},{"tweenEasing":0,"y":-152.8237,"duration":20,"x":54.9593},{"y":-116.903,"duration":5,"x":233.61}],"scaleFrame":[{"duration":16},{"tweenEasing":0,"duration":10},{"tweenEasing":0,"duration":10},{"tweenEasing":0,"duration":10},{"tweenEasing":0,"duration":10},{"tweenEasing":0,"duration":20},{"duration":5}],"name":"2","rotateFrame":[{"duration":16},{"tweenEasing":0,"duration":10},{"tweenEasing":0,"duration":10,"rotate":-83.071},{"tweenEasing":0,"duration":10,"rotate":-166.142},{"tweenEasing":0,"duration":10,"rotate":-84.7336},{"tweenEasing":0,"duration":20,"rotate":-363.3252},{"duration":5,"rotate":56.1888}]},{"translateFrame":[{"curve":[0,0,0,0.98526031102096],"y":17.1701,"duration":4,"x":-93.5027},{"curve":[1,-0.1998472116119175,1,1],"y":-65.665,"duration":76,"x":-62.8124},{"y":-260.5497,"duration":1,"x":9.3922}],"scaleFrame":[{"curve":[0,0,0,0.98526031102096],"duration":4},{"curve":[1,-0.1998472116119175,1,1],"y":1.5,"duration":76,"x":1.5},{"duration":1}],"name":"6","rotateFrame":[{"duration":4,"curve":[0,0,0,0.98526031102096]},{"rotate":-2.7146,"duration":76,"curve":[1,-0.1998472116119175,1,1]},{"duration":1,"rotate":-54.292}]},{"translateFrame":[{"duration":81}],"scaleFrame":[{"duration":81}],"name":"aaa0001","rotateFrame":[{"duration":81}]}],"slot":[{"colorFrame":[{"duration":80},{"duration":1}],"displayFrame":[{"duration":80},{"value":-1,"duration":1}],"name":"6"},{"colorFrame":[{"duration":4},{"duration":60},{"duration":17}],"displayFrame":[{"value":-1,"duration":4},{"duration":60},{"value":-1,"duration":17}],"name":"4"},{"colorFrame":[{"duration":21},{"duration":60},{"duration":0}],"displayFrame":[{"value":-1,"duration":21},{"duration":60},{"value":-1,"duration":0}],"name":"3"},{"colorFrame":[{"duration":16},{"duration":60},{"duration":5}],"displayFrame":[{"value":-1,"duration":16},{"duration":60},{"value":-1,"duration":5}],"name":"2"},{"colorFrame":[{"duration":2},{"duration":2},{"duration":2},{"duration":2},{"duration":2},{"duration":2},{"duration":2},{"duration":2},{"duration":2},{"duration":2},{"duration":2},{"duration":2},{"duration":2},{"duration":2},{"duration":2},{"duration":2},{"duration":2},{"duration":2},{"duration":2},{"duration":2},{"duration":2},{"duration":2},{"duration":2},{"duration":2},{"duration":2},{"duration":2},{"duration":2},{"duration":2},{"duration":2},{"duration":2},{"duration":2},{"duration":2},{"duration":2},{"duration":2},{"duration":2},{"duration":2},{"duration":2},{"duration":2},{"duration":2},{"duration":2},{"duration":1}],"displayFrame":[{"duration":2},{"value":1,"duration":2},{"value":2,"duration":2},{"value":1,"duration":2},{"duration":2},{"value":1,"duration":2},{"value":2,"duration":2},{"value":1,"duration":2},{"duration":2},{"value":1,"duration":2},{"value":2,"duration":2},{"value":1,"duration":2},{"duration":2},{"value":1,"duration":2},{"value":2,"duration":2},{"value":1,"duration":2},{"duration":2},{"value":1,"duration":2},{"value":2,"duration":2},{"value":1,"duration":2},{"duration":2},{"value":1,"duration":2},{"value":2,"duration":2},{"value":1,"duration":2},{"duration":2},{"value":1,"duration":2},{"value":2,"duration":2},{"value":1,"duration":2},{"duration":2},{"value":1,"duration":2},{"value":2,"duration":2},{"value":1,"duration":2},{"duration":2},{"value":1,"duration":2},{"value":2,"duration":2},{"value":1,"duration":2},{"duration":2},{"value":1,"duration":2},{"value":2,"duration":2},{"value":1,"duration":2},{"duration":1}],"name":"aaa0001"},{"colorFrame":[],"displayFrame":[],"name":"5"},{"colorFrame":[],"displayFrame":[],"name":"1"}],"ffd":[],"ik":[],"name":"2","playTimes":0}],"type":"Armature","frameRate":60,"bone":[{"name":"root","transform":{}},{"transform":{},"name":"bone","parent":"root"},{"length":18,"transform":{"skY":-90,"y":-14.7315,"skX":-90,"x":-38.1159},"parent":"bone","name":"1"},{"length":12,"transform":{"skY":-93.6766,"y":-25.9908,"skX":-93.6766,"x":-6.8329},"parent":"bone","name":"5"},{"length":15,"transform":{"skY":-84.3076,"y":-35.4232,"skX":-84.3076,"x":24.1189},"parent":"bone","name":"4"},{"length":23,"transform":{"skY":-94.7738,"y":-47.0771,"skX":-94.7738,"x":59.5398},"parent":"bone","name":"3"},{"length":12,"transform":{"skY":-90,"y":-7.3756,"skX":-90,"x":66.1578},"parent":"bone","name":"2"},{"length":14,"transform":{"skY":-91.3923,"y":-18.2331,"skX":-91.3923,"x":93.9923},"parent":"bone","name":"6"},{"length":61,"transform":{"skY":-66.5858,"y":-86.2287,"skX":-66.5858,"x":60.063},"parent":"bone","name":"aaa0001"}],"aabb":{"width":0,"y":0,"height":0,"x":0},"slot":[{"displayIndex":-1,"name":"6","parent":"6","color":{}},{"displayIndex":-1,"z":1,"name":"5","parent":"5","color":{}},{"displayIndex":-1,"z":2,"name":"4","parent":"4","color":{}},{"displayIndex":-1,"z":3,"name":"3","parent":"3","color":{}},{"displayIndex":-1,"z":4,"name":"2","parent":"2","color":{}},{"displayIndex":-1,"z":5,"name":"1","parent":"1","color":{}},{"displayIndex":-1,"z":6,"name":"aaa0001","parent":"aaa0001","color":{}}],"ik":[],"defaultActions":[{"gotoAndPlay":"1"}],"name":"yy22"}]}