{"frameRate":60,"isGlobal":0,"name":"4C","version":"5.0","armature":[{"skin":[{"name":"","slot":[{"display":[{"path":"st","type":"image","name":"st","transform":{"skY":90.8405,"y":2.8377,"skX":90.8405,"x":36.7268}}],"name":"st"},{"display":[{"path":"zm","type":"image","name":"zm","transform":{"skY":90,"y":3.261,"skX":90,"x":85.3187}}],"name":"zm"},{"display":[{"path":"s2","type":"image","name":"s2","transform":{"skY":82.2764,"y":1.0404,"skX":82.2764,"x":11.9279}}],"name":"s2"},{"display":[{"path":"s1","type":"image","name":"s1","transform":{"skY":68.7209,"y":0.5791,"skX":68.7209,"x":24.3081}}],"name":"s1"},{"display":[{"path":"ha","type":"image","name":"ha","transform":{"skY":90.3796,"y":7.2,"skX":90.3796,"x":68.7}},{"path":"ha1","type":"image","name":"ha1","transform":{"skY":90.38,"y":23.0397,"skX":90.38,"x":68.595}}],"name":"ha"}]}],"animation":[{"frame":[],"duration":80,"bone":[{"frame":[{"duration":80,"transform":{}}],"name":"root"},{"frame":[{"duration":80,"transform":{}}],"name":"bone"},{"frame":[{"tweenEasing":0,"duration":80,"transform":{}},{"duration":0,"transform":{}}],"name":"zm"},{"frame":[{"tweenEasing":0,"duration":40,"transform":{}},{"tweenEasing":0,"duration":40,"transform":{"scX":1.05,"scY":1.05}},{"duration":0,"transform":{}}],"name":"st"},{"frame":[{"tweenEasing":0,"duration":40,"transform":{}},{"tweenEasing":0,"duration":9,"transform":{"skY":0.8732,"scX":0.95,"scY":0.95,"skX":0.8732}},{"tweenEasing":0,"duration":31,"transform":{"skY":1.0697,"scX":0.9612,"scY":0.9612,"skX":1.0697}},{"duration":0,"transform":{}}],"name":"ha"},{"frame":[{"tweenEasing":0,"duration":39,"transform":{}},{"tweenEasing":0,"duration":1,"transform":{"skY":6.3504,"scX":0.9512,"scY":0.9512,"skX":6.3504}},{"tweenEasing":0,"duration":40,"transform":{"skY":6.1956,"scX":0.95,"scY":0.95,"skX":6.1956}},{"duration":0,"transform":{}}],"name":"s1"},{"frame":[{"tweenEasing":0,"duration":39,"transform":{}},{"tweenEasing":0,"duration":41,"transform":{"skY":-14.1297,"skX":-14.1297}},{"duration":0,"transform":{}}],"name":"s2"}],"slot":[{"frame":[{"tweenEasing":null,"duration":20},{"tweenEasing":null,"displayIndex":1,"duration":44},{"tweenEasing":null,"duration":16}],"name":"ha"}],"ffd":[],"ik":[],"name":"daiji","playTimes":0}],"type":"Armature","name":"4C","bone":[{"name":"root","transform":{}},{"transform":{},"name":"bone","parent":"root"},{"length":45,"transform":{"skY":-90,"y":-3.8,"skX":-90,"x":-1.25},"parent":"bone","name":"zm"},{"length":40,"transform":{"skY":-0.8405,"y":4.4,"skX":-0.8405,"x":172.9},"parent":"zm","name":"st"},{"length":98,"transform":{"skY":0.4608,"y":6.8707,"skX":0.4608,"x":79.7578},"parent":"st","name":"ha"},{"length":51,"transform":{"skY":22.1195,"y":-53.8594,"skX":22.1195,"x":13.3915},"parent":"st","name":"s1"},{"length":27,"transform":{"skY":-13.5555,"y":-4.3584,"skX":-13.5555,"x":59.6876},"parent":"s1","name":"s2"}],"aabb":{"width":294,"y":-416.2961973755374,"height":418.17745539864393,"x":-144.98899688245007},"slot":[{"name":"st","parent":"st","color":{}},{"z":1,"name":"ha","parent":"ha","color":{}},{"z":2,"name":"s2","parent":"s2","color":{}},{"z":3,"name":"s1","parent":"s1","color":{}},{"z":4,"name":"zm","parent":"zm","color":{}}],"ik":[],"frameRate":60,"defaultActions":[{"gotoAndPlay":"daiji"}]}]}