{"width":512,"imagePath":"4C_tex.png","height":512,"name":"4C","SubTexture":[{"width":130,"y":369,"height":92,"name":"st","x":1},{"frameY":0,"y":1,"frameWidth":171,"frameX":0,"frameHeight":182,"width":167,"height":182,"name":"ha1","x":229},{"width":139,"y":185,"height":182,"name":"ha","x":1},{"width":44,"y":369,"height":59,"name":"s2","x":177},{"width":42,"y":369,"height":82,"name":"s1","x":133},{"frameY":0,"y":1,"frameWidth":294,"frameX":-34,"frameHeight":182,"width":226,"height":182,"name":"zm","x":1}]}