{"frameRate":60,"isGlobal":0,"name":"feichuan","version":"5.0","armature":[{"aabb":{"width":534.4391358406252,"y":-274,"height":245,"x":-352.9391358406252},"skin":[{"name":"","slot":[{"display":[{"path":"feichuan","type":"image","name":"feichuan","transform":{"y":-151.5,"x":4.5}}],"name":"feichuan"},{"display":[{"path":"ph0001","type":"image","name":"ph0001","transform":{"y":-0.9299,"x":99.912}},{"path":"ph0002","type":"image","name":"ph0002","transform":{"y":-0.9299,"x":99.912}},{"path":"ph0003","type":"image","name":"ph0003","transform":{"y":-0.9299,"x":99.912}},{"path":"ph0004","type":"image","name":"ph0004","transform":{"y":-0.9299,"x":99.912}},{"path":"ph0005","type":"image","name":"ph0005","transform":{"y":-0.9299,"x":99.912}},{"path":"ph0006","type":"image","name":"ph0006","transform":{"y":-0.9299,"x":99.912}},{"path":"ph0007","type":"image","name":"ph0007","transform":{"y":-0.9299,"x":99.912}},{"path":"ph0008","type":"image","name":"ph0008","transform":{"y":-0.9299,"x":99.912}},{"path":"ph0009","type":"image","name":"ph0009","transform":{"y":-0.9299,"x":99.912}},{"path":"ph0010","type":"image","name":"ph0010","transform":{"y":-0.9299,"x":99.912}}],"name":"ph0001"}]}],"animation":[{"frame":[],"duration":80,"ik":[],"bone":[{"frame":[{"duration":80,"transform":{}}],"name":"root"},{"frame":[{"tweenEasing":0,"duration":20,"transform":{}},{"tweenEasing":0,"duration":20,"transform":{"y":-8.9457,"skX":-15.7161,"skY":-15.7161}},{"tweenEasing":0,"duration":20,"transform":{"y":-21.2001,"skX":-1.2617,"skY":-1.2617}},{"tweenEasing":0,"duration":20,"transform":{"y":-7.3118,"skX":14.1896,"skY":14.1896}},{"duration":0,"transform":{}}],"name":"bone"},{"frame":[{"duration":80,"transform":{}}],"name":"bone1"},{"frame":[{"duration":80,"transform":{}}],"name":"bone2"}],"slot":[{"frame":[{"tweenEasing":null,"displayIndex":9,"duration":1},{"tweenEasing":null,"duration":2},{"tweenEasing":null,"displayIndex":1,"duration":2},{"tweenEasing":null,"displayIndex":2,"duration":2},{"tweenEasing":null,"displayIndex":3,"duration":2},{"tweenEasing":null,"displayIndex":4,"duration":2},{"tweenEasing":null,"displayIndex":5,"duration":2},{"tweenEasing":null,"displayIndex":6,"duration":2},{"tweenEasing":null,"displayIndex":7,"duration":2},{"tweenEasing":null,"displayIndex":8,"duration":2},{"tweenEasing":null,"displayIndex":9,"duration":2},{"tweenEasing":null,"duration":2},{"tweenEasing":null,"displayIndex":1,"duration":2},{"tweenEasing":null,"displayIndex":2,"duration":2},{"tweenEasing":null,"displayIndex":3,"duration":2},{"tweenEasing":null,"displayIndex":4,"duration":2},{"tweenEasing":null,"displayIndex":5,"duration":2},{"tweenEasing":null,"displayIndex":6,"duration":2},{"tweenEasing":null,"displayIndex":7,"duration":2},{"tweenEasing":null,"displayIndex":8,"duration":2},{"tweenEasing":null,"displayIndex":9,"duration":2},{"tweenEasing":null,"duration":2},{"tweenEasing":null,"displayIndex":1,"duration":2},{"tweenEasing":null,"displayIndex":2,"duration":2},{"tweenEasing":null,"displayIndex":3,"duration":2},{"tweenEasing":null,"displayIndex":4,"duration":2},{"tweenEasing":null,"displayIndex":5,"duration":2},{"tweenEasing":null,"displayIndex":6,"duration":2},{"tweenEasing":null,"displayIndex":7,"duration":2},{"tweenEasing":null,"displayIndex":8,"duration":2},{"tweenEasing":null,"displayIndex":9,"duration":2},{"tweenEasing":null,"duration":2},{"tweenEasing":null,"displayIndex":1,"duration":2},{"tweenEasing":null,"displayIndex":2,"duration":2},{"tweenEasing":null,"displayIndex":3,"duration":2},{"tweenEasing":null,"displayIndex":4,"duration":2},{"tweenEasing":null,"displayIndex":5,"duration":2},{"tweenEasing":null,"displayIndex":6,"duration":2},{"tweenEasing":null,"displayIndex":7,"duration":2},{"tweenEasing":null,"displayIndex":8,"duration":2},{"tweenEasing":null,"displayIndex":9,"duration":1}],"name":"ph0001"}],"ffd":[],"name":"fei","playTimes":0},{"frame":[],"duration":80,"ik":[],"bone":[{"frame":[{"duration":80,"transform":{}}],"name":"root"},{"frame":[{"duration":80,"transform":{}}],"name":"bone"},{"frame":[{"tweenEasing":0,"duration":40,"transform":{}},{"tweenEasing":0,"duration":40,"transform":{"y":-20.8673}},{"duration":0,"transform":{}}],"name":"bone1"},{"frame":[{"duration":80,"transform":{}}],"name":"bone2"}],"slot":[{"frame":[{"tweenEasing":null,"duration":2},{"tweenEasing":null,"displayIndex":1,"duration":2},{"tweenEasing":null,"displayIndex":2,"duration":2},{"tweenEasing":null,"displayIndex":3,"duration":2},{"tweenEasing":null,"displayIndex":4,"duration":2},{"tweenEasing":null,"displayIndex":5,"duration":2},{"tweenEasing":null,"displayIndex":6,"duration":2},{"tweenEasing":null,"displayIndex":7,"duration":2},{"tweenEasing":null,"displayIndex":8,"duration":2},{"tweenEasing":null,"displayIndex":9,"duration":2},{"tweenEasing":null,"duration":2},{"tweenEasing":null,"displayIndex":1,"duration":2},{"tweenEasing":null,"displayIndex":2,"duration":2},{"tweenEasing":null,"displayIndex":3,"duration":2},{"tweenEasing":null,"displayIndex":4,"duration":2},{"tweenEasing":null,"displayIndex":5,"duration":2},{"tweenEasing":null,"displayIndex":6,"duration":2},{"tweenEasing":null,"displayIndex":7,"duration":2},{"tweenEasing":null,"displayIndex":8,"duration":2},{"tweenEasing":null,"displayIndex":9,"duration":2},{"tweenEasing":null,"duration":2},{"tweenEasing":null,"displayIndex":1,"duration":2},{"tweenEasing":null,"displayIndex":2,"duration":2},{"tweenEasing":null,"displayIndex":3,"duration":2},{"tweenEasing":null,"displayIndex":4,"duration":2},{"tweenEasing":null,"displayIndex":5,"duration":2},{"tweenEasing":null,"displayIndex":6,"duration":2},{"tweenEasing":null,"displayIndex":7,"duration":2},{"tweenEasing":null,"displayIndex":8,"duration":2},{"tweenEasing":null,"displayIndex":9,"duration":2},{"tweenEasing":null,"duration":2},{"tweenEasing":null,"displayIndex":1,"duration":2},{"tweenEasing":null,"displayIndex":2,"duration":2},{"tweenEasing":null,"displayIndex":3,"duration":2},{"tweenEasing":null,"displayIndex":4,"duration":2},{"tweenEasing":null,"displayIndex":5,"duration":2},{"tweenEasing":null,"displayIndex":6,"duration":2},{"tweenEasing":null,"displayIndex":7,"duration":2},{"tweenEasing":null,"displayIndex":8,"duration":2},{"tweenEasing":null,"displayIndex":9,"duration":2}],"name":"ph0001"}],"ffd":[],"name":"daiji","playTimes":0},{"frame":[],"duration":20,"ik":[],"bone":[{"frame":[{"duration":20,"transform":{}}],"name":"root"},{"frame":[{"duration":20,"transform":{}}],"name":"bone"},{"frame":[{"tweenEasing":0,"duration":3,"transform":{}},{"tweenEasing":0,"duration":4,"transform":{"y":-61.7175,"skX":-51.4286,"skY":-51.4286,"x":57.5175}},{"tweenEasing":0,"duration":3,"transform":{"y":-224.0971,"skX":-120,"skY":-120,"x":66.3839}},{"tweenEasing":0,"duration":3,"transform":{"y":-239.8761,"skX":-180,"skY":-180,"x":-19.4637}},{"tweenEasing":0,"duration":4,"transform":{"y":-175.4331,"skX":120,"skY":120,"x":-120.5075}},{"tweenEasing":0,"duration":3,"transform":{"y":-63.7001,"skX":51.4286,"skY":51.4286,"x":-97.5882}},{"duration":0,"transform":{}}],"name":"bone1"},{"frame":[{"duration":20,"transform":{}}],"name":"bone2"}],"slot":[{"frame":[{"tweenEasing":null,"displayIndex":-1,"duration":20}],"name":"ph0001"}],"ffd":[],"name":"zhuangji","playTimes":0},{"frame":[],"duration":160,"ik":[],"bone":[{"frame":[{"duration":160,"transform":{}}],"name":"root"},{"frame":[{"duration":160,"transform":{}}],"name":"bone"},{"frame":[{"tweenEasing":0,"duration":40,"transform":{}},{"tweenEasing":0,"duration":40,"transform":{"scY":0.9665,"y":-20.8673,"scX":0.9665}},{"tweenEasing":0,"duration":40,"transform":{"scY":0.8776,"scX":0.8776}},{"tweenEasing":0,"duration":40,"transform":{"scY":0.6892,"y":-20.8673,"scX":0.6892}},{"duration":0,"transform":{"scY":0.1,"scX":0.1}}],"name":"bone1"},{"frame":[{"duration":160,"transform":{}}],"name":"bone2"}],"slot":[{"frame":[{"tweenEasing":null,"duration":2},{"tweenEasing":null,"displayIndex":1,"duration":2},{"tweenEasing":null,"displayIndex":2,"duration":2},{"tweenEasing":null,"displayIndex":3,"duration":2},{"tweenEasing":null,"displayIndex":4,"duration":2},{"tweenEasing":null,"displayIndex":5,"duration":2},{"tweenEasing":null,"displayIndex":6,"duration":2},{"tweenEasing":null,"displayIndex":7,"duration":2},{"tweenEasing":null,"displayIndex":8,"duration":2},{"tweenEasing":null,"displayIndex":9,"duration":2},{"tweenEasing":null,"duration":2},{"tweenEasing":null,"displayIndex":1,"duration":2},{"tweenEasing":null,"displayIndex":2,"duration":2},{"tweenEasing":null,"displayIndex":3,"duration":2},{"tweenEasing":null,"displayIndex":4,"duration":2},{"tweenEasing":null,"displayIndex":5,"duration":2},{"tweenEasing":null,"displayIndex":6,"duration":2},{"tweenEasing":null,"displayIndex":7,"duration":2},{"tweenEasing":null,"displayIndex":8,"duration":2},{"tweenEasing":null,"displayIndex":9,"duration":2},{"tweenEasing":null,"duration":2},{"tweenEasing":null,"displayIndex":1,"duration":2},{"tweenEasing":null,"displayIndex":2,"duration":2},{"tweenEasing":null,"displayIndex":3,"duration":2},{"tweenEasing":null,"displayIndex":4,"duration":2},{"tweenEasing":null,"displayIndex":5,"duration":2},{"tweenEasing":null,"displayIndex":6,"duration":2},{"tweenEasing":null,"displayIndex":7,"duration":2},{"tweenEasing":null,"displayIndex":8,"duration":2},{"tweenEasing":null,"displayIndex":9,"duration":2},{"tweenEasing":null,"duration":2},{"tweenEasing":null,"displayIndex":1,"duration":2},{"tweenEasing":null,"displayIndex":2,"duration":2},{"tweenEasing":null,"displayIndex":3,"duration":2},{"tweenEasing":null,"displayIndex":4,"duration":2},{"tweenEasing":null,"displayIndex":5,"duration":2},{"tweenEasing":null,"displayIndex":6,"duration":2},{"tweenEasing":null,"displayIndex":7,"duration":2},{"tweenEasing":null,"displayIndex":8,"duration":2},{"tweenEasing":null,"displayIndex":9,"duration":2},{"tweenEasing":null,"duration":2},{"tweenEasing":null,"displayIndex":1,"duration":2},{"tweenEasing":null,"displayIndex":2,"duration":2},{"tweenEasing":null,"displayIndex":3,"duration":2},{"tweenEasing":null,"displayIndex":4,"duration":2},{"tweenEasing":null,"displayIndex":5,"duration":2},{"tweenEasing":null,"displayIndex":6,"duration":2},{"tweenEasing":null,"displayIndex":7,"duration":2},{"tweenEasing":null,"displayIndex":8,"duration":2},{"tweenEasing":null,"displayIndex":9,"duration":2},{"tweenEasing":null,"duration":2},{"tweenEasing":null,"displayIndex":1,"duration":2},{"tweenEasing":null,"displayIndex":2,"duration":2},{"tweenEasing":null,"displayIndex":3,"duration":2},{"tweenEasing":null,"displayIndex":4,"duration":2},{"tweenEasing":null,"displayIndex":5,"duration":2},{"tweenEasing":null,"displayIndex":6,"duration":2},{"tweenEasing":null,"displayIndex":7,"duration":2},{"tweenEasing":null,"displayIndex":8,"duration":2},{"tweenEasing":null,"displayIndex":9,"duration":2},{"tweenEasing":null,"duration":2},{"tweenEasing":null,"displayIndex":1,"duration":2},{"tweenEasing":null,"displayIndex":2,"duration":2},{"tweenEasing":null,"displayIndex":3,"duration":2},{"tweenEasing":null,"displayIndex":4,"duration":2},{"tweenEasing":null,"displayIndex":5,"duration":2},{"tweenEasing":null,"displayIndex":6,"duration":2},{"tweenEasing":null,"displayIndex":7,"duration":2},{"tweenEasing":null,"displayIndex":8,"duration":2},{"tweenEasing":null,"displayIndex":9,"duration":2},{"tweenEasing":null,"duration":2},{"tweenEasing":null,"displayIndex":1,"duration":2},{"tweenEasing":null,"displayIndex":2,"duration":2},{"tweenEasing":null,"displayIndex":3,"duration":2},{"tweenEasing":null,"displayIndex":4,"duration":2},{"tweenEasing":null,"displayIndex":5,"duration":2},{"tweenEasing":null,"displayIndex":6,"duration":2},{"tweenEasing":null,"displayIndex":7,"duration":2},{"tweenEasing":null,"displayIndex":8,"duration":2},{"tweenEasing":null,"displayIndex":9,"duration":2}],"name":"ph0001"}],"ffd":[],"name":"diqiu","playTimes":0}],"ik":[],"frameRate":60,"bone":[{"name":"root","transform":{}},{"transform":{},"name":"bone","parent":"root"},{"transform":{},"name":"bone1","parent":"bone"},{"inheritRotation":false,"transform":{"scY":1.6034,"y":-69.968,"skX":179.8922,"skY":179.8922,"scX":1.6034,"x":-77.2391},"name":"bone2","parent":"bone1"}],"defaultActions":[{"gotoAndPlay":"fei"}],"slot":[{"displayIndex":9,"name":"ph0001","parent":"bone2","color":{}},{"z":1,"name":"feichuan","parent":"bone1","color":{}}],"type":"Armature","name":"feichuan"}]}