{"width":512,"imagePath":"feichuan_tex.png","height":512,"name":"feichuan","SubTexture":[{"frameY":0,"y":298,"frameWidth":231,"frameX":0,"frameHeight":48,"width":109,"height":48,"name":"ph0001","x":1},{"frameY":0,"y":248,"frameWidth":231,"frameX":0,"frameHeight":48,"width":115,"height":48,"name":"ph0002","x":250},{"frameY":0,"y":248,"frameWidth":231,"frameX":0,"frameHeight":48,"width":109,"height":48,"name":"ph0006","x":367},{"frameY":-1,"y":51,"frameWidth":231,"frameX":0,"frameHeight":48,"width":143,"height":47,"name":"ph0004","x":357},{"frameY":0,"y":1,"frameWidth":231,"frameX":0,"frameHeight":48,"width":143,"height":48,"name":"ph0009","x":357},{"frameY":0,"y":248,"frameWidth":231,"frameX":0,"frameHeight":48,"width":129,"height":48,"name":"ph0003","x":1},{"frameY":-1,"y":100,"frameWidth":231,"frameX":0,"frameHeight":48,"width":139,"height":47,"name":"ph0005","x":357},{"frameY":0,"y":198,"frameWidth":231,"frameX":0,"frameHeight":48,"width":129,"height":48,"name":"ph0008","x":357},{"frameY":-1,"y":149,"frameWidth":231,"frameX":0,"frameHeight":48,"width":135,"height":47,"name":"ph0010","x":357},{"frameY":0,"y":248,"frameWidth":231,"frameX":0,"frameHeight":48,"width":116,"height":48,"name":"ph0007","x":132},{"width":354,"y":1,"height":245,"name":"feichuan","x":1}]}