{"frameRate":60,"isGlobal":0,"name":"14mujian","version":"5.5","armature":[{"aabb":{"width":620,"y":-1450.3905,"height":736.76856,"x":-343.5053},"skin":[{"name":"","slot":[{"display":[{"path":"mujian2","type":"image","name":"mujian","transform":{"scY":3,"y":-413.8768,"skX":-13.9294,"skY":-13.9294,"scX":3,"x":-33.5053}}],"name":"mujian"},{"display":[{"path":"guangshu","type":"image","name":"guangshu","transform":{"y":88.5536,"x":0.6244}}],"name":"guangshu"}]}],"canvas":{"width":308,"y":-432,"height":1030,"x":3},"animation":[{"frame":[],"duration":50,"bone":[{"rotateFrame":[{"duration":50}],"scaleFrame":[{"duration":50}],"name":"root","translateFrame":[{"duration":50}]},{"rotateFrame":[{"duration":50}],"scaleFrame":[{"duration":50}],"name":"bone","translateFrame":[{"duration":50}]},{"rotateFrame":[{"duration":50}],"scaleFrame":[{"duration":50}],"name":"bone1","translateFrame":[{"duration":50}]},{"rotateFrame":[{"tweenEasing":0,"duration":8},{"duration":42,"curve":[0,0,0.5,1]},{"duration":0}],"scaleFrame":[{"tweenEasing":0,"duration":8,"x":0.1},{"y":50,"duration":42,"curve":[0,0,0.5,1]},{"y":50,"duration":0,"x":4.55}],"name":"bone2","translateFrame":[{"tweenEasing":0,"duration":8},{"duration":42,"curve":[0,0,0.5,1]},{"duration":0}]}],"slot":[{"colorFrame":[],"displayFrame":[],"name":"guangshu"},{"colorFrame":[],"displayFrame":[],"name":"mujian"}],"ffd":[],"name":"1","ik":[],"playTimes":0}],"type":"Armature","name":"14mujian","bone":[{"name":"root","transform":{}},{"transform":{},"name":"bone","parent":"root"},{"transform":{"y":-838.0137},"name":"bone1","parent":"bone"},{"transform":{"scY":0.1,"y":-812.9773},"name":"bone2","parent":"bone"}],"defaultActions":[{"gotoAndPlay":"1"}],"slot":[{"name":"guangshu","parent":"bone2","color":{}},{"z":1,"name":"mujian","parent":"bone1","color":{}}],"ik":[],"frameRate":60}]}