{"width":512,"SubTexture":[{"frameY":-1,"y":380,"frameWidth":67,"frameX":-2,"frameHeight":115,"width":65,"height":107,"name":"baobao1","x":68},{"frameY":0,"y":1,"frameWidth":163,"frameX":0,"frameHeight":378,"width":162,"height":377,"name":"bb","x":1},{"frameY":0,"y":227,"frameWidth":177,"frameX":0,"frameHeight":224,"width":175,"height":224,"name":"yv","x":329},{"frameY":-1,"y":380,"frameWidth":67,"frameX":-2,"frameHeight":115,"width":65,"height":107,"name":"baobao2","x":1},{"frameY":0,"y":1,"frameWidth":177,"frameX":0,"frameHeight":224,"width":175,"height":224,"name":"yv1","x":329},{"frameY":0,"y":1,"frameWidth":163,"frameX":0,"frameHeight":378,"width":162,"height":377,"name":"bb1","x":165}],"height":512,"name":"jinhua1","imagePath":"jinhua1_tex.png"}