{"frameRate":60,"isGlobal":0,"name":"jinhua1","version":"5.0","armature":[{"aabb":{"width":0,"y":0,"height":0,"x":0},"skin":[{"name":"","slot":[{"display":[{"path":"bb1","type":"image","name":"bb1","transform":{"y":-168.018}}],"name":"bb1"},{"display":[{"path":"yv1","type":"image","name":"yv1","transform":{"y":-109.2449}}],"name":"yv1"},{"display":[{"path":"yv","type":"image","name":"yv","transform":{"y":-109.2449}}],"name":"yv"},{"display":[{"path":"baobao1","type":"image","name":"baobao1","transform":{"y":-45.6808}}],"name":"baobao1"},{"display":[{"path":"bb","type":"image","name":"bb","transform":{"y":-168.018}}],"name":"bb"},{"display":[{"path":"baobao2","type":"image","name":"baobao2","transform":{"y":-45.6808}}],"name":"baobao2"}]}],"ik":[],"animation":[{"frame":[],"duration":100,"bone":[{"frame":[{"duration":100,"transform":{}}],"name":"root"},{"frame":[{"duration":100,"transform":{}}],"name":"bone"},{"frame":[{"duration":60,"transform":{}},{"tweenEasing":0,"duration":2,"transform":{}},{"tweenEasing":0,"duration":2,"transform":{"scY":2.6,"y":-24.6139,"scX":0.7}},{"tweenEasing":0,"duration":16,"transform":{"scY":1.82,"y":-49.2278,"scX":2.03}},{"duration":20,"transform":{}}],"name":"baobao1"},{"frame":[{"duration":64,"transform":{}},{"tweenEasing":0,"duration":4,"transform":{"y":-31.0574,"x":-7.2542}},{"tweenEasing":0,"duration":4,"transform":{"scY":0.85,"y":-2.4989,"scX":1.4,"x":-5.3356}},{"tweenEasing":0,"duration":4,"transform":{"scY":1.35,"y":-2.4989,"scX":0.85,"x":-5.3356}},{"tweenEasing":0,"duration":4,"transform":{"scY":0.9,"y":-2.4989,"scX":1.1,"x":-5.3356}},{"duration":20,"transform":{"y":-2.4989,"x":-5.3356}}],"name":"yv"},{"frame":[{"duration":100,"transform":{}}],"name":"bb"}],"ik":[],"slot":[{"frame":[{"tweenEasing":null,"duration":64},{"tweenEasing":0,"displayIndex":-1,"duration":36}],"name":"baobao1"},{"frame":[{"tweenEasing":null,"displayIndex":-1,"duration":64},{"tweenEasing":null,"duration":36}],"name":"yv"},{"frame":[{"tweenEasing":0,"duration":60,"color":{"aM":0}},{"tweenEasing":null,"duration":4},{"tweenEasing":0,"displayIndex":-1,"duration":36}],"name":"baobao2"},{"frame":[{"tweenEasing":null,"displayIndex":-1,"duration":64},{"tweenEasing":0,"duration":12},{"tweenEasing":0,"duration":24},{"tweenEasing":null,"duration":0,"color":{"aM":0}}],"name":"yv1"}],"ffd":[],"name":"1-2","playTimes":0},{"frame":[],"duration":100,"bone":[{"frame":[{"duration":100,"transform":{}}],"name":"root"},{"frame":[{"duration":100,"transform":{}}],"name":"bone"},{"frame":[{"duration":100,"transform":{}}],"name":"baobao1"},{"frame":[{"duration":60,"transform":{}},{"tweenEasing":0,"duration":2,"transform":{}},{"tweenEasing":0,"duration":2,"transform":{"scY":1.85,"y":-15.7326,"scX":0.7}},{"duration":36,"transform":{"scY":1.55,"y":-31.4652,"scX":1.6}}],"name":"yv"},{"frame":[{"duration":64,"transform":{}},{"tweenEasing":0,"duration":4,"transform":{"y":-12.1832,"x":2.3023}},{"tweenEasing":0,"duration":4,"transform":{"scY":0.8,"y":9.8808,"scX":1.4,"x":-0.5276}},{"tweenEasing":0,"duration":4,"transform":{"scY":1.4,"y":9.8808,"scX":0.8,"x":-0.5276}},{"tweenEasing":0,"duration":4,"transform":{"scY":0.85,"y":9.8808,"scX":1.2,"x":-0.5276}},{"duration":20,"transform":{"y":9.8808,"x":-0.5276}}],"name":"bb"}],"ik":[],"slot":[{"frame":[{"tweenEasing":null,"displayIndex":-1,"duration":100}],"name":"baobao1"},{"frame":[{"tweenEasing":null,"displayIndex":-1,"duration":64},{"tweenEasing":null,"duration":36}],"name":"bb"},{"frame":[{"tweenEasing":null,"duration":64},{"tweenEasing":null,"displayIndex":-1,"duration":36}],"name":"yv"},{"frame":[{"tweenEasing":null,"displayIndex":-1,"duration":100}],"name":"baobao2"},{"frame":[{"tweenEasing":0,"duration":60,"color":{"aM":0}},{"tweenEasing":null,"duration":4},{"tweenEasing":0,"displayIndex":-1,"duration":36}],"name":"yv1"},{"frame":[{"tweenEasing":null,"displayIndex":-1,"duration":64},{"tweenEasing":0,"duration":12},{"tweenEasing":0,"duration":24},{"tweenEasing":null,"duration":0,"color":{"aM":0}}],"name":"bb1"}],"ffd":[],"name":"2-3","playTimes":0}],"type":"Armature","frameRate":60,"bone":[{"name":"root","transform":{}},{"transform":{},"name":"bone","parent":"root"},{"transform":{"x":-0.2152},"name":"baobao1","parent":"bone"},{"transform":{"x":0.5086},"name":"yv","parent":"bone"},{"transform":{"y":-15.7474,"x":0.5029},"name":"bb","parent":"bone"}],"defaultActions":[{"gotoAndPlay":"1-2"}],"slot":[{"displayIndex":-1,"name":"baobao1","parent":"baobao1","color":{}},{"displayIndex":-1,"z":1,"name":"bb","parent":"bb","color":{}},{"displayIndex":-1,"z":2,"name":"yv","parent":"yv","color":{}},{"displayIndex":-1,"z":3,"name":"baobao2","parent":"baobao1","color":{"aM":0}},{"displayIndex":-1,"z":4,"name":"yv1","parent":"yv","color":{"aM":0}},{"displayIndex":-1,"z":5,"name":"bb1","parent":"bb","color":{"aM":0}}],"name":"jinhua1"}]}