{"width":2048,"imagePath":"bb_tex.png","height":2048,"name":"bb","SubTexture":[{"width":45,"y":1215,"height":30,"name":"wbbb","x":1525},{"width":58,"y":1989,"height":47,"name":"ccc2","x":548},{"width":57,"y":992,"height":41,"name":"ccc1","x":390},{"width":59,"y":1989,"height":54,"name":"ssst","x":431},{"width":64,"y":1252,"height":75,"name":"hhh","x":1528},{"frameY":-68,"y":1857,"frameWidth":416,"frameX":-108,"frameHeight":300,"width":209,"height":185,"name":"wuzi1","x":1486},{"width":158,"y":402,"height":171,"name":"h2q","x":1850},{"width":158,"y":575,"height":171,"name":"h2","x":1850},{"width":43,"y":300,"height":61,"name":"szaq","x":1402},{"width":43,"y":227,"height":61,"name":"sza","x":1431},{"width":51,"y":446,"height":61,"name":"szb","x":1318},{"width":51,"y":446,"height":61,"name":"szbq","x":1371},{"width":91,"y":1,"height":224,"name":"pz","x":1364},{"width":80,"y":1198,"height":44,"name":"yaoshi","x":1577},{"width":87,"y":263,"height":116,"name":"jiandao","x":944},{"width":64,"y":1252,"height":74,"name":"koushao","x":1594},{"width":129,"y":654,"height":95,"name":"shitou","x":1178},{"frameY":0,"y":992,"frameWidth":80,"frameX":0,"frameHeight":44,"width":49,"height":44,"name":"yaoshi1","x":498},{"frameY":0,"y":924,"frameWidth":168,"frameX":-24,"frameHeight":137,"width":128,"height":136,"name":"naiping","x":1061},{"width":206,"y":1350,"height":101,"name":"qiaogun","x":1090},{"width":85,"y":852,"height":137,"name":"weiqun","x":1191},{"width":122,"y":1350,"height":158,"name":"mianju","x":1646},{"width":83,"y":589,"height":77,"name":"tiechan1","x":1403},{"width":104,"y":1468,"height":75,"name":"xiangchang","x":1505},{"width":54,"y":1252,"height":90,"name":"kl1","x":1472},{"width":313,"y":679,"height":311,"name":"yusan","x":346},{"width":97,"y":946,"height":101,"name":"mfb","x":1391},{"width":146,"y":1296,"height":377,"name":"qiqiu2","x":419},{"width":33,"y":1579,"height":106,"name":"wenduji","x":2006},{"width":70,"y":1296,"height":123,"name":"tang","x":344},{"width":151,"y":1,"height":125,"name":"mianzhao","x":1042},{"frameY":-3,"y":1062,"frameWidth":127,"frameX":0,"frameHeight":125,"width":112,"height":122,"name":"kl","x":1302},{"width":139,"y":1186,"height":60,"name":"yanjing","x":1187},{"width":113,"y":1062,"height":122,"name":"zj1","x":1187},{"width":134,"y":1,"height":120,"name":"suoxiaodeng","x":682},{"width":156,"y":906,"height":156,"name":"tiechan","x":1850},{"width":103,"y":128,"height":139,"name":"shouji","x":1085},{"width":107,"y":398,"height":115,"name":"guozi","x":914},{"width":124,"y":1062,"height":130,"name":"taikongtoukui","x":1061},{"width":138,"y":271,"height":95,"name":"caodui","x":1212},{"width":128,"y":1,"height":147,"name":"dachui","x":1195},{"width":51,"y":1143,"height":107,"name":"bbt3","x":1472},{"width":71,"y":668,"height":83,"name":"biao","x":1420},{"width":61,"y":1909,"height":106,"name":"bbt2","x":1985},{"width":128,"y":1,"height":118,"name":"chuizi","x":818},{"width":42,"y":1021,"height":104,"name":"bbt1","x":1512},{"width":148,"y":1060,"height":152,"name":"fuzi","x":782},{"width":90,"y":1872,"height":134,"name":"zhiwu1","x":1127},{"width":107,"y":564,"height":103,"name":"laba","x":665},{"width":57,"y":1867,"height":101,"name":"huoba","x":1427},{"width":125,"y":1468,"height":63,"name":"qiang1","x":1378},{"width":127,"y":1214,"height":67,"name":"maozi","x":782},{"width":286,"y":1909,"height":85,"name":"wang1","x":1697},{"width":21,"y":402,"height":296,"name":"biaoqiang","x":2010},{"width":286,"y":1464,"height":63,"name":"wang2","x":1090},{"width":53,"y":1675,"height":45,"name":"qiang2","x":477},{"width":37,"y":271,"height":75,"name":"tzbq","x":1352},{"width":37,"y":509,"height":75,"name":"tzb","x":1408},{"width":28,"y":1468,"height":70,"name":"tza","x":1611},{"width":28,"y":1186,"height":70,"name":"tzaq","x":1328},{"width":37,"y":906,"height":93,"name":"tyb","x":2008},{"width":37,"y":1,"height":93,"name":"tybq","x":1325},{"width":38,"y":227,"height":71,"name":"tyaq","x":1391},{"width":38,"y":348,"height":71,"name":"tya","x":1362},{"width":72,"y":1989,"height":57,"name":"qq","x":357},{"frameY":0,"y":1662,"frameWidth":111,"frameX":-15,"frameHeight":138,"width":72,"height":57,"name":"q","x":787},{"width":92,"y":926,"height":93,"name":"stq","x":1490},{"frameY":0,"y":619,"frameWidth":92,"frameX":0,"frameHeight":105,"width":92,"height":93,"name":"st","x":1309},{"width":37,"y":363,"height":63,"name":"syaq","x":1402},{"width":37,"y":428,"height":63,"name":"sya","x":1424},{"width":42,"y":834,"height":76,"name":"syb","x":1511},{"width":42,"y":368,"height":76,"name":"sybq","x":1318},{"width":134,"y":519,"height":133,"name":"sisuo","x":914},{"width":138,"y":519,"height":133,"name":"chi3","x":525},{"width":137,"y":263,"height":133,"name":"h","x":805},{"width":138,"y":128,"height":133,"name":"chi2","x":805},{"width":135,"y":398,"height":133,"name":"zhenzha","x":777},{"width":138,"y":128,"height":133,"name":"yunxuan","x":945},{"width":138,"y":263,"height":133,"name":"chi1","x":665},{"width":134,"y":654,"height":133,"name":"hq","x":1042},{"width":134,"y":789,"height":133,"name":"baoqian","x":1042},{"width":138,"y":263,"height":133,"name":"yongli","x":525},{"width":138,"y":128,"height":133,"name":"shengli","x":525},{"width":134,"y":384,"height":133,"name":"chui","x":1182},{"width":138,"y":384,"height":133,"name":"jingxia","x":1042},{"width":134,"y":519,"height":133,"name":"haoqi","x":1050},{"width":138,"y":128,"height":133,"name":"haipa","x":665},{"width":134,"y":533,"height":133,"name":"jingxia2","x":777},{"width":34,"y":700,"height":46,"name":"h1q","x":2010},{"width":34,"y":992,"height":46,"name":"h1","x":602},{"width":175,"y":1350,"height":112,"name":"maozi1","x":1298},{"width":216,"y":1296,"height":251,"name":"lajitong","x":872},{"width":70,"y":991,"height":64,"name":"xie","x":1191},{"width":147,"y":1262,"height":146,"name":"luntai","x":1850},{"width":192,"y":1996,"height":43,"name":"huaban","x":1697},{"width":36,"y":1064,"height":513,"name":"tielian","x":1999},{"frameY":-10,"y":398,"frameWidth":140,"frameX":-4,"frameHeight":147,"width":133,"height":117,"name":"11","x":525},{"width":110,"y":398,"height":164,"name":"gouzi","x":665},{"width":341,"y":1054,"height":369,"name":"cd1","x":1},{"width":343,"y":679,"height":373,"name":"cd2","x":1},{"width":22,"y":1214,"height":24,"name":"t2","x":911},{"width":18,"y":1021,"height":26,"name":"t1","x":1490},{"width":46,"y":1857,"height":50,"name":"cb2","x":1773},{"width":47,"y":992,"height":48,"name":"staaa","x":449},{"width":54,"y":1989,"height":52,"name":"z","x":492},{"width":56,"y":1280,"height":59,"name":"wb","x":1660},{"width":80,"y":1924,"height":94,"name":"ha","x":275},{"width":51,"y":992,"height":38,"name":"cb1","x":549},{"width":27,"y":619,"height":27,"name":"y","x":1250},{"width":94,"y":1049,"height":92,"name":"tiechan2","x":1416},{"frameY":-49,"y":1727,"frameWidth":379,"frameX":-35,"frameHeight":248,"width":315,"height":179,"name":"aaa0003","x":620},{"frameY":-20,"y":1727,"frameWidth":379,"frameX":-14,"frameHeight":248,"width":355,"height":195,"name":"aaa0005","x":1},{"frameY":-96,"y":1713,"frameWidth":379,"frameX":-59,"frameHeight":248,"width":263,"height":152,"name":"aaa0001","x":1221},{"frameY":0,"y":679,"frameWidth":379,"frameX":0,"frameHeight":248,"width":379,"height":203,"name":"aaa0007","x":661},{"frameY":-127,"y":714,"frameWidth":289,"frameX":-25,"frameHeight":240,"width":66,"height":34,"name":"cd0017","x":1309},{"frameY":-13,"y":1064,"frameWidth":289,"frameX":-158,"frameHeight":240,"width":123,"height":196,"name":"cd0011","x":1850},{"frameY":-87,"y":1996,"frameWidth":289,"frameX":-6,"frameHeight":240,"width":88,"height":49,"name":"cd0018","x":1891},{"frameY":-59,"y":519,"frameWidth":289,"frameX":-7,"frameHeight":240,"width":95,"height":68,"name":"cd0019","x":1311},{"frameY":-125,"y":1309,"frameWidth":289,"frameX":-2,"frameHeight":240,"width":93,"height":38,"name":"cd0004","x":1364},{"frameY":-41,"y":203,"frameWidth":289,"frameX":-14,"frameHeight":240,"width":179,"height":197,"name":"cd0005","x":1850},{"frameY":0,"y":1060,"frameWidth":289,"frameX":-143,"frameHeight":240,"width":124,"height":189,"name":"cd0012","x":935},{"frameY":-18,"y":1479,"frameWidth":289,"frameX":0,"frameHeight":240,"width":218,"height":205,"name":"cd0006","x":567},{"frameY":-128,"y":2008,"frameWidth":289,"frameX":-190,"frameHeight":240,"width":75,"height":31,"name":"cd0013","x":1127},{"frameY":-36,"y":972,"frameWidth":289,"frameX":-12,"frameHeight":240,"width":99,"height":80,"name":"cd0020","x":661},{"frameY":-78,"y":150,"frameWidth":289,"frameX":-94,"frameHeight":240,"width":157,"height":119,"name":"cd0007","x":1195},{"frameY":-61,"y":748,"frameWidth":289,"frameX":-83,"frameHeight":240,"width":173,"height":156,"name":"cd0014","x":1850},{"frameY":-26,"y":884,"frameWidth":289,"frameX":-24,"frameHeight":240,"width":99,"height":86,"name":"cd0021","x":935},{"frameY":-43,"y":1867,"frameWidth":289,"frameX":-63,"frameHeight":240,"width":204,"height":162,"name":"cd0015","x":1221},{"frameY":-202,"y":1143,"frameWidth":289,"frameX":-60,"frameHeight":240,"width":52,"height":38,"name":"cd0001","x":1416},{"frameY":-126,"y":1251,"frameWidth":289,"frameX":-183,"frameHeight":240,"width":83,"height":41,"name":"cd0008","x":911},{"frameY":-178,"y":1995,"frameWidth":289,"frameX":-40,"frameHeight":240,"width":70,"height":46,"name":"cd0002","x":853},{"frameY":-75,"y":1194,"frameWidth":289,"frameX":-179,"frameHeight":240,"width":110,"height":62,"name":"cd0009","x":1061},{"frameY":-91,"y":1592,"frameWidth":289,"frameX":-37,"frameHeight":240,"width":154,"height":93,"name":"cd0016","x":1850},{"frameY":-158,"y":1857,"frameWidth":289,"frameX":-19,"frameHeight":240,"width":74,"height":42,"name":"cd0003","x":1697},{"frameY":-41,"y":1410,"frameWidth":289,"frameX":-169,"frameHeight":240,"width":119,"height":180,"name":"cd0010","x":1850},{"width":77,"y":1908,"height":85,"name":"ball_ice_freeze1","x":853},{"frameY":-7,"y":852,"frameWidth":122,"frameX":0,"frameHeight":99,"width":116,"height":92,"name":"sc0002","x":1278},{"frameY":-13,"y":840,"frameWidth":122,"frameX":-5,"frameHeight":99,"width":113,"height":84,"name":"sc0003","x":1396},{"frameY":-12,"y":751,"frameWidth":122,"frameX":-2,"frameHeight":99,"width":120,"height":87,"name":"sc0001","x":1298},{"frameY":-8,"y":946,"frameWidth":122,"frameX":-9,"frameHeight":99,"width":111,"height":90,"name":"sc0004","x":1278},{"frameY":0,"y":751,"frameWidth":122,"frameX":-3,"frameHeight":99,"width":118,"height":99,"name":"sc0005","x":1178},{"width":168,"y":271,"height":111,"name":"laoyu","x":1042},{"width":28,"y":1802,"height":28,"name":"yj2","x":1486},{"width":23,"y":1832,"height":23,"name":"yj1","x":1486},{"width":188,"y":1872,"height":152,"name":"bq","x":937},{"frameY":-3,"y":1110,"frameWidth":56,"frameX":-2,"frameHeight":88,"width":49,"height":84,"name":"00013","x":1628},{"frameY":0,"y":1021,"frameWidth":56,"frameX":-4,"frameHeight":88,"width":49,"height":87,"name":"00003","x":1556},{"frameY":-1,"y":1110,"frameWidth":56,"frameX":-2,"frameHeight":88,"width":49,"height":86,"name":"00015","x":1577},{"frameY":-10,"y":1970,"frameWidth":56,"frameX":-4,"frameHeight":88,"width":50,"height":77,"name":"00005","x":1427},{"frameY":-1,"y":1127,"frameWidth":56,"frameX":-2,"frameHeight":88,"width":50,"height":86,"name":"00017","x":1525},{"frameY":-9,"y":753,"frameWidth":56,"frameX":-4,"frameHeight":88,"width":49,"height":78,"name":"00007","x":1420},{"frameY":-8,"y":753,"frameWidth":56,"frameX":-4,"frameHeight":88,"width":48,"height":79,"name":"00009","x":1471},{"frameY":-5,"y":1196,"frameWidth":56,"frameX":-2,"frameHeight":88,"width":48,"height":82,"name":"00011","x":1660},{"frameY":0,"y":1021,"frameWidth":56,"frameX":-3,"frameHeight":88,"width":48,"height":87,"name":"00001","x":1628},{"width":522,"y":1,"height":676,"name":"12dashu","x":1},{"width":416,"y":1425,"height":300,"name":"wuzi","x":1},{"width":272,"y":1924,"height":123,"name":"mb","x":1},{"frameY":-11,"y":1549,"frameWidth":333,"frameX":-3,"frameHeight":181,"width":312,"height":162,"name":"hy7","x":1206},{"frameY":-75,"y":519,"frameWidth":333,"frameX":-2,"frameHeight":181,"width":123,"height":98,"name":"hy2","x":1186},{"frameY":-15,"y":1713,"frameWidth":333,"frameX":-4,"frameHeight":181,"width":282,"height":157,"name":"hy8","x":937},{"frameY":0,"y":1296,"frameWidth":333,"frameX":-7,"frameHeight":181,"width":303,"height":181,"name":"hy3","x":567},{"frameY":-39,"y":1908,"frameWidth":333,"frameX":-28,"frameHeight":181,"width":231,"height":120,"name":"hy9","x":620},{"frameY":-19,"y":1549,"frameWidth":333,"frameX":-1,"frameHeight":181,"width":332,"height":154,"name":"hy4","x":872},{"frameY":-24,"y":1549,"frameWidth":333,"frameX":-3,"frameHeight":181,"width":328,"height":152,"name":"hy5","x":1520},{"frameY":-14,"y":1703,"frameWidth":333,"frameX":0,"frameHeight":181,"width":305,"height":152,"name":"hy6","x":1520},{"frameY":-104,"y":1675,"frameWidth":333,"frameX":-14,"frameHeight":181,"width":56,"height":45,"name":"hy1","x":419},{"width":272,"y":884,"height":86,"name":"jtl1","x":661},{"width":155,"y":1,"height":115,"name":"taozi","x":525},{"width":436,"y":1054,"height":240,"name":"hyq","x":344},{"width":272,"y":1262,"height":86,"name":"jtl3","x":1090},{"width":272,"y":972,"height":86,"name":"jtl2","x":782},{"width":58,"y":1251,"height":42,"name":"gbz","x":996},{"width":42,"y":992,"height":59,"name":"gwb","x":346},{"width":20,"y":1035,"height":12,"name":"gtd3","x":390},{"width":31,"y":714,"height":35,"name":"gtd2","x":1377},{"width":32,"y":1713,"height":46,"name":"gtd1","x":1486},{"width":21,"y":428,"height":13,"name":"gtc3","x":1389},{"width":31,"y":227,"height":41,"name":"gtc2","x":1354},{"width":30,"y":1675,"height":50,"name":"gtc1","x":532},{"width":62,"y":619,"height":33,"name":"ghb","x":1186},{"width":106,"y":1186,"height":121,"name":"gxionge","x":1364},{"width":92,"y":1,"height":115,"name":"gha","x":948},{"width":169,"y":1350,"height":116,"name":"gst","x":1475},{"width":20,"y":1579,"height":11,"name":"gtb3","x":1971},{"width":26,"y":1761,"height":39,"name":"gtb2","x":1486},{"width":37,"y":96,"height":52,"name":"gtb1","x":1325},{"width":25,"y":421,"height":12,"name":"gta3","x":1362},{"width":32,"y":1258,"height":35,"name":"gta2","x":1056},{"width":39,"y":1001,"height":53,"name":"gta1","x":2008},{"width":25,"y":619,"height":25,"name":"gift - 副本","x":1279},{"frameY":-8,"y":1727,"frameWidth":275,"frameX":-7,"frameHeight":278,"width":260,"height":260,"name":"gm3","x":358},{"frameY":-38,"y":1,"frameWidth":275,"frameX":-40,"frameHeight":278,"width":196,"height":200,"name":"gm2","x":1850},{"frameY":-48,"y":1703,"frameWidth":275,"frameX":-27,"frameHeight":278,"width":204,"height":204,"name":"gm1","x":1827},{"width":50,"y":1479,"height":181,"name":"guangshu","x":787}]}