{"frameRate":60,"isGlobal":0,"armature":[{"bone":[{"name":"root","transform":{}},{"transform":{},"name":"bone","parent":"root"},{"length":38,"transform":{"y":-138.2,"skX":-91.255,"skY":-91.255,"x":-0.8},"parent":"bone","name":"x1"},{"length":45,"transform":{"y":-0.8569,"skX":-0.8264,"skY":-0.8264,"x":54.4818},"parent":"x1","name":"h1"},{"length":39,"transform":{"y":-23.6028,"skX":-157.2804,"skY":-157.2804,"x":34.3752},"parent":"x1","name":"s1"},{"length":28,"transform":{"y":14.0557,"skX":154.3719,"skY":154.3719,"x":30.4437},"parent":"x1","name":"s2"},{"length":40,"transform":{"y":3.6455,"skX":-178.745,"skY":-178.745,"x":-2.5304},"parent":"x1","name":"x2"},{"length":22,"transform":{"y":-5.0223,"skX":-177.9186,"skY":-177.9186,"x":10.4893},"parent":"h1","name":"h2"},{"length":30,"transform":{"skX":-14.2134,"skY":-14.2134,"x":28.1973},"parent":"s2","name":"s3"},{"length":30,"transform":{"y":23.4544,"skX":2.343,"skY":2.343,"x":74.151},"parent":"x2","name":"t1"},{"length":34,"transform":{"y":-17.0812,"skX":2.0661,"skY":2.0661,"x":74.1335},"parent":"x2","name":"t2"},{"length":30,"transform":{"y":4.8971,"skX":37.1055,"skY":37.1055,"x":35.7363},"parent":"s3","name":"lz"}],"aabb":{"width":156.28552947699137,"y":-296.5,"height":298.4009609947138,"x":-69},"type":"Armature","frameRate":60,"animation":[{"playTimes":0,"bone":[{"frame":[{"transform":{},"duration":80}],"name":"root"},{"frame":[{"tweenEasing":0,"transform":{"skX":0.0295,"skY":0.0295},"duration":40},{"tweenEasing":0,"transform":{"skX":0.0295,"skY":0.0295},"duration":40},{"transform":{"skX":0.0295,"skY":0.0295},"duration":0}],"name":"bone"},{"frame":[{"tweenEasing":0,"transform":{"skX":0.0295,"skY":0.0295},"duration":40},{"tweenEasing":0,"transform":{"y":-3.55,"skX":0.0295,"skY":0.0295,"x":-0.0018},"duration":40},{"transform":{"skX":0.0295,"skY":0.0295},"duration":0}],"name":"x1"},{"frame":[{"tweenEasing":0,"transform":{"skX":0.0295,"skY":0.0295},"duration":40},{"tweenEasing":0,"transform":{"skX":-1.5221,"skY":-1.5221},"duration":40},{"transform":{"skX":0.0295,"skY":0.0295},"duration":0}],"name":"h1"},{"frame":[{"tweenEasing":0,"transform":{"skX":0.0295,"skY":0.0295},"duration":40},{"tweenEasing":0,"transform":{"skX":0.0295,"skY":0.0295},"duration":40},{"transform":{"skX":0.0295,"skY":0.0295},"duration":0}],"name":"h2"},{"frame":[{"tweenEasing":0,"transform":{"skX":0.0295,"skY":0.0295},"duration":40},{"tweenEasing":0,"transform":{"y":-0.0171,"skX":-8.5675,"skY":-8.5675,"x":-0.8198},"duration":40},{"transform":{"skX":0.0295,"skY":0.0295},"duration":0}],"name":"s1"},{"frame":[{"tweenEasing":0,"transform":{"skX":0.0295,"skY":0.0295},"duration":40},{"tweenEasing":0,"transform":{"y":-0.0171,"skX":9.7456,"skY":9.7456,"x":-0.8198},"duration":40},{"transform":{"skX":0.0295,"skY":0.0295},"duration":0}],"name":"s2"},{"frame":[{"tweenEasing":0,"transform":{"skX":0.0295,"skY":0.0295},"duration":40},{"tweenEasing":0,"transform":{"skX":-11.82,"skY":-11.82},"duration":40},{"transform":{"skX":0.0295,"skY":0.0295},"duration":0}],"name":"s3"},{"frame":[{"tweenEasing":0,"transform":{"skX":0.0295,"skY":0.0295},"duration":40},{"tweenEasing":0,"transform":{"skX":0.0295,"skY":0.0295},"duration":40},{"transform":{"skX":0.0295,"skY":0.0295},"duration":0}],"name":"lz"},{"frame":[{"tweenEasing":0,"transform":{"skX":0.0295,"skY":0.0295},"duration":40},{"tweenEasing":0,"transform":{"y":-0.0445,"skX":0.0295,"skY":0.0295,"x":-2.1295},"duration":40},{"transform":{"skX":0.0295,"skY":0.0295},"duration":0}],"name":"x2"},{"frame":[{"tweenEasing":0,"transform":{"skX":0.0295,"skY":0.0295},"duration":40},{"tweenEasing":0,"transform":{"y":-0.0022,"skX":0.0295,"skY":0.0295,"x":1.42},"duration":40},{"transform":{"skX":0.0295,"skY":0.0295},"duration":0}],"name":"t1"},{"frame":[{"tweenEasing":0,"transform":{"skX":0.0295,"skY":0.0295},"duration":40},{"tweenEasing":0,"transform":{"y":-0.0022,"skX":0.0295,"skY":0.0295,"x":1.42},"duration":40},{"transform":{"skX":0.0295,"skY":0.0295},"duration":0}],"name":"t2"}],"slot":[],"ffd":[],"frame":[],"ik":[],"name":"1","duration":80}],"skin":[{"slot":[{"display":[{"path":"s2","type":"image","name":"s2","transform":{"y":-0.0587,"skX":-63.1169,"skY":-63.1169,"x":13.5958}}],"name":"s2"},{"display":[{"path":"h2","type":"image","name":"h2","transform":{"y":-1.75,"skX":-90,"skY":-90,"x":3.45}}],"name":"h2"},{"display":[{"path":"t2","type":"image","name":"t2","transform":{"y":-6.9368,"skX":-92.0661,"skY":-92.0661,"x":30.0194}}],"name":"t2"},{"display":[{"path":"lz","type":"image","name":"lz","transform":{"y":3.0728,"skX":-86.0091,"skY":-86.0091,"x":24.6459}}],"name":"lz"},{"display":[{"path":"s1","type":"image","name":"s1","transform":{"y":-5.6354,"skX":-111.4646,"skY":-111.4646,"x":31.6854}}],"name":"s1"},{"display":[{"path":"x2","type":"image","name":"x2","transform":{"y":5.4,"skX":-90,"skY":-90,"x":43.25}}],"name":"x2"},{"display":[{"path":"h1","type":"image","name":"h1","transform":{"y":-5.9071,"skX":92.0814,"skY":92.0814,"x":48.0963}}],"name":"h1"},{"display":[{"path":"t1","type":"image","name":"t1","transform":{"y":-6.0338,"skX":-92.343,"skY":-92.343,"x":31.2795}}],"name":"t1"},{"display":[{"path":"x1","type":"image","name":"x1","transform":{"y":0.7883,"skX":91.255,"skY":91.255,"x":22.2881}}],"name":"x1"},{"display":[{"path":"s3","type":"image","name":"s3","transform":{"y":-0.9662,"skX":-48.9035,"skY":-48.9035,"x":19.3538}}],"name":"s3"}],"name":""}],"ik":[],"slot":[{"name":"h2","parent":"h2","color":{}},{"z":1,"name":"s3","parent":"s3","color":{}},{"z":2,"name":"s2","parent":"s2","color":{}},{"z":3,"name":"lz","parent":"lz","color":{}},{"z":4,"name":"t2","parent":"t2","color":{}},{"z":5,"name":"t1","parent":"t1","color":{}},{"z":6,"name":"x2","parent":"x2","color":{}},{"z":7,"name":"x1","parent":"x1","color":{}},{"z":8,"name":"s1","parent":"s1","color":{}},{"z":9,"name":"h1","parent":"h1","color":{}}],"name":"dama","defaultActions":[{"gotoAndPlay":"1"}]}],"name":"dama","version":"5.0"}