{"width":256,"imagePath":"dama_tex.png","height":256,"name":"dama","SubTexture":[{"width":113,"y":102,"height":57,"name":"h2","x":120},{"width":43,"y":175,"height":49,"name":"s3","x":1},{"width":30,"y":161,"height":40,"name":"s2","x":186},{"width":87,"y":115,"height":58,"name":"lz","x":1},{"width":30,"y":161,"height":64,"name":"t2","x":154},{"width":30,"y":175,"height":64,"name":"t1","x":46},{"width":79,"y":1,"height":99,"name":"x2","x":120},{"width":62,"y":161,"height":66,"name":"x1","x":90},{"width":41,"y":1,"height":80,"name":"s1","x":201},{"width":117,"y":1,"height":112,"name":"h1","x":1}]}