{"frameRate":60,"isGlobal":0,"name":"niao1","version":"5.0","armature":[{"skin":[{"name":"","slot":[{"display":[{"path":"h","type":"image","name":"h","transform":{"y":2.1706,"skY":93.6522,"x":22.7049,"skX":93.6522}}],"name":"h"},{"display":[{"path":"c2","type":"image","name":"c2","transform":{"y":0.3786,"skY":21.6746,"x":21.5899,"skX":21.6746}}],"name":"c2"},{"display":[{"path":"c1","type":"image","name":"c1","transform":{"y":-1.9794,"skY":168.0463,"x":22.5894,"skX":168.0463}}],"name":"c1"},{"display":[{"path":"st","type":"image","name":"st","transform":{"y":-0.1632,"skY":90,"x":6.8637,"skX":90}}],"name":"st"},{"display":[{"path":"wb","type":"image","name":"wb","transform":{"y":0.1838,"skY":-77.9977,"x":9.1427,"skX":-77.9977}}],"name":"wb"}]}],"animation":[{"frame":[],"duration":10,"bone":[{"frame":[{"duration":10,"transform":{}}],"name":"root"},{"frame":[{"duration":10,"transform":{}}],"name":"bone"},{"frame":[{"tweenEasing":0,"duration":5,"transform":{}},{"tweenEasing":0,"duration":5,"transform":{"skY":-1.1253,"skX":-1.1253}},{"duration":0,"transform":{}}],"name":"st"},{"frame":[{"tweenEasing":0,"duration":5,"transform":{}},{"tweenEasing":0,"duration":5,"transform":{"skY":-13.2862,"skX":-13.2862}},{"duration":0,"transform":{}}],"name":"h"},{"frame":[{"tweenEasing":0,"duration":5,"transform":{}},{"tweenEasing":0,"duration":5,"transform":{"skY":35.7459,"skX":35.7459}},{"duration":0,"transform":{}}],"name":"c1"},{"frame":[{"tweenEasing":0,"duration":5,"transform":{}},{"tweenEasing":0,"duration":5,"transform":{"skY":-38.1284,"skX":-38.1284}},{"duration":0,"transform":{}}],"name":"c2"},{"frame":[{"tweenEasing":0,"duration":5,"transform":{}},{"tweenEasing":0,"duration":5,"transform":{"skY":13.3619,"skX":13.3619}},{"duration":0,"transform":{}}],"name":"wb"}],"slot":[],"ffd":[],"ik":[],"name":"1","playTimes":0},{"frame":[],"duration":20,"bone":[{"frame":[{"duration":20,"transform":{}}],"name":"root"},{"frame":[{"duration":20,"transform":{}}],"name":"bone"},{"frame":[{"tweenEasing":0,"duration":10,"transform":{"skY":23.5283,"skX":23.5283}},{"tweenEasing":0,"duration":10,"transform":{"skY":23.5283,"skX":23.5283}},{"duration":0,"transform":{"skY":23.5283,"skX":23.5283}}],"name":"st"},{"frame":[{"tweenEasing":0,"duration":10,"transform":{"y":6.3148,"skY":-12.2044,"x":0.0363,"skX":-12.2044}},{"tweenEasing":0,"duration":10,"transform":{"y":6.3148,"skY":-8.0225,"x":0.0363,"skX":-8.0225}},{"duration":0,"transform":{"y":6.3148,"skY":-12.2044,"x":0.0363,"skX":-12.2044}}],"name":"h"},{"frame":[{"tweenEasing":0,"duration":10,"transform":{"skY":47.7915,"skX":47.7915}},{"tweenEasing":0,"duration":10,"transform":{"y":2.6013,"skY":-70.7668,"x":1.1326,"skX":-70.7668}},{"duration":0,"transform":{"skY":47.7915,"skX":47.7915}}],"name":"c1"},{"frame":[{"tweenEasing":0,"duration":10,"transform":{"skY":-35.8541,"skX":-35.8541}},{"tweenEasing":0,"duration":10,"transform":{"skY":82.6486,"skX":82.6486}},{"duration":0,"transform":{"skY":-35.8541,"skX":-35.8541}}],"name":"c2"},{"frame":[{"tweenEasing":0,"duration":10,"transform":{"y":-4.034,"skY":23.5283,"x":0.9567,"skX":23.5283}},{"tweenEasing":0,"duration":10,"transform":{"y":-5.4232,"skY":23.5283,"x":0.8779,"skX":23.5283}},{"duration":0,"transform":{"y":-4.034,"skY":23.5283,"x":0.9567,"skX":23.5283}}],"name":"wb"}],"slot":[],"ffd":[],"ik":[],"name":"2","playTimes":0}],"type":"Armature","frameRate":60,"bone":[{"name":"root","transform":{}},{"transform":{},"name":"bone","parent":"root"},{"length":8,"transform":{"y":-50.3,"skY":-90,"x":1.7,"skX":-90},"parent":"bone","name":"st"},{"length":21,"transform":{"y":1.35,"skY":-3.6522,"x":21.1,"skX":-3.6522},"parent":"st","name":"h"},{"length":11,"transform":{"y":-24.15,"skY":-78.0463,"x":15.4,"skX":-78.0463},"parent":"st","name":"c1"},{"length":12,"transform":{"y":20.8,"skY":68.3254,"x":10.4,"skX":68.3254},"parent":"st","name":"c2"},{"length":12,"transform":{"y":-1.7,"skY":167.9977,"x":-15.8,"skX":167.9977},"parent":"st","name":"wb"}],"aabb":{"width":145.16281617751514,"y":-131.69703453975387,"height":121.17813373990718,"x":-73.45955631994963},"slot":[{"name":"wb","parent":"wb","color":{}},{"z":1,"name":"c2","parent":"c2","color":{}},{"z":2,"name":"c1","parent":"c1","color":{}},{"z":3,"name":"st","parent":"st","color":{}},{"z":4,"name":"h","parent":"h","color":{}}],"defaultActions":[{"gotoAndPlay":"1"}],"ik":[],"name":"niao1"}]}