{"frameRate":60,"isGlobal":0,"armature":[{"bone":[{"name":"root","transform":{}},{"transform":{},"name":"bone","parent":"root"},{"length":30,"transform":{"y":-143.9286,"skX":-92.0822,"skY":-92.0822,"x":1.0733},"parent":"bone","name":"st"},{"length":45,"transform":{"y":-139.8568,"skX":85.6686,"skY":85.6686},"parent":"bone","name":"q"},{"length":50,"transform":{"y":20.443,"skX":3.3709,"skY":3.3709,"x":42.8284},"parent":"q","name":"tya"},{"length":49,"transform":{"y":-20.477,"skX":4.3314,"skY":4.3314,"x":48.0838},"parent":"q","name":"tza"},{"length":41,"transform":{"y":-2.1938,"skX":-1.5244,"skY":-1.5244,"x":39.3839},"parent":"st","name":"st1"},{"length":88,"transform":{"y":26.5372,"skX":176.3575,"skY":176.3575,"x":32.3447},"parent":"st1","name":"sza"},{"length":50,"transform":{"y":21.4509,"skX":173.8948,"skY":173.8948,"x":33.517},"parent":"st1","name":"bb"},{"length":44,"transform":{"y":-35.6747,"skX":-171.4707,"skY":-171.4707,"x":28.5507},"parent":"st1","name":"sya"},{"length":25,"transform":{"y":-0.663,"skX":-2.8761,"skY":-2.8761,"x":61.8698},"parent":"tya","name":"tyb"},{"length":21,"transform":{"y":-1.3,"skX":-3.4602,"skY":-3.4602,"x":60.55},"parent":"tza","name":"tzb"},{"length":33,"transform":{"y":-1.362,"skX":3.6066,"skY":3.6066,"x":59.5276},"parent":"st1","name":"ha"},{"length":40,"transform":{"skX":-27.9823,"skY":-27.9823,"x":44.8655},"parent":"sya","name":"syb"},{"length":26,"transform":{"y":-6.0272,"skX":-4.4574,"skY":-4.4574,"x":69.4115},"parent":"bb","name":"ba"},{"length":31,"transform":{"y":-1.2584,"skX":-36.1357,"skY":-36.1357,"x":49.3816},"parent":"syb","name":"qiang1"}],"aabb":{"width":144.88801913548946,"y":-411.11609929099865,"height":408.54102335440314,"x":-70.48366105044337},"type":"Armature","frameRate":60,"animation":[{"playTimes":0,"bone":[{"frame":[{"tweenEasing":0,"transform":{},"duration":40},{"tweenEasing":0,"transform":{},"duration":40},{"transform":{},"duration":0}],"name":"root"},{"frame":[{"tweenEasing":0,"transform":{},"duration":40},{"tweenEasing":0,"transform":{},"duration":40},{"transform":{},"duration":0}],"name":"bone"},{"frame":[{"tweenEasing":0,"transform":{},"duration":40},{"tweenEasing":0,"transform":{"scY":1.02,"y":-2.16,"scX":1.02},"duration":40},{"transform":{},"duration":0}],"name":"st"},{"frame":[{"tweenEasing":0,"transform":{},"duration":40},{"tweenEasing":0,"transform":{"scY":0.98,"skX":-2.6844,"skY":-2.6844,"scX":0.98},"duration":40},{"transform":{},"duration":0}],"name":"ha"},{"frame":[{"transform":{},"duration":80}],"name":"st1"},{"frame":[{"tweenEasing":0,"transform":{},"duration":40},{"tweenEasing":0,"transform":{"scY":0.98,"scX":0.98},"duration":40},{"transform":{},"duration":0}],"name":"sya"},{"frame":[{"transform":{},"duration":80}],"name":"syb"},{"frame":[{"tweenEasing":0,"transform":{},"duration":40},{"tweenEasing":0,"transform":{"scY":0.98,"scX":0.98},"duration":40},{"transform":{},"duration":0}],"name":"sza"},{"frame":[{"tweenEasing":0,"transform":{},"duration":40},{"tweenEasing":0,"transform":{"scY":0.98,"scX":0.98},"duration":40},{"transform":{},"duration":0}],"name":"bb"},{"frame":[{"transform":{},"duration":80}],"name":"ba"},{"frame":[{"transform":{},"duration":80}],"name":"q"},{"frame":[{"transform":{},"duration":80}],"name":"tya"},{"frame":[{"transform":{},"duration":80}],"name":"tyb"},{"frame":[{"transform":{},"duration":80}],"name":"tza"},{"frame":[{"transform":{},"duration":80}],"name":"tzb"},{"frame":[{"transform":{},"duration":80}],"name":"qiang1"}],"slot":[],"ffd":[],"frame":[],"ik":[],"name":"1","duration":80},{"zOrder":{"frame":[{"zOrder":[],"tweenEasing":null,"duration":40},{"zOrder":[6,5,7,5],"tweenEasing":null,"duration":40}]},"playTimes":0,"bone":[{"frame":[{"tweenEasing":0,"transform":{},"duration":40},{"tweenEasing":0,"transform":{},"duration":40},{"transform":{},"duration":0}],"name":"root"},{"frame":[{"tweenEasing":0,"transform":{},"duration":40},{"tweenEasing":0,"transform":{},"duration":40},{"transform":{},"duration":0}],"name":"bone"},{"frame":[{"tweenEasing":0,"transform":{},"duration":40},{"tweenEasing":0,"transform":{"scY":1.02,"y":-2.16,"scX":1.02},"duration":40},{"transform":{},"duration":0}],"name":"st"},{"frame":[{"tweenEasing":0,"transform":{},"duration":40},{"tweenEasing":0,"transform":{"scY":0.98,"skX":-2.6844,"skY":-2.6844,"scX":0.98},"duration":40},{"transform":{},"duration":0}],"name":"ha"},{"frame":[{"transform":{},"duration":80}],"name":"st1"},{"frame":[{"tweenEasing":0,"transform":{},"duration":40},{"tweenEasing":0,"transform":{"scY":0.98,"skX":23.2098,"skY":23.2098,"scX":0.98},"duration":15},{"tweenEasing":0,"transform":{"scY":0.9875,"skX":-3.0695,"skY":-3.0695,"scX":0.9875},"duration":25},{"transform":{},"duration":0}],"name":"sya"},{"frame":[{"tweenEasing":0,"transform":{},"duration":40},{"tweenEasing":0,"transform":{"skX":23.2098,"skY":23.2098},"duration":15},{"transform":{"skX":5.6342,"skY":5.6342},"duration":25}],"name":"syb"},{"frame":[{"tweenEasing":0,"transform":{},"duration":40},{"tweenEasing":0,"transform":{"scY":0.98,"scX":0.98},"duration":40},{"transform":{},"duration":0}],"name":"sza"},{"frame":[{"tweenEasing":0,"transform":{},"duration":40},{"tweenEasing":0,"transform":{"scY":0.98,"scX":0.98},"duration":40},{"transform":{},"duration":0}],"name":"bb"},{"frame":[{"transform":{},"duration":80}],"name":"ba"},{"frame":[{"transform":{},"duration":80}],"name":"q"},{"frame":[{"transform":{},"duration":80}],"name":"tya"},{"frame":[{"transform":{},"duration":80}],"name":"tyb"},{"frame":[{"transform":{},"duration":80}],"name":"tza"},{"frame":[{"transform":{},"duration":80}],"name":"tzb"},{"frame":[{"transform":{},"duration":35},{"tweenEasing":0,"transform":{},"duration":20},{"transform":{"skX":-27.2567,"skY":-27.2567},"duration":25}],"name":"qiang1"}],"slot":[],"ffd":[],"frame":[],"ik":[],"name":"2","duration":80}],"skin":[{"slot":[{"display":[{"path":"tyb","type":"image","name":"tyb","transform":{"y":-3.0471,"skX":-86.1634,"skY":-86.1634,"x":12.5463}}],"name":"tyb"},{"display":[{"path":"tya","type":"image","name":"tya","transform":{"y":-1.3586,"skX":-89.0395,"skY":-89.0395,"x":33.0468}}],"name":"tya"},{"display":[{"path":"sya","type":"image","name":"sya","transform":{"y":0.5807,"skX":-94.9227,"skY":-94.9227,"x":21.3821}}],"name":"sya"},{"display":[{"path":"bb","type":"image","name":"bb","transform":{"y":-1.4581,"skX":-80.2882,"skY":-80.2882,"x":24.9368}}],"name":"bb"},{"display":[{"path":"sza","type":"image","name":"sza","transform":{"y":1.6799,"skX":-82.7509,"skY":-82.7509,"x":41.9166}}],"name":"sza"},{"display":[{"path":"syb","type":"image","name":"syb","transform":{"y":-4.3985,"skX":-66.9404,"skY":-66.9404,"x":22.5057}}],"name":"syb"},{"display":[{"path":"qiang1","type":"image","name":"qiang1","transform":{"y":11.15,"skX":22.151,"skY":22.151,"x":47.6347}}],"name":"qiang1"},{"display":[{"path":"ha","type":"image","name":"ha","transform":{"y":-1.2999,"skX":90,"skY":90,"x":86.4571}},{"path":"h2","type":"image","name":"h2","transform":{"y":8.1702,"skX":89.4284,"skY":89.4284,"x":76.0853}}],"name":"ha"},{"display":[{"path":"ba","type":"image","name":"ba","transform":{"y":3.1684,"skX":-75.8309,"skY":-75.8309,"x":10.4699}}],"name":"ba"},{"display":[{"uvs":[0,-0.00043,0,0.63664,0,1.00043,0.55921,1.00043,1,1.00043,1,0.625,1,-0.00043,0.51382,-0.00043],"vertices":[-38,-58.05,-38,15.85,-38,58.05,4.5,58.05,38,58.05,38,14.5,38,-58.05,1.05,-58.05],"edges":[0,1,1,2,2,3,3,4,4,5,5,6,6,7,7,0],"path":"st","bonePose":[2,-0.036333334928180076,-0.9993397264058885,0.9993397264058885,-0.036333334928180076,1.07332969554288,-160.87185415114067,6,-0.06290547086323733,-0.9980194896571278,0.9980194896571278,-0.06290547086323733,-2.5500000000000007,-200.15000000000003],"triangles":[1,3,5,7,1,5,7,5,6,5,3,4,0,1,7,1,2,3],"type":"mesh","transform":{"y":-5.9826,"skX":93.6066,"skY":93.6066,"x":7.7929},"slotPose":[1.0000000000000007,1.1976530878143876e-14,-1.1976530878143876e-14,1.0000000000000007,-9.010948905108648,-207.55109489051108],"userEdges":[],"width":76,"height":116,"name":"st","weights":[2,2,0.23206918997215006,6,0.76793081002785,2,2,0.48108877733709504,6,0.518911222662905,2,2,0.6504046462258886,6,0.3495953537741116,2,2,0.9412088724816201,6,0.05879112751837987,2,2,0.7966744280652285,6,0.2033255719347715,2,2,0.5525937850031593,6,0.44740621499684086,2,2,0.21549261141361156,6,0.7845073885863884,2,2,0.09741458436114227,6,0.9025854156388577]}],"name":"st"},{"display":[{"path":"q","type":"image","name":"q","transform":{"y":1.907,"skX":-85.6686,"skY":-85.6686,"x":27.6165}}],"name":"q"},{"display":[{"path":"tzb","type":"image","name":"tzb","transform":{"y":-0.9416,"skX":-86.5398,"skY":-86.5398,"x":11.9102}}],"name":"tzb"},{"display":[{"path":"tza","type":"image","name":"tza","transform":{"y":-0.3729,"skX":-90,"skY":-90,"x":32.3348}}],"name":"tza"}],"name":""}],"ik":[],"slot":[{"name":"sza","parent":"sza","color":{}},{"z":1,"name":"ba","parent":"ba","color":{}},{"z":2,"name":"tza","parent":"tza","color":{}},{"z":3,"name":"tzb","parent":"tzb","color":{}},{"z":4,"name":"tya","parent":"tya","color":{}},{"z":5,"name":"tyb","parent":"tyb","color":{}},{"z":6,"name":"qiang1","parent":"qiang1","color":{}},{"z":7,"name":"syb","parent":"syb","color":{}},{"z":8,"name":"q","parent":"q","color":{}},{"z":9,"name":"st","parent":"st1","color":{}},{"z":10,"displayIndex":1,"name":"ha","parent":"ha","color":{}},{"z":11,"name":"bb","parent":"bb","color":{}},{"z":12,"name":"sya","parent":"sya","color":{}}],"name":"sharen","defaultActions":[{"gotoAndPlay":"1"}]}],"name":"sharen","version":"5.0"}