{"width":512,"imagePath":"sharen_tex.png","height":256,"name":"sharen","SubTexture":[{"width":34,"y":1,"height":101,"name":"sza","x":370},{"width":26,"y":193,"height":52,"name":"ba","x":1},{"width":21,"y":173,"height":72,"name":"tza","x":406},{"width":20,"y":209,"height":37,"name":"tzb","x":300},{"width":20,"y":173,"height":73,"name":"tya","x":380},{"width":23,"y":209,"height":37,"name":"tyb","x":275},{"width":125,"y":188,"height":63,"name":"qiang1","x":148},{"width":39,"y":104,"height":67,"name":"syb","x":380},{"width":86,"y":119,"height":88,"name":"q","x":292},{"width":76,"y":1,"height":116,"name":"st","x":292},{"width":142,"y":1,"height":185,"name":"h2","x":148},{"width":145,"y":1,"height":190,"name":"ha","x":1},{"width":20,"y":1,"height":67,"name":"bb","x":406},{"width":22,"y":193,"height":57,"name":"sya","x":29}]}