{"frameRate":60,"isGlobal":0,"armature":[{"aabb":{"width":157.01462527388776,"y":-168.48101949543778,"height":166.50807705515635,"x":-78.13507702862309},"type":"Armature","bone":[{"name":"root","transform":{}},{"transform":{},"name":"bone","parent":"root"},{"length":16,"transform":{"y":-474.1399,"skX":90,"skY":90,"x":0.55},"parent":"bone","name":"7"},{"length":16,"transform":{"y":0.2,"skX":-179.3076,"skY":-179.3076,"x":353.4971},"parent":"7","name":"71"},{"length":26,"transform":{"y":1.2398,"skX":-0.6924,"skY":-0.6924,"x":-52.2442},"parent":"71","name":"1"},{"transform":{"y":-13.15,"x":-28.3},"name":"2","parent":"1"},{"length":23,"transform":{"y":-24.9,"skX":-124.992,"skY":-124.992,"x":-23.55},"parent":"1","name":"3"},{"length":26,"transform":{"y":-26.5,"skX":-105.8417,"skY":-105.8417,"x":14.7},"parent":"1","name":"4"},{"length":23,"transform":{"y":25.236,"skX":-55.9973,"skY":124.0027,"x":-23.55},"parent":"1","name":"32"},{"length":26,"transform":{"y":26.747,"skX":-70.2783,"skY":109.7217,"x":14.7},"parent":"1","name":"42"},{"length":31,"transform":{"y":22.4975,"skX":-94.6333,"skY":85.3667,"x":27.55},"parent":"1","name":"bone11"},{"length":31,"transform":{"y":-23.3,"skX":-87.4512,"skY":-87.4512,"x":27.55},"parent":"1","name":"bone1"},{"length":27,"transform":{"y":-15.6,"skX":-71.4669,"skY":-71.4669,"x":39.1},"parent":"1","name":"5"},{"length":27,"transform":{"y":14.8964,"skX":-112.8855,"skY":67.1145,"x":39.1},"parent":"1","name":"52"},{"transform":{"y":13.1349,"x":-28.3},"name":"21","parent":"1"},{"length":31,"transform":{"y":6.1158,"skX":55.9815,"skY":55.9815,"x":29.5778},"parent":"5","name":"51"},{"length":20,"transform":{"y":5.0972,"skX":53.8762,"skY":53.8762,"x":31.658},"parent":"bone11","name":"61"},{"length":20,"transform":{"y":-3.4899,"skX":-83.0067,"skY":-83.0067,"x":24.0486},"parent":"3","name":"31"},{"length":31,"transform":{"y":6.1158,"skX":55.9815,"skY":55.9815,"x":29.5778},"parent":"52","name":"511"},{"length":21,"transform":{"y":-1.5763,"skX":-62.7691,"skY":-62.7691,"x":28.5132},"parent":"4","name":"41"},{"length":20,"transform":{"y":-3.4899,"skX":-83.0067,"skY":-83.0067,"x":24.0486},"parent":"32","name":"311"},{"length":21,"transform":{"y":-1.5763,"skX":-62.7691,"skY":-62.7691,"x":28.5132},"parent":"42","name":"411"},{"length":20,"transform":{"y":5.0972,"skX":53.8762,"skY":53.8762,"x":31.658},"parent":"bone1","name":"6"}],"defaultActions":[{"gotoAndPlay":"2"}],"slot":[{"color":{},"name":"3","parent":"31"},{"z":1,"color":{},"name":"4","parent":"41"},{"z":2,"color":{},"name":"5","parent":"51"},{"z":3,"color":{},"name":"31","parent":"311"},{"z":4,"color":{},"name":"41","parent":"411"},{"z":5,"color":{},"name":"61","parent":"61"},{"z":6,"color":{},"name":"51","parent":"511"},{"z":7,"color":{},"name":"6","parent":"6"},{"z":8,"color":{},"name":"1","parent":"1"},{"z":9,"color":{},"name":"21","parent":"21"},{"z":10,"color":{},"name":"2","parent":"2"}],"animation":[{"duration":60,"frame":[],"bone":[{"rotateFrame":[{"duration":60}],"name":"root","translateFrame":[{"duration":60}],"scaleFrame":[{"duration":60}]},{"rotateFrame":[{"duration":30,"tweenEasing":0},{"duration":30,"tweenEasing":0},{"duration":0}],"name":"bone","translateFrame":[{"duration":30,"tweenEasing":0},{"duration":30,"tweenEasing":0},{"duration":0}],"scaleFrame":[{"duration":30,"tweenEasing":0},{"duration":30,"tweenEasing":0},{"duration":0}]},{"rotateFrame":[{"duration":30,"tweenEasing":0},{"duration":30,"tweenEasing":0},{"duration":0}],"name":"1","translateFrame":[{"duration":30,"tweenEasing":0},{"duration":30,"y":-0.0203,"tweenEasing":0,"x":1.6799},{"duration":0}],"scaleFrame":[{"duration":30,"tweenEasing":0},{"duration":30,"tweenEasing":0},{"duration":0}]},{"rotateFrame":[{"duration":7,"tweenEasing":0},{"duration":8,"tweenEasing":0},{"duration":9,"tweenEasing":0},{"duration":6,"tweenEasing":0},{"duration":6,"tweenEasing":0},{"duration":8,"tweenEasing":0},{"duration":9,"tweenEasing":0},{"duration":7,"tweenEasing":0},{"duration":0}],"name":"2","translateFrame":[{"duration":7,"y":-5.3375,"tweenEasing":0},{"duration":8,"y":-3.7103,"tweenEasing":0,"x":-2.767},{"duration":9,"y":-0.091,"tweenEasing":0,"x":-4.6097},{"duration":6,"y":3.4675,"tweenEasing":0,"x":-2.3571},{"duration":6,"y":5.1556,"tweenEasing":0},{"duration":8,"y":3.4675,"tweenEasing":0,"x":-2.3571},{"duration":9,"y":-0.091,"tweenEasing":0,"x":-4.6097},{"duration":7,"y":-3.7103,"tweenEasing":0,"x":-2.767},{"duration":0,"y":-5.3375}],"scaleFrame":[{"duration":7,"tweenEasing":0},{"duration":8,"tweenEasing":0},{"duration":9,"tweenEasing":0},{"duration":6,"tweenEasing":0},{"duration":6,"tweenEasing":0},{"duration":8,"tweenEasing":0},{"duration":9,"tweenEasing":0},{"duration":7,"tweenEasing":0},{"duration":0}]},{"rotateFrame":[{"duration":30,"tweenEasing":0},{"duration":30,"tweenEasing":0,"rotate":19.8408},{"duration":0}],"name":"3","translateFrame":[{"duration":30,"tweenEasing":0},{"duration":30,"tweenEasing":0},{"duration":0}],"scaleFrame":[{"duration":30,"tweenEasing":0},{"duration":30,"tweenEasing":0},{"duration":0}]},{"rotateFrame":[{"duration":30,"tweenEasing":0},{"duration":30,"tweenEasing":0,"rotate":24.712},{"duration":0}],"name":"4","translateFrame":[{"duration":30,"tweenEasing":0},{"duration":30,"tweenEasing":0},{"duration":0}],"scaleFrame":[{"duration":30,"tweenEasing":0},{"duration":30,"tweenEasing":0},{"duration":0}]},{"rotateFrame":[{"duration":30,"tweenEasing":0},{"duration":30,"tweenEasing":0,"rotate":21.4471},{"duration":0}],"name":"bone1","translateFrame":[{"duration":30,"tweenEasing":0},{"duration":30,"tweenEasing":0},{"duration":0}],"scaleFrame":[{"duration":30,"tweenEasing":0},{"duration":30,"tweenEasing":0},{"duration":0}]},{"rotateFrame":[{"duration":30,"tweenEasing":0},{"duration":30,"tweenEasing":0,"rotate":29.1076},{"duration":0}],"name":"5","translateFrame":[{"duration":30,"tweenEasing":0},{"duration":30,"tweenEasing":0},{"duration":0}],"scaleFrame":[{"duration":30,"tweenEasing":0},{"duration":30,"tweenEasing":0},{"duration":0}]},{"rotateFrame":[{"duration":15,"tweenEasing":0},{"duration":15,"tweenEasing":0,"rotate":39.9663},{"duration":15,"tweenEasing":0},{"duration":15,"tweenEasing":0,"rotate":39.9663},{"duration":0}],"name":"6","translateFrame":[{"duration":15,"tweenEasing":0},{"duration":15,"tweenEasing":0},{"duration":15,"tweenEasing":0},{"duration":15,"tweenEasing":0},{"duration":0}],"scaleFrame":[{"duration":15,"tweenEasing":0},{"duration":15,"tweenEasing":0},{"duration":15,"tweenEasing":0},{"duration":15,"tweenEasing":0},{"duration":0}]},{"rotateFrame":[{"duration":15,"tweenEasing":0},{"duration":15,"tweenEasing":0,"rotate":42.4782},{"duration":15,"tweenEasing":0},{"duration":15,"tweenEasing":0,"rotate":42.4782},{"duration":0}],"name":"41","translateFrame":[{"duration":15,"tweenEasing":0},{"duration":15,"tweenEasing":0},{"duration":15,"tweenEasing":0},{"duration":15,"tweenEasing":0},{"duration":0}],"scaleFrame":[{"duration":15,"tweenEasing":0},{"duration":15,"tweenEasing":0},{"duration":15,"tweenEasing":0},{"duration":15,"tweenEasing":0},{"duration":0}]},{"rotateFrame":[{"duration":15,"tweenEasing":0},{"duration":15,"tweenEasing":0,"rotate":-21.534},{"duration":15,"tweenEasing":0},{"duration":15,"tweenEasing":0,"rotate":-21.534},{"duration":0}],"name":"31","translateFrame":[{"duration":15,"tweenEasing":0},{"duration":15,"tweenEasing":0},{"duration":15,"tweenEasing":0},{"duration":15,"tweenEasing":0},{"duration":0}],"scaleFrame":[{"duration":15,"tweenEasing":0},{"duration":15,"tweenEasing":0},{"duration":15,"tweenEasing":0},{"duration":15,"tweenEasing":0},{"duration":0}]},{"rotateFrame":[{"duration":15,"tweenEasing":0},{"duration":15,"tweenEasing":0,"rotate":37.9809},{"duration":15,"tweenEasing":0},{"duration":15,"tweenEasing":0,"rotate":37.9809},{"duration":0}],"name":"51","translateFrame":[{"duration":15,"tweenEasing":0},{"duration":15,"tweenEasing":0},{"duration":15,"tweenEasing":0},{"duration":15,"tweenEasing":0},{"duration":0}],"scaleFrame":[{"duration":15,"tweenEasing":0},{"duration":15,"tweenEasing":0},{"duration":15,"tweenEasing":0},{"duration":15,"tweenEasing":0},{"duration":0}]},{"rotateFrame":[{"duration":30,"tweenEasing":0},{"duration":30,"tweenEasing":0,"rotate":-8.4374},{"duration":0}],"name":"32","translateFrame":[{"duration":30,"tweenEasing":0},{"duration":30,"tweenEasing":0},{"duration":0}],"scaleFrame":[{"duration":30,"tweenEasing":0},{"duration":30,"tweenEasing":0},{"duration":0}]},{"rotateFrame":[{"duration":15,"tweenEasing":0},{"duration":15,"tweenEasing":0,"rotate":-21.534},{"duration":15,"tweenEasing":0},{"duration":15,"tweenEasing":0,"rotate":-21.534},{"duration":0}],"name":"311","translateFrame":[{"duration":15,"tweenEasing":0},{"duration":15,"tweenEasing":0},{"duration":15,"tweenEasing":0},{"duration":15,"tweenEasing":0},{"duration":0}],"scaleFrame":[{"duration":15,"tweenEasing":0},{"duration":15,"tweenEasing":0},{"duration":15,"tweenEasing":0},{"duration":15,"tweenEasing":0},{"duration":0}]},{"rotateFrame":[{"duration":30,"tweenEasing":0},{"duration":30,"tweenEasing":0,"rotate":-26.2956},{"duration":0}],"name":"42","translateFrame":[{"duration":30,"tweenEasing":0},{"duration":30,"tweenEasing":0},{"duration":0}],"scaleFrame":[{"duration":30,"tweenEasing":0},{"duration":30,"tweenEasing":0},{"duration":0}]},{"rotateFrame":[{"duration":15,"tweenEasing":0},{"duration":15,"tweenEasing":0,"rotate":42.4782},{"duration":15,"tweenEasing":0},{"duration":15,"tweenEasing":0,"rotate":42.4782},{"duration":0}],"name":"411","translateFrame":[{"duration":15,"tweenEasing":0},{"duration":15,"tweenEasing":0},{"duration":15,"tweenEasing":0},{"duration":15,"tweenEasing":0},{"duration":0}],"scaleFrame":[{"duration":15,"tweenEasing":0},{"duration":15,"tweenEasing":0},{"duration":15,"tweenEasing":0},{"duration":15,"tweenEasing":0},{"duration":0}]},{"rotateFrame":[{"duration":30,"tweenEasing":0},{"duration":30,"tweenEasing":0,"rotate":-23.8336},{"duration":0}],"name":"bone11","translateFrame":[{"duration":30,"tweenEasing":0},{"duration":30,"tweenEasing":0},{"duration":0}],"scaleFrame":[{"duration":30,"tweenEasing":0},{"duration":30,"tweenEasing":0},{"duration":0}]},{"rotateFrame":[{"duration":15,"tweenEasing":0},{"duration":15,"tweenEasing":0,"rotate":39.9663},{"duration":15,"tweenEasing":0},{"duration":15,"tweenEasing":0,"rotate":39.9663},{"duration":0}],"name":"61","translateFrame":[{"duration":15,"tweenEasing":0},{"duration":15,"tweenEasing":0},{"duration":15,"tweenEasing":0},{"duration":15,"tweenEasing":0},{"duration":0}],"scaleFrame":[{"duration":15,"tweenEasing":0},{"duration":15,"tweenEasing":0},{"duration":15,"tweenEasing":0},{"duration":15,"tweenEasing":0},{"duration":0}]},{"rotateFrame":[{"duration":30,"tweenEasing":0},{"duration":30,"tweenEasing":0,"rotate":-25.9391},{"duration":0}],"name":"52","translateFrame":[{"duration":30,"tweenEasing":0},{"duration":30,"tweenEasing":0},{"duration":0}],"scaleFrame":[{"duration":30,"tweenEasing":0},{"duration":30,"tweenEasing":0},{"duration":0}]},{"rotateFrame":[{"duration":15,"tweenEasing":0},{"duration":15,"tweenEasing":0,"rotate":37.9809},{"duration":15,"tweenEasing":0},{"duration":15,"tweenEasing":0,"rotate":37.9809},{"duration":0}],"name":"511","translateFrame":[{"duration":15,"tweenEasing":0},{"duration":15,"tweenEasing":0},{"duration":15,"tweenEasing":0},{"duration":15,"tweenEasing":0},{"duration":0}],"scaleFrame":[{"duration":15,"tweenEasing":0},{"duration":15,"tweenEasing":0},{"duration":15,"tweenEasing":0},{"duration":15,"tweenEasing":0},{"duration":0}]},{"rotateFrame":[{"duration":7,"tweenEasing":0},{"duration":8,"tweenEasing":0},{"duration":9,"tweenEasing":0},{"duration":6,"tweenEasing":0},{"duration":6,"tweenEasing":0},{"duration":8,"tweenEasing":0},{"duration":9,"tweenEasing":0},{"duration":7,"tweenEasing":0},{"duration":0}],"name":"21","translateFrame":[{"duration":7,"y":-5.3375,"tweenEasing":0},{"duration":8,"y":-3.7103,"tweenEasing":0,"x":-2.767},{"duration":9,"y":-0.091,"tweenEasing":0,"x":-4.6097},{"duration":6,"y":3.4675,"tweenEasing":0,"x":-2.3571},{"duration":6,"y":5.1556,"tweenEasing":0},{"duration":8,"y":3.4675,"tweenEasing":0,"x":-2.3571},{"duration":9,"y":-0.091,"tweenEasing":0,"x":-4.6097},{"duration":7,"y":-3.7103,"tweenEasing":0,"x":-2.767},{"duration":0,"y":-5.3375}],"scaleFrame":[{"duration":7,"tweenEasing":0},{"duration":8,"tweenEasing":0},{"duration":9,"tweenEasing":0},{"duration":6,"tweenEasing":0},{"duration":6,"tweenEasing":0},{"duration":8,"tweenEasing":0},{"duration":9,"tweenEasing":0},{"duration":7,"tweenEasing":0},{"duration":0}]},{"rotateFrame":[{"duration":60}],"name":"7","translateFrame":[{"duration":60}],"scaleFrame":[{"duration":60}]},{"rotateFrame":[{"duration":30,"curve":[0.5,0,0.5,1]},{"duration":30,"curve":[0.5,0,0.5,1]},{"duration":0}],"name":"71","translateFrame":[{"duration":30,"curve":[0.5,0,0.5,1]},{"duration":30,"curve":[0.5,0,0.5,1],"x":-21.3714},{"duration":0}],"scaleFrame":[{"duration":30,"curve":[0.5,0,0.5,1]},{"duration":30,"curve":[0.5,0,0.5,1]},{"duration":0}]}],"slot":[{"colorFrame":[],"displayFrame":[],"name":"3"},{"colorFrame":[],"displayFrame":[],"name":"4"},{"colorFrame":[],"displayFrame":[],"name":"5"},{"colorFrame":[],"displayFrame":[],"name":"31"},{"colorFrame":[],"displayFrame":[],"name":"41"},{"colorFrame":[],"displayFrame":[],"name":"61"},{"colorFrame":[],"displayFrame":[],"name":"51"},{"colorFrame":[],"displayFrame":[],"name":"6"},{"colorFrame":[],"displayFrame":[],"name":"1"},{"colorFrame":[],"displayFrame":[],"name":"21"},{"colorFrame":[],"displayFrame":[],"name":"2"}],"ffd":[],"ik":[],"playTimes":0,"name":"2"}],"ik":[],"frameRate":60,"name":"zhizhu","skin":[{"name":"","slot":[{"display":[{"slotPose":[1.0000000000000002,1.6653345369377348e-16,-1.6653345369377348e-16,1.0000000000000002,-45.816554346281954,-59.88967470603863],"vertices":[4.9,-23.5,14.5,-23.5,14.5,-16.65,-5.05,-5.15,-5.4,-4,14.5,19.8,13.95,23.5,3.7,23.5,-4.65,18.1,-14.5,-2.2,-14.5,-7.25,-13.2,-9.2],"path":"3","edges":[0,1,1,2,2,3,3,4,4,5,5,6,6,7,7,8,8,9,9,10,10,11,11,0],"name":"3","uvs":[0.66897,0,1,0,1,0.14574,0.32586,0.39043,0.31379,0.41489,1,0.92128,0.98103,1,0.62759,1,0.33966,0.88511,0,0.45319,0,0.34574,0.04483,0.30426],"type":"mesh","transform":{"y":-6.0041,"skX":-62.0013,"skY":-62.0013,"x":6.8848},"bonePose":[8,-0.8192319205190406,0.5734623443633281,-0.5734623443633281,-0.8192319205190406,-36.65,-79.8,20,0.46945160675538194,0.8829582033792936,-0.8829582033792936,0.46945160675538194,-54.35000000000001,-63.150000000000006],"width":29,"weights":[1,8,1,1,8,1,1,8,1,1,8,1,1,20,1,1,20,1,1,20,1,1,20,1,1,20,1,1,20,1,1,20,1,1,8,1],"userEdges":[],"height":47,"triangles":[8,7,5,4,8,5,0,3,2,0,2,1,5,7,6,11,3,0,4,9,8,11,4,3,11,10,4,10,9,4]}],"name":"31"},{"display":[{"slotPose":[1,5.551115123125783e-17,-5.551115123125783e-17,1,-62.17677153509352,-142.20176954578744],"vertices":[26,15.5,-5,15.5,-10,9.1,-26,-11.2,-26,-15.5,-6.7,-15.5,-1.3,4.8,-1,6.7,26,5.7],"path":"6","edges":[0,1,1,2,2,3,3,4,4,5,5,6,6,7,7,8,8,0],"name":"6","uvs":[1,1,0.40385,1,0.30769,0.79355,0,0.13871,0,0,0.37115,0,0.475,0.65484,0.48077,0.71613,1,0.68387],"type":"mesh","transform":{"y":6.2158,"skX":123.5749,"skY":123.5749,"x":1.6374},"bonePose":[10,-0.9990106728786464,-0.0444710633395903,0.0444710633395903,-0.9990106728786464,-35.05,-130.9,16,-0.5530271769743624,-0.8331632142190191,0.8331632142190191,-0.5530271769743624,-66.45,-137.39999999999998],"width":52,"weights":[1,10,1,1,10,1,1,16,1,1,16,1,1,16,1,1,16,1,1,16,1,1,10,1,1,10,1],"userEdges":[],"height":31,"triangles":[8,7,0,7,1,0,3,2,5,2,1,7,2,7,6,5,2,6,4,3,5]}],"name":"61"},{"display":[{"slotPose":[1,5.551115123125783e-17,-5.551115123125783e-17,1,-62.17677153509352,-142.20176954578744],"vertices":[26,15.5,-5,15.5,-10,9.1,-26,-11.2,-26,-15.5,-6.7,-15.5,-1.3,4.8,-1,6.7,26,5.7],"path":"6","edges":[0,1,1,2,2,3,3,4,4,5,5,6,6,7,7,8,8,0],"name":"6","uvs":[1,1,0.40385,1,0.30769,0.79355,0,0.13871,0,0,0.37115,0,0.475,0.65484,0.48077,0.71613,1,0.68387],"type":"mesh","transform":{"y":6.2158,"skX":123.5749,"skY":123.5749,"x":1.6374},"bonePose":[11,-0.9990106728786464,-0.0444710633395903,0.0444710633395903,-0.9990106728786464,-35.05,-130.9,22,-0.5530271769743624,-0.8331632142190191,0.8331632142190191,-0.5530271769743624,-66.45,-137.39999999999998],"width":52,"weights":[1,11,1,1,11,1,1,22,1,1,22,1,1,22,1,1,22,1,1,22,1,1,11,1,1,11,1],"userEdges":[],"height":31,"triangles":[8,7,0,7,1,0,3,2,5,2,1,7,2,7,6,5,2,6,4,3,5]}],"name":"6"},{"display":[{"slotPose":[1.0000000000000002,1.6653345369377348e-16,-1.6653345369377348e-16,1.0000000000000002,-45.816554346281954,-59.88967470603863],"vertices":[4.9,-23.5,14.5,-23.5,14.5,-16.65,-5.05,-5.15,-5.4,-4,14.5,19.8,13.95,23.5,3.7,23.5,-4.65,18.1,-14.5,-2.2,-14.5,-7.25,-13.2,-9.2],"path":"3","edges":[0,1,1,2,2,3,3,4,4,5,5,6,6,7,7,8,8,9,9,10,10,11,11,0],"name":"3","uvs":[0.66897,0,1,0,1,0.14574,0.32586,0.39043,0.31379,0.41489,1,0.92128,0.98103,1,0.62759,1,0.33966,0.88511,0,0.45319,0,0.34574,0.04483,0.30426],"type":"mesh","transform":{"y":-6.0041,"skX":-62.0013,"skY":-62.0013,"x":6.8848},"bonePose":[6,-0.8192319205190406,0.5734623443633281,-0.5734623443633281,-0.8192319205190406,-36.65,-79.8,17,0.46945160675538194,0.8829582033792936,-0.8829582033792936,0.46945160675538194,-54.35000000000001,-63.150000000000006],"width":29,"weights":[1,6,1,1,6,1,1,6,1,1,6,1,1,17,1,1,17,1,1,17,1,1,17,1,1,17,1,1,17,1,1,17,1,1,6,1],"userEdges":[],"height":47,"triangles":[8,7,5,4,8,5,0,3,2,0,2,1,5,7,6,11,3,0,4,9,8,11,4,3,11,10,4,10,9,4]}],"name":"3"},{"display":[{"path":"2","type":"image","name":"2","transform":{"y":0.521,"skX":90,"skY":90,"x":-0.6578}}],"name":"21"},{"display":[{"slotPose":[1,0,0,1,-46.062005326859754,-173.43532746298374],"vertices":[20.5,34.5,9.7,34.5,-9.7,25.3,-11.9,23.55,-20.5,-11.5,-20.2,-25.6,-6,-34.5,4.6,-34.5,-2.5,13.9,-0.5,15.5,20.5,24.3],"path":"5","edges":[0,1,1,2,2,3,3,4,4,5,5,6,6,7,7,8,8,9,9,10,10,0],"name":"5","uvs":[1,1,0.73659,1,0.26341,0.86667,0.20976,0.8413,0,0.33333,0.00732,0.12899,0.35366,0,0.6122,0,0.43902,0.70145,0.4878,0.72464,1,0.85217],"type":"mesh","transform":{"y":11.3344,"skX":105.4853,"skY":105.4853,"x":13.2398},"bonePose":[12,-0.9481401113123956,-0.3178526849352037,0.3178526849352037,-0.9481401113123956,-27.35,-142.45,15,-0.2669919512455299,-0.9636987589335708,0.9636987589335708,-0.2669919512455299,-53.45,-157.65],"width":41,"weights":[1,12,1,1,12,1,1,12,1,1,15,1,1,15,1,1,15,1,1,15,1,1,15,1,1,15,1,1,12,1,1,12,1],"userEdges":[],"height":69,"triangles":[4,8,7,9,1,10,10,1,0,5,4,6,6,4,7,9,2,1,3,2,8,8,2,9,4,3,8]}],"name":"5"},{"display":[{"slotPose":[1,-2.220446049250313e-16,2.220446049250313e-16,1,-52.76895630810088,-97.90491065721189],"vertices":[17.8,-24,20,-19.75,20,-15,-4.65,-7.85,-8.05,-9.7,-9.2,-8.85,-4.7,11.7,2.25,24,-10.6,24,-20,16,-20,-3.4,-17.4,-14.6,-15.85,-16.6,2.4,-24],"path":"4","edges":[0,1,1,2,2,3,3,4,4,5,5,6,6,7,7,8,8,9,9,10,10,11,11,12,12,13,13,0],"name":"4","uvs":[0.945,0,1,0.08854,1,0.1875,0.38375,0.33646,0.29875,0.29792,0.27,0.31562,0.3825,0.74375,0.55625,1,0.235,1,0,0.83333,0,0.42917,0.065,0.19583,0.10375,0.15417,0.56,0],"type":"mesh","transform":{"y":-14.3769,"skX":-101.3892,"skY":-101.3892,"x":8.1669},"bonePose":[9,-0.9620196685795482,0.272980140790674,-0.272980140790674,-0.9620196685795482,-38.25,-118.05,21,-0.19747221274716575,0.980308484709144,-0.980308484709144,-0.19747221274716575,-65.24999999999999,-108.75],"width":40,"weights":[1,9,1,1,9,1,1,9,1,1,9,1,1,9,1,1,21,1,1,21,1,1,21,1,1,21,1,1,21,1,1,21,1,1,21,1,1,9,1,1,9,1],"userEdges":[],"height":48,"triangles":[0,13,2,13,3,2,0,2,1,4,3,13,12,4,13,6,8,7,9,8,6,5,10,6,10,9,6,12,11,5,12,5,4,11,10,5]}],"name":"41"},{"display":[{"slotPose":[1,0,0,1,-46.062005326859754,-173.43532746298374],"vertices":[20.5,34.5,9.7,34.5,-9.7,25.3,-11.9,23.55,-20.5,-11.5,-20.2,-25.6,-6,-34.5,4.6,-34.5,-2.5,13.9,-0.5,15.5,20.5,24.3],"path":"5","edges":[0,1,1,2,2,3,3,4,4,5,5,6,6,7,7,8,8,9,9,10,10,0],"name":"5","uvs":[1,1,0.73659,1,0.26341,0.86667,0.20976,0.8413,0,0.33333,0.00732,0.12899,0.35366,0,0.6122,0,0.43902,0.70145,0.4878,0.72464,1,0.85217],"type":"mesh","transform":{"y":11.3344,"skX":105.4853,"skY":105.4853,"x":13.2398},"bonePose":[13,-0.9481401113123956,-0.3178526849352037,0.3178526849352037,-0.9481401113123956,-27.35,-142.45,18,-0.2669919512455299,-0.9636987589335708,0.9636987589335708,-0.2669919512455299,-53.45,-157.65],"width":41,"weights":[1,13,1,1,13,1,1,13,1,1,18,1,1,18,1,1,18,1,1,18,1,1,18,1,1,18,1,1,13,1,1,13,1],"userEdges":[],"height":69,"triangles":[4,8,7,9,1,10,10,1,0,5,4,6,6,4,7,9,2,1,3,2,8,8,2,9,4,3,8]}],"name":"51"},{"display":[{"path":"1","type":"image","name":"1","transform":{"y":0.9489,"skX":90,"skY":90,"x":0.062}}],"name":"1"},{"display":[{"slotPose":[1,-2.220446049250313e-16,2.220446049250313e-16,1,-52.76895630810088,-97.90491065721189],"vertices":[17.8,-24,20,-19.75,20,-15,-4.65,-7.85,-8.05,-9.7,-9.2,-8.85,-4.7,11.7,2.25,24,-10.6,24,-20,16,-20,-3.4,-17.4,-14.6,-15.85,-16.6,2.4,-24],"path":"4","edges":[0,1,1,2,2,3,3,4,4,5,5,6,6,7,7,8,8,9,9,10,10,11,11,12,12,13,13,0],"name":"4","uvs":[0.945,0,1,0.08854,1,0.1875,0.38375,0.33646,0.29875,0.29792,0.27,0.31562,0.3825,0.74375,0.55625,1,0.235,1,0,0.83333,0,0.42917,0.065,0.19583,0.10375,0.15417,0.56,0],"type":"mesh","transform":{"y":-14.3769,"skX":-101.3892,"skY":-101.3892,"x":8.1669},"bonePose":[7,-0.9620196685795482,0.272980140790674,-0.272980140790674,-0.9620196685795482,-38.25,-118.05,19,-0.19747221274716575,0.980308484709144,-0.980308484709144,-0.19747221274716575,-65.24999999999999,-108.75],"width":40,"weights":[1,7,1,1,7,1,1,7,1,1,7,1,1,7,1,1,19,1,1,19,1,1,19,1,1,19,1,1,19,1,1,19,1,1,19,1,1,7,1,1,7,1],"userEdges":[],"height":48,"triangles":[0,13,2,13,3,2,0,2,1,4,3,13,12,4,13,6,8,7,9,8,6,5,10,6,10,9,6,12,11,5,12,5,4,11,10,5]}],"name":"4"},{"display":[{"path":"2","type":"image","name":"2","transform":{"y":0.521,"skX":90,"skY":90,"x":-0.6578}}],"name":"2"}]}]}],"name":"zhizhu","version":"5.5"}