{"frameRate":60,"isGlobal":0,"armature":[{"aabb":{"width":640,"y":-2435.007764254213,"height":2492.007764254213,"x":-332.5},"type":"Armature","bone":[{"name":"root","transform":{}},{"transform":{},"name":"bone","parent":"root"},{"length":161,"transform":{"y":-2423.9578,"skX":90,"skY":90,"x":6},"parent":"bone","name":"tielian"},{"length":146,"transform":{"y":46.95,"skX":-90,"skY":-90},"parent":"bone","name":"poche"},{"length":141,"transform":{"y":-7,"x":333},"parent":"tielian","name":"tiechui"}],"defaultActions":[{"gotoAndPlay":"1"}],"slot":[{"color":{},"name":"poche","parent":"poche"},{"z":1,"color":{},"name":"tiechui","parent":"tiechui"},{"z":2,"color":{},"name":"tielian","parent":"tielian"}],"ik":[],"animation":[{"ik":[],"duration":60,"frame":[],"bone":[{"frame":[{"duration":60,"transform":{}}],"name":"root"},{"frame":[{"duration":20,"transform":{},"tweenEasing":0},{"duration":40,"transform":{},"tweenEasing":0},{"duration":0,"transform":{}}],"name":"bone"},{"frame":[{"duration":10,"transform":{},"tweenEasing":0},{"duration":3,"transform":{"y":1321.5},"tweenEasing":0},{"duration":3,"transform":{"y":1593.1274,"skX":19.1215,"skY":19.1215,"x":-137.6423},"tweenEasing":0},{"duration":4,"transform":{"y":1834.7716,"skX":38.2429,"skY":38.2429,"x":-220.5194},"tweenEasing":0},{"duration":40,"transform":{"y":2226.9247,"skX":63.7382,"skY":63.7382,"x":-216.0864},"tweenEasing":0},{"duration":0,"transform":{"y":2226.9247,"skX":63.7382,"skY":63.7382,"x":-216.0864}}],"name":"tielian"},{"frame":[{"duration":10,"transform":{},"tweenEasing":0},{"duration":10,"transform":{},"tweenEasing":0},{"duration":40,"transform":{"skX":-155.8619,"skY":-155.8619},"tweenEasing":0},{"duration":0,"transform":{"skX":-155.8619,"skY":-155.8619}}],"name":"tiechui"},{"frame":[{"duration":11,"transform":{},"tweenEasing":0},{"duration":5,"transform":{},"tweenEasing":0},{"duration":4,"transform":{"scX":0.1,"scY":1.5},"tweenEasing":0},{"duration":40,"transform":{"scX":0.1,"scY":1.5},"tweenEasing":0},{"duration":0,"transform":{"scX":0.1,"scY":1.5}}],"name":"poche"}],"slot":[],"ffd":[],"playTimes":0,"name":"1"},{"ik":[],"duration":60,"frame":[],"bone":[{"frame":[{"duration":60,"transform":{}}],"name":"root"},{"frame":[{"duration":20,"transform":{},"tweenEasing":0},{"duration":40,"transform":{},"tweenEasing":0},{"duration":0,"transform":{}}],"name":"bone"},{"frame":[{"duration":10,"transform":{},"tweenEasing":0},{"duration":5,"transform":{"y":1371.5},"tweenEasing":0},{"duration":25,"transform":{"y":1536.5},"tweenEasing":0},{"duration":20,"transform":{"y":1536.5},"tweenEasing":0},{"duration":0,"transform":{"y":-193.5}}],"name":"tielian"},{"frame":[{"duration":60,"transform":{}}],"name":"tiechui"},{"frame":[{"duration":11,"transform":{},"tweenEasing":0},{"duration":5,"transform":{},"tweenEasing":0},{"duration":4,"transform":{"scX":0.1,"scY":1.5},"tweenEasing":0},{"duration":40,"transform":{"scX":0.1,"scY":1.5},"tweenEasing":0},{"duration":0,"transform":{"scX":0.1,"scY":1.5}}],"name":"poche"}],"slot":[],"ffd":[],"playTimes":0,"name":"2"}],"frameRate":60,"name":"poche","skin":[{"name":"","slot":[{"display":[{"path":"tiechui","type":"image","name":"tiechui","transform":{"y":2.5,"skX":-90,"skY":-90,"x":292.5}}],"name":"tiechui"},{"display":[{"path":"poche","type":"image","name":"poche","transform":{"y":-12.5,"skX":90,"skY":90,"x":166.45}}],"name":"poche"},{"display":[{"path":"tielian","type":"image","name":"tielian","transform":{"y":-3.5,"skX":-90,"skY":-90,"x":188.45}}],"name":"tielian"}]}]}],"name":"poche","version":"5.0"}