{"SubTexture":[{"width":68,"y":1,"height":64,"name":"hw","x":131},{"width":30,"y":138,"height":38,"name":"hz","x":152},{"width":40,"y":138,"height":58,"name":"qz","x":1},{"width":128,"y":1,"height":65,"name":"hs","x":1},{"width":62,"y":67,"height":69,"name":"ht","x":131},{"width":50,"y":67,"height":70,"name":"hy","x":195},{"width":34,"y":68,"height":62,"name":"qy","x":1},{"frameY":-4,"y":1,"frameWidth":77,"frameX":-26,"frameHeight":85,"width":50,"height":53,"name":"bk1","x":201},{"frameY":0,"y":68,"frameWidth":77,"frameX":-8,"frameHeight":85,"width":52,"height":37,"name":"bk2","x":37},{"frameY":-8,"y":68,"frameWidth":77,"frameX":0,"frameHeight":85,"width":32,"height":55,"name":"bk3","x":91},{"frameY":-44,"y":125,"frameWidth":77,"frameX":-2,"frameHeight":85,"width":36,"height":41,"name":"bk4","x":72},{"frameY":-50,"y":138,"frameWidth":77,"frameX":-24,"frameHeight":85,"width":40,"height":35,"name":"bk5","x":110},{"frameY":-25,"y":107,"frameWidth":77,"frameX":-50,"frameHeight":85,"width":27,"height":55,"name":"bk6","x":43}],"width":256,"height":256,"name":"laohu","imagePath":"laohu_tex.png"}