{"frameRate":60,"isGlobal":0,"name":"laohu","version":"5.0","armature":[{"skin":[{"name":"","slot":[{"display":[{"path":"hw","type":"image","name":"hw","transform":{"y":-30.5801,"x":-9.5873,"scX":-1}}],"name":"hw"},{"display":[{"path":"hz","type":"image","name":"hz","transform":{"y":1.5545,"skY":-121.7547,"x":10.6006,"skX":-121.7547,"scX":-1}}],"name":"hz"},{"display":[{"path":"bk5","type":"image","name":"bk5","transform":{}}],"name":"bk5"},{"display":[{"path":"bk6","type":"image","name":"bk6","transform":{}}],"name":"bk6"},{"display":[{"path":"bk1","type":"image","name":"bk1","transform":{}}],"name":"bk1"},{"display":[{"path":"hs","type":"image","name":"hs","transform":{"y":-2.9851,"x":-5.0018,"scX":-1}}],"name":"hs"},{"display":[{"path":"qy","type":"image","name":"qy","transform":{"y":4.534,"skY":-76.4211,"x":22.537,"skX":-76.4211,"scX":-1}}],"name":"qy"},{"display":[{"path":"bk2","type":"image","name":"bk2","transform":{}}],"name":"bk2"},{"display":[{"path":"bk3","type":"image","name":"bk3","transform":{}}],"name":"bk3"},{"display":[{"path":"hy","type":"image","name":"hy","transform":{"y":16.989,"x":-3.8708,"scX":-1}}],"name":"hy"},{"display":[{"path":"ht","type":"image","name":"ht","transform":{"y":4.3834,"x":-6.5315,"scX":-1}}],"name":"ht"},{"display":[{"path":"qz","type":"image","name":"qz","transform":{"y":7.2117,"skY":-101.7893,"x":13.268,"skX":-101.7893,"scX":-1}}],"name":"qz"},{"display":[{"path":"bk4","type":"image","name":"bk4","transform":{}}],"name":"bk4"}]}],"animation":[{"frame":[],"duration":60,"bone":[{"frame":[{"duration":60,"transform":{}}],"name":"root"},{"frame":[{"tweenEasing":0,"duration":30,"transform":{}},{"tweenEasing":0,"duration":30,"transform":{}},{"duration":0,"transform":{}}],"name":"bone"},{"frame":[{"tweenEasing":0,"duration":30,"transform":{}},{"tweenEasing":0,"duration":30,"transform":{"y":2.03}},{"duration":0,"transform":{}}],"name":"hs"},{"frame":[{"tweenEasing":0,"duration":30,"transform":{}},{"tweenEasing":0,"duration":30,"transform":{"y":0.58}},{"duration":0,"transform":{}}],"name":"hs1"},{"frame":[{"tweenEasing":0,"duration":30,"transform":{}},{"tweenEasing":0,"duration":30,"transform":{"skY":25.7128,"skX":25.7128}},{"duration":0,"transform":{}}],"name":"hw"},{"frame":[{"tweenEasing":0,"duration":30,"transform":{}},{"tweenEasing":0,"duration":30,"transform":{"y":-2.03}},{"duration":0,"transform":{}}],"name":"hs2"},{"frame":[{"tweenEasing":0,"duration":30,"transform":{}},{"tweenEasing":0,"duration":30,"transform":{"y":-2.03}},{"duration":0,"transform":{}}],"name":"hz"},{"frame":[{"tweenEasing":0,"duration":30,"transform":{}},{"tweenEasing":0,"duration":30,"transform":{"y":-2.03}},{"duration":0,"transform":{}}],"name":"qy"},{"frame":[{"tweenEasing":0,"duration":30,"transform":{}},{"tweenEasing":0,"duration":30,"transform":{"y":-2.03}},{"duration":0,"transform":{}}],"name":"qz"},{"frame":[{"duration":60,"transform":{}}],"name":"bone1"},{"frame":[{"duration":60,"transform":{}}],"name":"bone2"},{"frame":[{"duration":60,"transform":{}}],"name":"bone3"},{"frame":[{"duration":60,"transform":{}}],"name":"bone4"},{"frame":[{"duration":60,"transform":{}}],"name":"bone5"},{"frame":[{"duration":60,"transform":{}}],"name":"bone6"},{"frame":[{"duration":60,"transform":{}}],"name":"bone7"}],"slot":[],"ffd":[],"ik":[],"name":"1","playTimes":0},{"frame":[],"duration":40,"bone":[{"frame":[{"duration":40,"transform":{}}],"name":"root"},{"frame":[{"duration":40,"transform":{}}],"name":"bone"},{"frame":[{"tweenEasing":0,"duration":13,"transform":{}},{"tweenEasing":0,"duration":15,"transform":{"y":-5.2776,"skY":13.0837,"skX":13.0837}},{"tweenEasing":0,"duration":12,"transform":{"y":0.9884,"skY":-3.5598,"skX":-3.5598}},{"duration":0,"transform":{}}],"name":"hs"},{"frame":[{"duration":40,"transform":{}}],"name":"bone1"},{"frame":[{"tweenEasing":0,"duration":20,"transform":{}},{"tweenEasing":0,"duration":20,"transform":{"skY":6.7407,"skX":6.7407}},{"duration":0,"transform":{}}],"name":"hs1"},{"frame":[{"tweenEasing":0,"duration":20,"transform":{}},{"tweenEasing":0,"duration":20,"transform":{"skY":27.7105,"skX":27.7105}},{"duration":0,"transform":{}}],"name":"hw"},{"frame":[{"tweenEasing":0,"duration":10,"transform":{"skY":53.6821,"skX":53.6821}},{"tweenEasing":0,"duration":10,"transform":{}},{"tweenEasing":0,"duration":10,"transform":{"skY":-58.8974,"skX":-58.8974}},{"tweenEasing":0,"duration":10,"transform":{}},{"duration":0,"transform":{"skY":53.6821,"skX":53.6821}}],"name":"hz"},{"frame":[{"tweenEasing":0,"duration":10,"transform":{}},{"tweenEasing":0,"duration":10,"transform":{"skY":53.6821,"skX":53.6821}},{"tweenEasing":0,"duration":10,"transform":{}},{"tweenEasing":0,"duration":10,"transform":{"skY":-58.8974,"skX":-58.8974}},{"duration":0,"transform":{}}],"name":"qy"},{"frame":[{"tweenEasing":0,"duration":10,"transform":{"skY":-58.8974,"skX":-58.8974}},{"tweenEasing":0,"duration":10,"transform":{}},{"tweenEasing":0,"duration":10,"transform":{"skY":53.6821,"skX":53.6821}},{"tweenEasing":0,"duration":10,"transform":{}},{"duration":0,"transform":{"skY":-58.8974,"skX":-58.8974}}],"name":"qz"},{"frame":[{"tweenEasing":0,"duration":10,"transform":{}},{"tweenEasing":0,"duration":10,"transform":{"skY":-58.8974,"skX":-58.8974}},{"tweenEasing":0,"duration":10,"transform":{}},{"tweenEasing":0,"duration":10,"transform":{"skY":53.6821,"skX":53.6821}},{"duration":0,"transform":{}}],"name":"hs2"},{"frame":[{"duration":40,"transform":{}}],"name":"bone2"},{"frame":[{"duration":40,"transform":{}}],"name":"bone3"},{"frame":[{"duration":40,"transform":{}}],"name":"bone4"},{"frame":[{"duration":40,"transform":{}}],"name":"bone5"},{"frame":[{"duration":40,"transform":{}}],"name":"bone6"},{"frame":[{"duration":40,"transform":{}}],"name":"bone7"}],"slot":[],"ffd":[],"ik":[],"name":"2","playTimes":0},{"frame":[],"duration":80,"bone":[{"frame":[{"duration":80,"transform":{}}],"name":"root"},{"frame":[{"duration":30,"transform":{}},{"tweenEasing":0,"duration":10,"transform":{}},{"tweenEasing":0,"duration":40,"transform":{}},{"duration":0,"transform":{}}],"name":"bone"},{"frame":[{"tweenEasing":0,"duration":13,"transform":{}},{"tweenEasing":0,"duration":7,"transform":{"y":-5.2776,"skY":13.0837,"skX":13.0837}},{"tweenEasing":0,"duration":4,"transform":{"y":-2.3535,"skY":5.3167,"skX":5.3167}},{"tweenEasing":0,"duration":6,"transform":{"y":-1.4121,"skY":1.4406,"x":-64.4706,"skX":1.4406,"scX":0.25,"scY":1.4}},{"tweenEasing":0,"duration":10,"transform":{"y":-29.2777,"skY":-9.9427,"x":32.8627,"skX":-9.9427,"scX":1.2,"scY":0.8}},{"tweenEasing":0,"duration":40,"transform":{"y":-2.0913,"x":45.4999}},{"duration":0,"transform":{"y":-2.0913,"x":45.4999}}],"name":"hs"},{"frame":[{"duration":20,"transform":{}},{"duration":60,"transform":{}}],"name":"bone1"},{"frame":[{"tweenEasing":0,"duration":20,"transform":{}},{"tweenEasing":0,"duration":10,"transform":{"skY":6.7407,"skX":6.7407}},{"tweenEasing":0,"duration":10,"transform":{}},{"tweenEasing":0,"duration":40,"transform":{}},{"duration":0,"transform":{}}],"name":"hs1"},{"frame":[{"tweenEasing":0,"duration":20,"transform":{}},{"tweenEasing":0,"duration":10,"transform":{"skY":27.7105,"skX":27.7105}},{"tweenEasing":0,"duration":10,"transform":{}},{"tweenEasing":0,"duration":40,"transform":{}},{"duration":0,"transform":{}}],"name":"hw"},{"frame":[{"tweenEasing":0,"duration":10,"transform":{"skY":53.6821,"skX":53.6821}},{"tweenEasing":0,"duration":10,"transform":{}},{"tweenEasing":0,"duration":10,"transform":{"skY":-58.8974,"skX":-58.8974}},{"tweenEasing":0,"duration":10,"transform":{}},{"tweenEasing":0,"duration":40,"transform":{}},{"duration":0,"transform":{}}],"name":"hz"},{"frame":[{"tweenEasing":0,"duration":10,"transform":{}},{"tweenEasing":0,"duration":10,"transform":{"skY":53.6821,"skX":53.6821}},{"tweenEasing":0,"duration":10,"transform":{}},{"tweenEasing":0,"duration":10,"transform":{}},{"tweenEasing":0,"duration":40,"transform":{}},{"duration":0,"transform":{}}],"name":"qy"},{"frame":[{"tweenEasing":0,"duration":10,"transform":{"skY":-58.8974,"skX":-58.8974}},{"tweenEasing":0,"duration":10,"transform":{}},{"tweenEasing":0,"duration":10,"transform":{"skY":53.6821,"skX":53.6821}},{"tweenEasing":0,"duration":10,"transform":{}},{"tweenEasing":0,"duration":40,"transform":{}},{"duration":0,"transform":{}}],"name":"qz"},{"frame":[{"tweenEasing":0,"duration":10,"transform":{}},{"tweenEasing":0,"duration":10,"transform":{"skY":-58.8974,"skX":-58.8974}},{"tweenEasing":0,"duration":10,"transform":{}},{"tweenEasing":0,"duration":10,"transform":{}},{"tweenEasing":0,"duration":40,"transform":{}},{"duration":0,"transform":{}}],"name":"hs2"},{"frame":[{"duration":20,"transform":{}},{"duration":60,"transform":{}}],"name":"bone2"},{"frame":[{"duration":20,"transform":{}},{"duration":60,"transform":{}}],"name":"bone3"},{"frame":[{"duration":20,"transform":{}},{"duration":60,"transform":{}}],"name":"bone4"},{"frame":[{"duration":20,"transform":{}},{"duration":60,"transform":{}}],"name":"bone5"},{"frame":[{"duration":20,"transform":{}},{"duration":60,"transform":{}}],"name":"bone6"},{"frame":[{"duration":20,"transform":{}},{"duration":60,"transform":{}}],"name":"bone7"}],"slot":[],"ffd":[],"ik":[],"name":"3","playTimes":0},{"frame":[],"duration":130,"bone":[{"frame":[{"duration":130,"transform":{}}],"name":"root"},{"frame":[{"duration":40,"transform":{}},{"tweenEasing":0,"duration":5,"transform":{}},{"tweenEasing":0,"duration":5,"transform":{"skY":-2.8931,"skX":-2.8931}},{"tweenEasing":0,"duration":6,"transform":{}},{"tweenEasing":0,"duration":4,"transform":{"skY":2.1762,"skX":2.1762}},{"tweenEasing":0,"duration":4,"transform":{}},{"tweenEasing":0,"duration":4,"transform":{"skY":-2.8931,"skX":-2.8931}},{"tweenEasing":0,"duration":5,"transform":{}},{"tweenEasing":0,"duration":3,"transform":{"skY":2.1762,"skX":2.1762}},{"tweenEasing":0,"duration":3,"transform":{}},{"tweenEasing":0,"duration":3,"transform":{"skY":-2.8931,"skX":-2.8931}},{"tweenEasing":0,"duration":4,"transform":{}},{"tweenEasing":0,"duration":2,"transform":{"skY":2.1762,"skX":2.1762}},{"tweenEasing":0,"duration":42,"transform":{}},{"duration":0,"transform":{}}],"name":"bone"},{"frame":[{"duration":88,"transform":{}},{"tweenEasing":0,"duration":4,"transform":{}},{"tweenEasing":0,"duration":20,"transform":{"y":-17.4729,"skY":26.9248,"x":10.5002,"skX":26.9248}},{"tweenEasing":0,"duration":18,"transform":{"y":-17.4729,"skY":31.6358,"x":15.0386,"skX":31.6358}},{"duration":0,"transform":{}}],"name":"hs"},{"frame":[{"tweenEasing":0,"duration":10,"transform":{"scX":0.688,"scY":0.688}},{"tweenEasing":0,"duration":30,"transform":{"y":-22.1076,"skY":-0.3776,"skX":-0.3776,"scX":2.122,"scY":2.122}},{"tweenEasing":0,"duration":48,"transform":{"y":-22.1076,"skY":-0.3776,"skX":-0.3776,"scX":2.122,"scY":2.122}},{"tweenEasing":0,"duration":24,"transform":{"y":-22.1076,"skY":-0.3776,"skX":-0.3776,"scX":2.122,"scY":2.122}},{"tweenEasing":0,"duration":18,"transform":{"y":-22.1076,"skY":4.3335,"x":4.5384,"skX":4.3335,"scX":1.3026,"scY":1.3026}},{"duration":0,"transform":{"scX":0.688,"scY":0.688}}],"name":"bone1"},{"frame":[{"duration":88,"transform":{}},{"tweenEasing":0,"duration":4,"transform":{}},{"tweenEasing":0,"duration":20,"transform":{"skY":12.5421,"skX":12.5421}},{"tweenEasing":0,"duration":18,"transform":{"skY":17.2531,"skX":17.2531}},{"duration":0,"transform":{}}],"name":"hs1"},{"frame":[{"duration":88,"transform":{}},{"tweenEasing":0,"duration":4,"transform":{}},{"tweenEasing":0,"duration":20,"transform":{"skY":-10.9426,"skX":-10.9426}},{"tweenEasing":0,"duration":18,"transform":{"skY":-6.2315,"skX":-6.2315}},{"duration":0,"transform":{}}],"name":"hw"},{"frame":[{"duration":88,"transform":{}},{"tweenEasing":0,"duration":4,"transform":{}},{"tweenEasing":0,"duration":20,"transform":{"skY":-35.0927,"skX":-35.0927}},{"tweenEasing":0,"duration":18,"transform":{"skY":-30.3816,"skX":-30.3816}},{"duration":0,"transform":{}}],"name":"hz"},{"frame":[{"duration":88,"transform":{}},{"tweenEasing":0,"duration":4,"transform":{}},{"tweenEasing":0,"duration":20,"transform":{"skY":31.3489,"skX":31.3489}},{"tweenEasing":0,"duration":18,"transform":{"skY":36.0599,"skX":36.0599}},{"duration":0,"transform":{}}],"name":"qy"},{"frame":[{"duration":88,"transform":{}},{"tweenEasing":0,"duration":4,"transform":{}},{"tweenEasing":0,"duration":20,"transform":{"skY":31.5604,"skX":31.5604}},{"tweenEasing":0,"duration":18,"transform":{"skY":36.2714,"skX":36.2714}},{"duration":0,"transform":{}}],"name":"qz"},{"frame":[{"duration":88,"transform":{}},{"tweenEasing":0,"duration":4,"transform":{}},{"tweenEasing":0,"duration":20,"transform":{"skY":-33.3545,"skX":-33.3545}},{"tweenEasing":0,"duration":18,"transform":{"skY":-28.6434,"skX":-28.6434}},{"duration":0,"transform":{}}],"name":"hs2"},{"frame":[{"duration":88,"transform":{}},{"duration":15,"curve":[0,0,0.5,1],"transform":{}},{"duration":27,"transform":{"y":-57.3754,"x":64.9037}}],"name":"bone2"},{"frame":[{"duration":88,"transform":{}},{"duration":15,"curve":[0,0,0.5,1],"transform":{}},{"duration":27,"transform":{"y":-60.6666,"x":-62.8538}}],"name":"bone3"},{"frame":[{"duration":88,"transform":{}},{"duration":15,"curve":[0,0,0.5,1],"transform":{}},{"duration":27,"transform":{"y":26.9707,"x":-99.7297}}],"name":"bone4"},{"frame":[{"duration":88,"transform":{}},{"duration":15,"curve":[0,0,0.5,1],"transform":{}},{"duration":27,"transform":{"y":60.629,"x":-17.1902}}],"name":"bone5"},{"frame":[{"duration":88,"transform":{}},{"duration":15,"curve":[0,0,0.5,1],"transform":{}},{"duration":27,"transform":{"y":48.271,"x":77.3847}}],"name":"bone6"},{"frame":[{"duration":88,"transform":{}},{"duration":15,"curve":[0,0,0.5,1],"transform":{}},{"duration":27,"transform":{"y":4.0582,"x":95.4823}}],"name":"bone7"}],"slot":[{"frame":[{"tweenEasing":null,"duration":88},{"duration":15,"curve":[0,0,0.5,1]},{"tweenEasing":null,"duration":27,"color":{"aM":0}},{"tweenEasing":0,"duration":0,"color":{"aM":0}}],"name":"bk1"},{"frame":[{"tweenEasing":null,"duration":88},{"duration":15,"curve":[0,0,0.5,1]},{"tweenEasing":null,"duration":27,"color":{"aM":0}},{"tweenEasing":0,"duration":0,"color":{"aM":0}}],"name":"bk2"},{"frame":[{"tweenEasing":null,"duration":88},{"duration":15,"curve":[0,0,0.5,1]},{"tweenEasing":null,"duration":27,"color":{"aM":0}},{"tweenEasing":0,"duration":0,"color":{"aM":0}}],"name":"bk3"},{"frame":[{"tweenEasing":null,"duration":88},{"duration":15,"curve":[0,0,0.5,1]},{"tweenEasing":null,"duration":27,"color":{"aM":0}},{"tweenEasing":0,"duration":0,"color":{"aM":0}}],"name":"bk4"},{"frame":[{"tweenEasing":null,"duration":88},{"duration":15,"curve":[0,0,0.5,1]},{"tweenEasing":null,"duration":27,"color":{"aM":0}},{"tweenEasing":0,"duration":0,"color":{"aM":0}}],"name":"bk5"},{"frame":[{"tweenEasing":null,"duration":88},{"duration":15,"curve":[0,0,0.5,1]},{"tweenEasing":null,"duration":27,"color":{"aM":0}},{"tweenEasing":0,"duration":0,"color":{"aM":0}}],"name":"bk6"}],"ffd":[],"ik":[],"name":"4","playTimes":0}],"type":"Armature","frameRate":60,"bone":[{"name":"root","transform":{}},{"transform":{},"name":"bone","parent":"root"},{"transform":{"y":-58.2418,"x":14.2661},"name":"hs","parent":"bone"},{"transform":{"y":-45.3967,"x":9.3525},"name":"bone1","parent":"bone"},{"transform":{"y":-8.2,"x":-50.55},"name":"hs1","parent":"hs"},{"transform":{"y":-19.4281,"x":52.0401},"name":"hw","parent":"hs"},{"length":24,"transform":{"y":16.85,"skY":121.7547,"x":24.25,"skX":121.7547},"parent":"hs","name":"hz"},{"length":22,"transform":{"y":13.2,"skY":76.4211,"x":-21.35,"skX":76.4211},"parent":"hs","name":"qy"},{"length":22,"transform":{"y":14.8,"skY":101.7893,"x":-40.25,"skX":101.7893},"parent":"hs","name":"qz"},{"transform":{"y":9.05,"x":43.15},"name":"hs2","parent":"hs"},{"transform":{},"name":"bone2","parent":"bone1"},{"transform":{},"name":"bone3","parent":"bone1"},{"transform":{},"name":"bone4","parent":"bone1"},{"transform":{},"name":"bone5","parent":"bone1"},{"transform":{},"name":"bone6","parent":"bone1"},{"transform":{},"name":"bone7","parent":"bone1"}],"aabb":{"width":164.53436923523458,"y":-140.24994239526944,"height":149.17972629407976,"x":-73.81541877975357},"slot":[{"name":"hw","parent":"hw","color":{}},{"z":1,"name":"hz","parent":"hz","color":{}},{"z":2,"name":"qz","parent":"qz","color":{}},{"z":3,"name":"hs","parent":"hs","color":{}},{"z":4,"name":"ht","parent":"hs1","color":{}},{"z":5,"name":"hy","parent":"hs2","color":{}},{"z":6,"name":"qy","parent":"qy","color":{}},{"displayIndex":-1,"z":7,"name":"bk1","parent":"bone2","color":{}},{"displayIndex":-1,"z":8,"name":"bk2","parent":"bone3","color":{}},{"displayIndex":-1,"z":9,"name":"bk3","parent":"bone4","color":{}},{"displayIndex":-1,"z":10,"name":"bk4","parent":"bone5","color":{}},{"displayIndex":-1,"z":11,"name":"bk5","parent":"bone6","color":{}},{"displayIndex":-1,"z":12,"name":"bk6","parent":"bone7","color":{}}],"defaultActions":[{"gotoAndPlay":"1"}],"ik":[],"name":"laohu"}]}