{"width":512,"SubTexture":[{"width":142,"y":166,"height":69,"name":"sz","x":1},{"width":22,"y":130,"height":52,"name":"tzb","x":433},{"width":67,"y":197,"height":40,"name":"tzc","x":298},{"width":64,"y":1,"height":194,"name":"tza","x":298},{"width":22,"y":171,"height":52,"name":"tyb","x":367},{"width":67,"y":130,"height":39,"name":"tyc","x":364},{"width":68,"y":1,"height":127,"name":"tya","x":364},{"width":136,"y":1,"height":143,"name":"st","x":156},{"width":140,"y":146,"height":94,"name":"sy","x":156},{"width":153,"y":1,"height":163,"name":"ha","x":1}],"height":256,"name":"jiangshi","imagePath":"jiangshi_tex.png"}