{"frameRate":60,"isGlobal":0,"armature":[{"aabb":{"width":225.0017473987114,"y":-395.99999999999994,"height":406.4999999999999,"x":-70.9},"type":"Armature","bone":[{"name":"root","transform":{}},{"transform":{},"name":"bone","parent":"root"},{"length":54,"transform":{"y":-126.2,"skX":-89.3692,"skY":-89.3692,"x":-1.8},"parent":"bone","name":"st"},{"length":74,"transform":{"y":-19.5679,"skX":-168.8781,"skY":-168.8781,"x":19.6858},"parent":"st","name":"tya"},{"length":82,"transform":{"y":28.516,"skX":169.1111,"skY":169.1111,"x":21.4152},"parent":"st","name":"tza"},{"length":58,"transform":{"skX":-1.7541,"skY":-1.7541,"x":54.5033},"parent":"st","name":"st1"},{"length":81,"transform":{"y":3.5346,"skX":5.6483,"skY":5.6483,"x":60.3923},"parent":"st1","name":"ha"},{"length":71,"transform":{"y":24.2866,"skX":108.8099,"skY":108.8099,"x":42.3497},"parent":"st1","name":"sz"},{"length":37,"transform":{"y":-4.0932,"skX":-13.5855,"skY":-13.5855,"x":83.0064},"parent":"tya","name":"tyb"},{"length":73,"transform":{"y":-27.7289,"skX":115.6318,"skY":115.6318,"x":37.5008},"parent":"st1","name":"sy"},{"length":33,"transform":{"y":0.3445,"skX":9.2305,"skY":9.2305,"x":87.5379},"parent":"tza","name":"tzb"},{"length":31,"transform":{"y":-1.8786,"skX":-91.4849,"skY":-91.4849,"x":52.2868},"parent":"tyb","name":"tyc"},{"length":26,"transform":{"y":-1.4027,"skX":-86.4781,"skY":-86.4781,"x":52.8337},"parent":"tzb","name":"tzc"}],"defaultActions":[{"gotoAndPlay":"1"}],"slot":[{"color":{},"name":"sz","parent":"sz"},{"z":1,"color":{},"name":"tzb","parent":"tzb"},{"z":2,"color":{},"name":"tzc","parent":"tzc"},{"z":3,"color":{},"name":"tza","parent":"tza"},{"z":4,"color":{},"name":"tyb","parent":"tyb"},{"z":5,"color":{},"name":"tyc","parent":"tyc"},{"z":6,"color":{},"name":"tya","parent":"tya"},{"z":7,"color":{},"name":"st","parent":"st1"},{"z":8,"color":{},"name":"sy","parent":"sy"},{"z":9,"color":{},"name":"ha","parent":"ha"}],"ik":[],"animation":[{"ik":[],"duration":80,"frame":[],"bone":[{"frame":[{"duration":80,"transform":{}}],"name":"root"},{"frame":[{"duration":40,"transform":{},"tweenEasing":0},{"duration":40,"transform":{},"tweenEasing":0},{"duration":0,"transform":{}}],"name":"bone"},{"frame":[{"duration":40,"transform":{"y":3},"tweenEasing":0},{"duration":40,"transform":{},"tweenEasing":0},{"duration":0,"transform":{"y":3}}],"name":"st"},{"frame":[{"duration":40,"transform":{},"tweenEasing":0},{"duration":40,"transform":{"skX":-17.5007,"skY":-17.5007},"tweenEasing":0},{"duration":0,"transform":{}}],"name":"st1"},{"frame":[{"duration":40,"transform":{},"tweenEasing":0},{"duration":40,"transform":{"skX":-23.4924,"skY":-23.4924},"tweenEasing":0},{"duration":0,"transform":{}}],"name":"ha"},{"frame":[{"duration":40,"transform":{},"tweenEasing":0},{"duration":40,"transform":{"skX":24.3891,"skY":24.3891},"tweenEasing":0},{"duration":0,"transform":{}}],"name":"sy"},{"frame":[{"duration":40,"transform":{},"tweenEasing":0},{"duration":40,"transform":{"skX":24.3891,"skY":24.3891},"tweenEasing":0},{"duration":0,"transform":{}}],"name":"sz"},{"frame":[{"duration":40,"transform":{},"tweenEasing":0},{"duration":40,"transform":{"y":6.9666,"x":3.0769},"tweenEasing":0},{"duration":0,"transform":{}}],"name":"tya"},{"frame":[{"duration":40,"transform":{},"tweenEasing":0},{"duration":40,"transform":{"skX":10.1396,"skY":10.1396},"tweenEasing":0},{"duration":0,"transform":{}}],"name":"tyb"},{"frame":[{"duration":40,"transform":{},"tweenEasing":0},{"duration":40,"transform":{},"tweenEasing":0},{"duration":0,"transform":{}}],"name":"tyc"},{"frame":[{"duration":40,"transform":{"skX":-6.2251,"skY":-6.2251},"tweenEasing":0},{"duration":40,"transform":{},"tweenEasing":0},{"duration":0,"transform":{"skX":-6.2251,"skY":-6.2251}}],"name":"tza"},{"frame":[{"duration":40,"transform":{"skX":6.997,"skY":6.997},"tweenEasing":0},{"duration":40,"transform":{},"tweenEasing":0},{"duration":0,"transform":{"skX":6.997,"skY":6.997}}],"name":"tzb"},{"frame":[{"duration":40,"transform":{},"tweenEasing":0},{"duration":40,"transform":{},"tweenEasing":0},{"duration":0,"transform":{}}],"name":"tzc"}],"slot":[],"ffd":[],"playTimes":0,"name":"1"},{"ik":[],"duration":100,"frame":[],"bone":[{"frame":[{"duration":100,"transform":{}}],"name":"root"},{"frame":[{"duration":30,"transform":{},"tweenEasing":0},{"duration":20,"transform":{},"tweenEasing":0},{"duration":30,"transform":{},"tweenEasing":0},{"duration":20,"transform":{},"tweenEasing":0},{"duration":0,"transform":{}}],"name":"bone"},{"frame":[{"duration":30,"transform":{},"tweenEasing":0},{"duration":17,"transform":{"y":-23.8362,"skX":-49.2303,"skY":-49.2303,"x":0.3792},"tweenEasing":0},{"duration":3,"transform":{"y":-3.5754,"skX":12.0599,"skY":12.0599,"x":0.0569},"tweenEasing":0},{"duration":30,"transform":{},"tweenEasing":0},{"duration":17,"transform":{"y":-3.4882,"skX":-49.2303,"skY":-49.2303,"x":53.5063},"tweenEasing":0},{"duration":3,"transform":{"y":-0.5232,"skX":-0.4046,"skY":-0.4046,"x":8.0259},"tweenEasing":0},{"duration":0,"transform":{}}],"name":"st"},{"frame":[{"duration":30,"transform":{},"tweenEasing":0},{"duration":20,"transform":{"skX":40.0298,"skY":40.0298},"tweenEasing":0},{"duration":30,"transform":{},"tweenEasing":0},{"duration":20,"transform":{"skX":-59.597,"skY":-59.597},"tweenEasing":0},{"duration":0,"transform":{}}],"name":"tya"},{"frame":[{"duration":30,"transform":{},"tweenEasing":0},{"duration":20,"transform":{"skX":-25.9213,"skY":-25.9213},"tweenEasing":0},{"duration":30,"transform":{},"tweenEasing":0},{"duration":20,"transform":{"y":-6.751,"skX":62.4674,"skY":62.4674,"x":-5.9519},"tweenEasing":0},{"duration":0,"transform":{}}],"name":"tza"},{"frame":[{"duration":30,"transform":{"skX":22.694,"skY":22.694},"tweenEasing":0},{"duration":20,"transform":{"skX":-12.8714,"skY":-12.8714},"tweenEasing":0},{"duration":30,"transform":{},"tweenEasing":0},{"duration":20,"transform":{"skX":-13.2681,"skY":-13.2681},"tweenEasing":0},{"duration":0,"transform":{"skX":22.694,"skY":22.694}}],"name":"st1"},{"frame":[{"duration":30,"transform":{"skX":-30.1157,"skY":-30.1157},"tweenEasing":0},{"duration":20,"transform":{"skX":-31.3489,"skY":-31.3489},"tweenEasing":0},{"duration":30,"transform":{},"tweenEasing":0},{"duration":20,"transform":{"skX":-31.3489,"skY":-31.3489},"tweenEasing":0},{"duration":0,"transform":{"skX":-30.1157,"skY":-30.1157}}],"name":"ha"},{"frame":[{"duration":30,"transform":{"skX":-30.1157,"skY":-30.1157},"tweenEasing":0},{"duration":20,"transform":{"skX":28.8248,"skY":28.8248},"tweenEasing":0},{"duration":30,"transform":{},"tweenEasing":0},{"duration":20,"transform":{"skX":28.8248,"skY":28.8248},"tweenEasing":0},{"duration":0,"transform":{"skX":-30.1157,"skY":-30.1157}}],"name":"sz"},{"frame":[{"duration":30,"transform":{},"tweenEasing":0},{"duration":20,"transform":{"skX":14.4236,"skY":14.4236},"tweenEasing":0},{"duration":30,"transform":{},"tweenEasing":0},{"duration":20,"transform":{"skX":15.8588,"skY":15.8588},"tweenEasing":0},{"duration":0,"transform":{}}],"name":"tyb"},{"frame":[{"duration":30,"transform":{"skX":-30.1157,"skY":-30.1157},"tweenEasing":0},{"duration":20,"transform":{"skX":19.7394,"skY":19.7394},"tweenEasing":0},{"duration":30,"transform":{},"tweenEasing":0},{"duration":20,"transform":{"skX":19.7394,"skY":19.7394},"tweenEasing":0},{"duration":0,"transform":{"skX":-30.1157,"skY":-30.1157}}],"name":"sy"},{"frame":[{"duration":30,"transform":{},"tweenEasing":0},{"duration":20,"transform":{},"tweenEasing":0},{"duration":30,"transform":{},"tweenEasing":0},{"duration":20,"transform":{"skX":-6.1087,"skY":-6.1087},"tweenEasing":0},{"duration":0,"transform":{}}],"name":"tzb"},{"frame":[{"duration":30,"transform":{},"tweenEasing":0},{"duration":20,"transform":{},"tweenEasing":0},{"duration":30,"transform":{},"tweenEasing":0},{"duration":20,"transform":{},"tweenEasing":0},{"duration":0,"transform":{}}],"name":"tyc"},{"frame":[{"duration":30,"transform":{},"tweenEasing":0},{"duration":20,"transform":{},"tweenEasing":0},{"duration":30,"transform":{},"tweenEasing":0},{"duration":20,"transform":{},"tweenEasing":0},{"duration":0,"transform":{}}],"name":"tzc"}],"slot":[],"ffd":[],"playTimes":0,"name":"2"}],"frameRate":60,"name":"jiangshi","skin":[{"name":"","slot":[{"display":[{"path":"tzb","type":"image","name":"tzb","transform":{"y":2.0692,"skX":-88.9724,"skY":-88.9724,"x":20.5662}}],"name":"tzb"},{"display":[{"width":136,"slotPose":[1,-3.469446951953614e-18,3.469446951953614e-18,1,-2.500000000000001,-197.5],"vertices":[-68,-71.5,-68,-3,-68,71.5,-1.9,71.5,68,71.5,68,2.3,68,-71.5,-1.3,-71.5],"path":"st","edges":[0,1,1,2,2,3,3,4,4,5,5,6,6,7,7,0],"name":"st","type":"mesh","triangles":[1,3,5,7,1,5,7,5,6,5,3,4,0,1,7,1,2,3],"bonePose":[2,0.011008507206040073,-0.9999394045486429,0.9999394045486429,0.011008507206040073,-1.8,-147.2,5,-0.01960407493444545,-0.9998078216567245,0.9998078216567245,-0.01960407493444545,-1.2000000000000002,-201.7],"uvs":[0,0,0,0.47902,0,1,0.48603,1,1,1,1,0.51608,1,0,0.49044,0],"weights":[2,2,0.33490821798899717,5,0.6650917820110029,2,2,0.5001992629023209,5,0.4998007370976792,2,2,0.6708002937184875,5,0.32919970628151257,2,2,0.9263829025017226,5,0.07361709749827731,2,2,0.6715467825474284,5,0.32845321745257167,2,2,0.5018571336748442,5,0.49814286632515586,2,2,0.3413468666242578,5,0.6586531333757423,2,2,0.018930427960016753,5,0.9810695720399834],"userEdges":[],"height":143,"transform":{"y":-1.3821,"skX":91.1233,"skY":91.1233,"x":-4.1737}}],"name":"st"},{"display":[{"path":"sz","type":"image","name":"sz","transform":{"y":4.3311,"skX":-17.6866,"skY":-17.6866,"x":65.25}}],"name":"sz"},{"display":[{"path":"tza","type":"image","name":"tza","transform":{"y":-0.8667,"skX":-79.7419,"skY":-79.7419,"x":26.376}}],"name":"tza"},{"display":[{"path":"tya","type":"image","name":"tya","transform":{"y":-0.0948,"skX":-101.7527,"skY":-101.7527,"x":41.4497}}],"name":"tya"},{"display":[{"path":"ha","type":"image","name":"ha","transform":{"y":3.534,"skX":85.475,"skY":85.475,"x":73.859}}],"name":"ha"},{"display":[{"path":"tyc","type":"image","name":"tyc","transform":{"y":1.5148,"skX":3.3178,"skY":3.3178,"x":20.9474}}],"name":"tyc"},{"display":[{"path":"tzc","type":"image","name":"tzc","transform":{"y":-1.893,"skX":-2.4943,"skY":-2.4943,"x":15.8827}}],"name":"tzc"},{"display":[{"path":"tyb","type":"image","name":"tyb","transform":{"y":1.1374,"skX":-88.1672,"skY":-88.1672,"x":21.4746}}],"name":"tyb"},{"display":[{"path":"sy","type":"image","name":"sy","transform":{"y":8.1277,"skX":-24.5084,"skY":-24.5084,"x":69.317}}],"name":"sy"}]}]}],"name":"jiangshi","version":"5.0"}