{"frameRate":60,"isGlobal":0,"name":"biaoti","version":"5.0","armature":[{"skin":[{"name":"","slot":[{"display":[{"path":"bai","type":"image","name":"bai","transform":{"y":2.9096,"x":-2.7391}}],"name":"bai"},{"display":[{"path":"gongxi","type":"image","name":"gongxi","transform":{"y":-0.8019,"x":6.0077}}],"name":"gongxi"},{"display":[{"path":"hua","type":"image","name":"hua","transform":{"y":-0.6973,"x":10.2051}}],"name":"hua"},{"display":[{"path":"shi","type":"image","name":"shi","transform":{"y":-1.3777,"x":-9.839}}],"name":"shi"},{"display":[{"path":"shi1","type":"image","name":"shi1","transform":{"y":-27.7719,"x":-108.2793}}],"name":"shi1"},{"display":[{"path":"bai1","type":"image","name":"bai1","transform":{"y":-24.895,"x":115.5679}}],"name":"bai1"},{"display":[{"path":"fu","type":"image","name":"fu","transform":{"y":17.5098,"x":-10.8557}}],"name":"fu"}]}],"animation":[{"frame":[],"duration":52,"bone":[{"frame":[{"duration":52,"transform":{}}],"name":"root"},{"frame":[{"duration":52,"transform":{}}],"name":"bone"},{"frame":[{"tweenEasing":0,"duration":10,"transform":{"scX":0.01}},{"tweenEasing":0,"duration":4,"transform":{"scX":1.2}},{"tweenEasing":0,"duration":3,"transform":{"scX":0.9}},{"duration":35,"transform":{}}],"name":"fu"},{"frame":[{"duration":23,"transform":{}},{"tweenEasing":0,"duration":13,"transform":{"y":4.4311,"x":9.1966,"scX":0.01,"scY":-0.2}},{"duration":16,"curve":[0,0,0.5,1],"transform":{"y":-111.8224,"x":13.2933,"scX":0.6362,"scY":0.5994}},{"duration":0,"transform":{"y":7.1949,"x":13.2933,"scX":0.95}}],"name":"hua"},{"frame":[{"duration":52,"transform":{}}],"name":"shi1"},{"frame":[{"duration":52,"transform":{}}],"name":"bai1"},{"frame":[{"duration":52,"transform":{}}],"name":"shi"},{"frame":[{"duration":52,"transform":{}}],"name":"bai"},{"frame":[{"duration":17,"transform":{}},{"tweenEasing":0,"duration":9,"transform":{"y":-545.8805}},{"tweenEasing":0,"duration":4,"transform":{"y":12.6186,"skY":-7.5803,"skX":-7.5803}},{"tweenEasing":0,"duration":3,"transform":{"y":-7.4467,"skY":3.218,"skX":3.218}},{"duration":19,"transform":{"y":2.586,"skY":3.5288,"skX":3.5288}}],"name":"gongxi"}],"slot":[{"frame":[{"tweenEasing":null,"displayIndex":-1,"duration":23},{"tweenEasing":null,"duration":29}],"name":"hua"},{"frame":[{"tweenEasing":null,"displayIndex":-1,"duration":17},{"tweenEasing":null,"duration":35}],"name":"gongxi"},{"frame":[{"tweenEasing":null,"duration":52}],"name":"fu"}],"ffd":[],"ik":[],"name":"shengli","playTimes":0},{"frame":[],"duration":45,"bone":[{"frame":[{"duration":45,"transform":{}},{"duration":0,"transform":{}}],"name":"root"},{"frame":[{"duration":45,"transform":{}},{"duration":0,"transform":{}}],"name":"bone"},{"frame":[{"duration":45,"transform":{}},{"duration":0,"transform":{}}],"name":"fu"},{"frame":[{"duration":45,"transform":{}},{"duration":0,"transform":{}}],"name":"hua"},{"frame":[{"tweenEasing":0,"duration":36,"transform":{}},{"tweenEasing":0,"duration":4,"transform":{}},{"tweenEasing":0,"duration":3,"transform":{"skY":-8.9398,"skX":-8.9398}},{"tweenEasing":0,"duration":2,"transform":{"skY":-8.9398,"skX":-8.9398}},{"duration":0,"transform":{"y":19.5919,"skY":-9.9256,"x":-0.7418,"skX":-9.9256}}],"name":"shi1"},{"frame":[{"duration":16,"transform":{}},{"tweenEasing":0,"duration":26,"transform":{}},{"tweenEasing":0,"duration":3,"transform":{}},{"duration":0,"transform":{"skY":7.3576,"skX":7.3576}}],"name":"bai1"},{"frame":[{"duration":36,"curve":[0.5,0,1,1],"transform":{"y":-509.5094}},{"tweenEasing":0,"duration":4,"transform":{"y":-1.4443}},{"tweenEasing":0,"duration":3,"transform":{"y":1.9995,"skY":-13.1602,"x":-3.729,"skX":-13.1602}},{"tweenEasing":0,"duration":2,"transform":{"y":1.9995,"skY":-13.1602,"x":-3.729,"skX":-13.1602}},{"duration":0,"transform":{"y":22.8192,"skY":-14.1461,"x":-5.2219,"skX":-14.1461}}],"name":"shi"},{"frame":[{"duration":16,"transform":{}},{"duration":26,"curve":[0.5,0,1,1],"transform":{"y":-509.5094}},{"tweenEasing":0,"duration":3,"transform":{"y":-1.4443}},{"duration":0,"transform":{"y":6.7649,"skY":11.8438,"x":1.9742,"skX":11.8438}}],"name":"bai"},{"frame":[{"duration":45,"transform":{}},{"duration":0,"transform":{}}],"name":"gongxi"}],"slot":[{"frame":[{"tweenEasing":null,"duration":43},{"duration":2,"curve":[0,0,0.5,1]},{"tweenEasing":null,"duration":0}],"name":"shi1"},{"frame":[{"tweenEasing":null,"duration":43},{"duration":2,"curve":[0,0,0.5,1]},{"tweenEasing":null,"duration":0}],"name":"shi"},{"frame":[{"tweenEasing":null,"duration":45},{"tweenEasing":null,"duration":0}],"name":"bai1"},{"frame":[{"tweenEasing":null,"displayIndex":-1,"duration":16},{"tweenEasing":null,"duration":29},{"tweenEasing":null,"duration":0}],"name":"bai"}],"ffd":[],"ik":[],"name":"shibai","playTimes":0}],"type":"Armature","frameRate":60,"bone":[{"name":"root","transform":{}},{"transform":{"x":-19.2632},"name":"bone","parent":"root"},{"transform":{"y":-99.3,"x":26.1},"name":"fu","parent":"bone"},{"transform":{"y":-80.0688,"x":1.75},"name":"hua","parent":"bone"},{"transform":{"y":-45.5161,"skY":4.4153,"x":11.9295,"skX":4.4153},"name":"shi1","parent":"bone"},{"transform":{"y":-45.5197,"skY":-6.5474,"x":9.3265,"skX":-6.5474},"name":"bai1","parent":"bone"},{"transform":{"y":-94.3563,"skY":8.8457,"x":-36.2506,"skX":8.8457},"name":"shi","parent":"bone"},{"transform":{"y":-101.9774,"skY":-11.3051,"x":82.9945,"skX":-11.3051},"name":"bai","parent":"bone"},{"transform":{"y":-105.855,"x":14.4458},"name":"gongxi","parent":"bone"}],"aabb":{"width":0,"y":0,"height":0,"x":0},"slot":[{"displayIndex":-1,"name":"hua","parent":"hua","color":{}},{"displayIndex":-1,"z":1,"name":"fu","parent":"fu","color":{}},{"displayIndex":-1,"z":2,"name":"shi1","parent":"shi1","color":{}},{"displayIndex":-1,"z":3,"name":"shi","parent":"shi","color":{}},{"displayIndex":-1,"z":4,"name":"bai1","parent":"bai1","color":{}},{"displayIndex":-1,"z":5,"name":"bai","parent":"bai","color":{}},{"displayIndex":-1,"z":6,"name":"gongxi","parent":"gongxi","color":{}}],"defaultActions":[{"gotoAndPlay":"shengli"}],"ik":[],"name":"biaoti"}]}