{"frameRate":60,"isGlobal":0,"name":"xiaohai1","version":"5.0","armature":[{"aabb":{"width":87.26014644832463,"y":-108.4688129233111,"height":109.61516799934395,"x":-43.3110255673025},"skin":[{"name":"","slot":[{"display":[{"path":"zs","type":"image","name":"zs","transform":{"skY":-13.4992,"y":3.1439,"skX":-13.4992,"x":21.8657}}],"name":"zs"},{"display":[{"path":"jitui","type":"image","name":"jitui","transform":{"skY":33.4399,"y":0.6422,"scX":0.5,"scY":0.5,"skX":33.4399,"x":21.1601}}],"name":"jitui"},{"display":[{"path":"st","type":"image","name":"st","transform":{"skY":88.3789,"y":-8.2629,"skX":88.3789,"x":9.7995}}],"name":"st"},{"display":[{"path":"ys","type":"image","name":"ys","transform":{"skY":-50.8207,"y":-9.5644,"skX":-50.8207,"x":17.8028}}],"name":"ys"},{"display":[{"path":"tou","type":"image","name":"tou","transform":{"skY":64.6693,"y":-2.103,"skX":64.6693,"x":22.7302}}],"name":"tou"}]}],"animation":[{"frame":[],"duration":40,"bone":[{"frame":[{"duration":40,"transform":{}}],"name":"root"},{"frame":[{"duration":40,"transform":{}}],"name":"bone"},{"frame":[{"tweenEasing":0,"duration":20,"transform":{}},{"tweenEasing":0,"duration":20,"transform":{}},{"duration":0,"transform":{}}],"name":"st"},{"frame":[{"tweenEasing":0,"duration":20,"transform":{"skY":3.7741,"skX":3.7741}},{"tweenEasing":0,"duration":20,"transform":{"skY":-3.6621,"skX":-3.6621}},{"duration":0,"transform":{"skY":3.7741,"skX":3.7741}}],"name":"tou"},{"frame":[{"tweenEasing":0,"duration":20,"transform":{"skY":6.7129,"skX":6.7129}},{"tweenEasing":0,"duration":20,"transform":{"skY":-11.0789,"skX":-11.0789}},{"duration":0,"transform":{"skY":6.7129,"skX":6.7129}}],"name":"ys"},{"frame":[{"tweenEasing":0,"duration":20,"transform":{"skY":-5.412,"skX":-5.412}},{"tweenEasing":0,"duration":20,"transform":{"skY":8.2985,"skX":8.2985}},{"duration":0,"transform":{"skY":-5.412,"skX":-5.412}}],"name":"zs"},{"frame":[{"duration":40,"transform":{}}],"name":"bone1"}],"ik":[],"slot":[],"ffd":[],"name":"1","playTimes":0},{"frame":[],"duration":40,"bone":[{"frame":[{"duration":40,"transform":{}}],"name":"root"},{"frame":[{"duration":40,"transform":{}}],"name":"bone"},{"frame":[{"tweenEasing":0,"duration":20,"transform":{}},{"tweenEasing":0,"duration":20,"transform":{}},{"duration":0,"transform":{}}],"name":"st"},{"frame":[{"tweenEasing":0,"duration":20,"transform":{"skY":3.7741,"skX":3.7741}},{"tweenEasing":0,"duration":2,"transform":{"skY":-10.9873,"skX":-10.9873}},{"tweenEasing":0,"duration":18,"transform":{"skY":14.0811,"skX":14.0811}},{"duration":0,"transform":{"skY":3.7741,"skX":3.7741}}],"name":"tou"},{"frame":[{"tweenEasing":0,"duration":20,"transform":{"skY":6.7129,"skX":6.7129}},{"tweenEasing":0,"duration":2,"transform":{"skY":-11.0789,"skX":-11.0789}},{"tweenEasing":0,"duration":18,"transform":{"skY":13.8776,"skX":13.8776}},{"duration":0,"transform":{"skY":6.7129,"skX":6.7129}}],"name":"ys"},{"frame":[{"tweenEasing":0,"duration":20,"transform":{"skY":-5.412,"skX":-5.412}},{"tweenEasing":0,"duration":2,"transform":{"skY":-91.7106,"skX":-91.7106}},{"tweenEasing":0,"duration":18,"transform":{"skY":62.9216,"skX":62.9216}},{"duration":0,"transform":{"skY":-5.412,"skX":-5.412}}],"name":"zs"},{"frame":[{"duration":40,"transform":{}}],"name":"bone1"}],"ik":[],"slot":[],"ffd":[],"name":"2","playTimes":0},{"frame":[],"duration":40,"bone":[{"frame":[{"duration":40,"transform":{}}],"name":"root"},{"frame":[{"duration":40,"transform":{}}],"name":"bone"},{"frame":[{"tweenEasing":0,"duration":20,"transform":{}},{"tweenEasing":0,"duration":20,"transform":{}},{"duration":0,"transform":{}}],"name":"st"},{"frame":[{"tweenEasing":0,"duration":20,"transform":{"skY":3.7741,"skX":3.7741}},{"tweenEasing":0,"duration":20,"transform":{"skY":-3.6621,"skX":-3.6621}},{"duration":0,"transform":{"skY":3.7741,"skX":3.7741}}],"name":"tou"},{"frame":[{"tweenEasing":0,"duration":20,"transform":{"skY":31.928,"y":-3.1784,"skX":31.928,"x":-0.2094}},{"tweenEasing":0,"duration":20,"transform":{"skY":28.2405,"y":-3.1784,"skX":28.2405,"x":-0.2094}},{"duration":0,"transform":{"skY":31.928,"y":-3.1784,"skX":31.928,"x":-0.2094}}],"name":"ys"},{"frame":[{"duration":40,"transform":{"skY":69.2104,"skX":69.2104}}],"name":"zs"},{"frame":[{"tweenEasing":0,"duration":20,"transform":{"skY":-86.0961,"y":-0.3979,"skX":-86.0961,"x":1.9194}},{"tweenEasing":0,"duration":20,"transform":{"skY":-87.8797,"y":-0.3979,"skX":-87.8797,"x":1.9194}},{"duration":0,"transform":{"skY":-86.0961,"y":-0.3979,"skX":-86.0961,"x":1.9194}}],"name":"bone1"}],"ik":[],"slot":[{"frame":[{"tweenEasing":null,"duration":40}],"name":"jitui"}],"ffd":[],"name":"3","playTimes":0}],"type":"Armature","name":"xiaohai1","bone":[{"name":"root","transform":{}},{"transform":{},"name":"bone","parent":"root"},{"length":15,"transform":{"skY":-88.3789,"y":-20.8243,"skX":-88.3789,"x":-11.3286},"parent":"root","name":"st"},{"length":17,"transform":{"skY":23.7096,"y":4.3813,"skX":23.7096,"x":37.8391},"parent":"st","name":"tou"},{"length":14,"transform":{"skY":139.1996,"y":2.5424,"skX":139.1996,"x":28.5834},"parent":"st","name":"ys"},{"length":32,"transform":{"skY":101.878,"y":10.939,"skX":101.878,"x":28.821},"parent":"st","name":"zs"},{"length":15,"transform":{"skY":-84.2606,"y":-19.8729,"skX":-84.2606,"x":32.4867},"parent":"ys","name":"bone1"}],"ik":[],"slot":[{"name":"zs","parent":"zs","color":{}},{"z":1,"name":"st","parent":"st","color":{}},{"z":2,"name":"ys","parent":"ys","color":{}},{"z":3,"name":"tou","parent":"tou","color":{}},{"displayIndex":-1,"z":4,"name":"jitui","parent":"bone1","color":{}}],"frameRate":60,"defaultActions":[{"gotoAndPlay":"1"}]}]}