{"frameRate":60,"isGlobal":0,"name":"4D","version":"5.0","armature":[{"skin":[{"name":"","slot":[{"display":[{"path":"zm","type":"image","name":"zm","transform":{"skY":90,"y":3.261,"skX":90,"x":85.3187}}],"name":"zm"},{"display":[{"path":"st","type":"image","name":"st","transform":{"skY":90.8405,"y":2.8377,"skX":90.8405,"x":36.7268}}],"name":"st"},{"display":[{"path":"www","type":"image","name":"www","transform":{"skY":35.5041,"y":9.5879,"skX":35.5041,"x":-17.4222}}],"name":"www"},{"display":[{"path":"ha","type":"image","name":"ha","transform":{"skY":90.3796,"y":-2.5468,"skX":90.3796,"x":55.5686}}],"name":"ha"},{"display":[{"path":"sy2","type":"image","name":"sy2","transform":{"skY":-127.5826,"y":-0.9987,"skX":-127.5826,"x":9.7195}}],"name":"sy2"},{"display":[{"path":"sy3","type":"image","name":"sy3","transform":{"skY":-130.2143,"y":1.0409,"skX":-130.2143,"x":8.8004}}],"name":"sy3"},{"display":[{"path":"hb","type":"image","name":"hb","transform":{"skY":-84.1081,"y":-4.8577,"skX":-84.1081,"x":44.4466}}],"name":"hb"},{"display":[{"path":"sy1","type":"image","name":"sy1","transform":{"skY":-125.3611,"y":1.9646,"skX":-125.3611,"x":28.5963}}],"name":"sy1"},{"display":[{"path":"s2","type":"image","name":"s2","transform":{"skY":82.2764,"y":1.0404,"skX":82.2764,"x":11.9279}}],"name":"s2"},{"display":[{"path":"s1","type":"image","name":"s1","transform":{"skY":68.7209,"y":0.5791,"skX":68.7209,"x":24.3081}}],"name":"s1"}]}],"animation":[{"frame":[],"duration":80,"bone":[{"frame":[{"duration":80,"transform":{}}],"name":"root"},{"frame":[{"duration":80,"transform":{}}],"name":"bone"},{"frame":[{"tweenEasing":0,"duration":80,"transform":{}},{"duration":0,"transform":{}}],"name":"zm"},{"frame":[{"tweenEasing":0,"duration":40,"transform":{}},{"tweenEasing":0,"duration":40,"transform":{"scX":1.05,"scY":1.05}},{"duration":0,"transform":{}}],"name":"st"},{"frame":[{"tweenEasing":0,"duration":40,"transform":{}},{"tweenEasing":0,"duration":9,"transform":{"skY":11.1953,"y":-0.1525,"scX":0.95,"scY":0.95,"skX":11.1953,"x":-10.3962}},{"tweenEasing":0,"duration":31,"transform":{"skY":13.7142,"y":-0.1182,"scX":0.9612,"scY":0.9612,"skX":13.7142,"x":-8.0571}},{"duration":0,"transform":{}}],"name":"ha"},{"frame":[{"tweenEasing":0,"duration":44,"transform":{}},{"tweenEasing":0,"duration":36,"transform":{"skY":-4.0625,"skX":-4.0625}},{"duration":0,"transform":{}}],"name":"hb"},{"frame":[{"tweenEasing":0,"duration":39,"transform":{}},{"tweenEasing":0,"duration":1,"transform":{"skY":6.3504,"scX":0.9512,"scY":0.9512,"skX":6.3504}},{"tweenEasing":0,"duration":40,"transform":{"skY":6.1956,"scX":0.95,"scY":0.95,"skX":6.1956}},{"duration":0,"transform":{}}],"name":"s1"},{"frame":[{"tweenEasing":0,"duration":39,"transform":{}},{"tweenEasing":0,"duration":41,"transform":{"skY":-14.1297,"skX":-14.1297}},{"duration":0,"transform":{}}],"name":"s2"},{"frame":[{"duration":80,"transform":{}}],"name":"sy1"},{"frame":[{"duration":80,"transform":{}}],"name":"sy2"},{"frame":[{"duration":80,"transform":{}}],"name":"sy3"},{"frame":[{"duration":80,"transform":{}}],"name":"www"}],"slot":[],"ffd":[],"ik":[],"name":"daiji","playTimes":0},{"frame":[],"duration":40,"bone":[{"frame":[{"duration":40,"transform":{}}],"name":"root"},{"frame":[{"duration":40,"transform":{}}],"name":"bone"},{"frame":[{"duration":40,"transform":{}}],"name":"zm"},{"frame":[{"duration":40,"transform":{}}],"name":"st"},{"frame":[{"duration":40,"transform":{}}],"name":"ha"},{"frame":[{"duration":40,"transform":{}}],"name":"s1"},{"frame":[{"tweenEasing":0,"duration":40,"transform":{}},{"duration":0,"transform":{"skY":50.1535,"skX":50.1535}}],"name":"sy1"},{"frame":[{"duration":40,"transform":{}}],"name":"sy2"},{"frame":[{"duration":40,"transform":{}}],"name":"s2"},{"frame":[{"duration":40,"transform":{}}],"name":"hb"},{"frame":[{"duration":40,"transform":{}}],"name":"sy3"},{"frame":[{"tweenEasing":0,"duration":5,"transform":{"scX":0.01,"scY":0.01}},{"tweenEasing":0,"duration":3,"transform":{"scX":1.2,"scY":1.2}},{"tweenEasing":0,"duration":4,"transform":{"scX":0.9,"scY":0.9}},{"duration":28,"transform":{}}],"name":"www"}],"slot":[{"frame":[{"tweenEasing":null,"duration":40}],"name":"www"}],"ffd":[],"ik":[],"name":"2","playTimes":0}],"type":"Armature","name":"4D","bone":[{"name":"root","transform":{}},{"length":29,"transform":{"skY":-35.5041,"y":-285.35,"skX":-35.5041,"x":68.8436},"parent":"root","name":"www"},{"transform":{},"name":"bone","parent":"root"},{"length":45,"transform":{"skY":-90,"y":-3.8,"skX":-90,"x":-1.25},"parent":"bone","name":"zm"},{"length":40,"transform":{"skY":-0.8405,"y":4.4,"skX":-0.8405,"x":172.9},"parent":"zm","name":"st"},{"length":51,"transform":{"skY":22.1195,"y":-53.8594,"skX":22.1195,"x":13.3915},"parent":"st","name":"s1"},{"length":98,"transform":{"skY":0.4608,"y":6.8707,"skX":0.4608,"x":79.7578},"parent":"st","name":"ha"},{"length":56,"transform":{"skY":-85.8821,"y":45.6865,"skX":-85.8821,"x":-2.5499},"parent":"st","name":"sy1"},{"length":24,"transform":{"skY":2.2215,"skX":2.2215,"x":56.5896},"parent":"sy1","name":"sy2"},{"length":55,"transform":{"skY":174.4878,"y":-23.4388,"skX":174.4878,"x":58.8346},"parent":"ha","name":"hb"},{"length":27,"transform":{"skY":-13.5555,"y":-4.3584,"skX":-13.5555,"x":59.6876},"parent":"s1","name":"s2"},{"length":15,"transform":{"skY":2.6317,"y":1.5221,"skX":2.6317,"x":21.5506},"parent":"sy2","name":"sy3"}],"aabb":{"width":294,"y":-380.600498696528,"height":382.4817567196345,"x":-144.98899688245007},"slot":[{"name":"hb","parent":"hb","color":{}},{"z":1,"name":"st","parent":"st","color":{}},{"z":2,"name":"ha","parent":"ha","color":{}},{"z":3,"name":"s2","parent":"s2","color":{}},{"z":4,"name":"s1","parent":"s1","color":{}},{"z":5,"name":"sy3","parent":"sy3","color":{}},{"z":6,"name":"sy2","parent":"sy2","color":{}},{"z":7,"name":"sy1","parent":"sy1","color":{}},{"z":8,"name":"zm","parent":"zm","color":{}},{"displayIndex":-1,"z":9,"name":"www","parent":"www","color":{}}],"ik":[],"frameRate":60,"defaultActions":[{"gotoAndPlay":"daiji"}]}]}