{"width":512,"imagePath":"4D_tex.png","height":512,"name":"4D","SubTexture":[{"width":168,"y":1,"height":169,"name":"hb","x":229},{"width":101,"y":1,"height":102,"name":"st","x":399},{"width":131,"y":172,"height":137,"name":"ha","x":229},{"width":42,"y":105,"height":54,"name":"s2","x":461},{"width":41,"y":311,"height":77,"name":"s1","x":1},{"width":39,"y":185,"height":42,"name":"sy3","x":1},{"width":39,"y":229,"height":37,"name":"sy2","x":1},{"width":60,"y":105,"height":63,"name":"sy1","x":399},{"frameY":0,"y":1,"frameWidth":294,"frameX":-34,"frameHeight":182,"width":226,"height":182,"name":"zm","x":1},{"width":115,"y":172,"height":149,"name":"www","x":362}]}