{"frameRate":60,"isGlobal":0,"name":"gongjiao1","version":"5.0","armature":[{"defaultActions":[{"gotoAndPlay":"1"}],"skin":[{"name":"","slot":[{"display":[{"path":"st","type":"image","name":"st","transform":{"skY":90,"y":2.2617,"skX":90,"x":25.5386}}],"name":"st"},{"display":[{"path":"ys","type":"image","name":"ys","transform":{"skY":-121.4675,"y":-6.8568,"skX":-121.4675,"x":31.223}}],"name":"ys"},{"display":[{"path":"st1","type":"image","name":"st1","transform":{"skY":-161.6355,"y":-29.7341,"skX":-161.6355,"x":44.9946}}],"name":"st1"},{"display":[{"path":"tou","type":"image","name":"tou","transform":{"skY":106.2108,"y":11.4297,"skX":106.2108,"x":43.7269}}],"name":"tou"},{"display":[{"path":"zs","type":"image","name":"zs","transform":{"skY":-90,"y":63.9563,"skX":-90,"x":26.5006}}],"name":"zs"}]}],"animation":[{"frame":[],"duration":80,"ik":[],"bone":[{"frame":[{"duration":80,"transform":{}}],"name":"root"},{"frame":[{"duration":80,"transform":{}}],"name":"bone"},{"frame":[{"tweenEasing":0,"duration":20,"transform":{}},{"tweenEasing":0,"duration":40,"transform":{}},{"tweenEasing":0,"duration":20,"transform":{}},{"duration":0,"transform":{}}],"name":"st"},{"frame":[{"tweenEasing":0,"duration":20,"transform":{}},{"tweenEasing":0,"duration":40,"transform":{"skY":-5.2505,"skX":-5.2505}},{"tweenEasing":0,"duration":20,"transform":{"skY":-3.6767,"skX":-3.6767}},{"duration":0,"transform":{}}],"name":"tou"},{"frame":[{"tweenEasing":0,"duration":20,"transform":{}},{"tweenEasing":0,"duration":40,"transform":{"skY":-4.4169,"skX":-4.4169}},{"tweenEasing":0,"duration":20,"transform":{"skY":3.558,"skX":3.558}},{"duration":0,"transform":{}}],"name":"zs"},{"frame":[{"duration":80,"transform":{}}],"name":"st1"},{"frame":[{"duration":80,"transform":{}}],"name":"ys"}],"slot":[],"ffd":[],"name":"1","playTimes":0}],"type":"Armature","frameRate":60,"ik":[],"bone":[{"name":"root","transform":{}},{"transform":{},"name":"bone","parent":"root"},{"length":39,"transform":{"skY":-90,"y":-112.5665,"skX":-90,"x":3.8288},"parent":"bone","name":"st"},{"length":37,"transform":{"skY":-16.2108,"y":1.45,"skX":-16.2108,"x":60},"parent":"st","name":"tou"},{"length":20,"transform":{"skY":180,"y":31.1799,"skX":180,"x":42.5435},"parent":"st","name":"zs"},{"length":25,"transform":{"skY":-108.3645,"y":9.1,"skX":-108.3645,"x":-13.45},"parent":"st","name":"st1"},{"length":10,"transform":{"skY":-148.5325,"y":-24.45,"skX":-148.5325,"x":38.9},"parent":"st","name":"ys"}],"aabb":{"width":182.99444441846362,"y":-278.7457194854983,"height":280.0250492906664,"x":-103.94764458993083},"slot":[{"name":"st1","parent":"st1","color":{}},{"z":1,"name":"ys","parent":"ys","color":{}},{"z":2,"name":"st","parent":"st","color":{}},{"z":3,"name":"zs","parent":"zs","color":{}},{"z":4,"name":"tou","parent":"tou","color":{}}],"name":"gongjiao1"}]}