{"frameRate":60,"isGlobal":0,"name":"wuyun","version":"5.0","armature":[{"ik":[],"defaultActions":[{"gotoAndPlay":"1"}],"type":"Armature","frameRate":60,"bone":[{"name":"root","transform":{}},{"transform":{},"name":"bone","parent":"root"},{"transform":{"y":-223.3115,"scX":1.758,"scY":4.21},"name":"bone1","parent":"bone"},{"length":38,"transform":{"skY":95.9743,"y":-649.2893,"scX":0.293,"scY":0.293,"skX":95.9743,"x":-0.5433},"parent":"bone","name":"95"}],"aabb":{"width":621,"y":-753.324523448998,"height":637.0130453590248,"x":-319.59371108343703},"slot":[{"name":"xy0001","parent":"bone1","color":{}},{"z":1,"name":"95","parent":"95","color":{}},{"z":2,"name":"wuyun","parent":"root","color":{}}],"canvas":{"width":634,"y":-263,"height":980,"x":-2},"skin":[{"name":"","slot":[{"display":[{"path":"wuyun","type":"image","name":"wuyun","transform":{"y":-649.3245,"x":-9.0937}}],"name":"wuyun"},{"display":[{"path":"xy0001","type":"image","name":"xy0001","transform":{}},{"path":"xy0002","type":"image","name":"xy0002","transform":{}},{"path":"xy0003","type":"image","name":"xy0003","transform":{}},{"path":"xy0004","type":"image","name":"xy0004","transform":{}},{"path":"xy0005","type":"image","name":"xy0005","transform":{}},{"path":"xy0006","type":"image","name":"xy0006","transform":{}},{"path":"xy0007","type":"image","name":"xy0007","transform":{}},{"path":"xy0008","type":"image","name":"xy0008","transform":{}},{"path":"xy0009","type":"image","name":"xy0009","transform":{}},{"path":"xy0010","type":"image","name":"xy0010","transform":{}},{"path":"xy0011","type":"image","name":"xy0011","transform":{}},{"path":"xy0012","type":"image","name":"xy0012","transform":{}},{"path":"xy0013","type":"image","name":"xy0013","transform":{}},{"path":"xy0014","type":"image","name":"xy0014","transform":{}},{"path":"xy0015","type":"image","name":"xy0015","transform":{}},{"path":"xy0016","type":"image","name":"xy0016","transform":{}},{"path":"xy0017","type":"image","name":"xy0017","transform":{}},{"path":"xy0018","type":"image","name":"xy0018","transform":{}},{"path":"xy0019","type":"image","name":"xy0019","transform":{}},{"path":"xy0020","type":"image","name":"xy0020","transform":{}},{"path":"xy0021","type":"image","name":"xy0021","transform":{}},{"path":"xy0022","type":"image","name":"xy0022","transform":{}},{"path":"xy0023","type":"image","name":"xy0023","transform":{}},{"path":"xy0024","type":"image","name":"xy0024","transform":{}},{"path":"xy0025","type":"image","name":"xy0025","transform":{}},{"path":"xy0026","type":"image","name":"xy0026","transform":{}},{"path":"xy0027","type":"image","name":"xy0027","transform":{}},{"path":"xy0028","type":"image","name":"xy0028","transform":{}},{"path":"xy0029","type":"image","name":"xy0029","transform":{}},{"path":"xy0030","type":"image","name":"xy0030","transform":{}},{"path":"xy0031","type":"image","name":"xy0031","transform":{}},{"path":"xy0032","type":"image","name":"xy0032","transform":{}},{"path":"xy0033","type":"image","name":"xy0033","transform":{}},{"path":"xy0034","type":"image","name":"xy0034","transform":{}},{"path":"xy0035","type":"image","name":"xy0035","transform":{}},{"path":"xy0036","type":"image","name":"xy0036","transform":{}},{"path":"xy0037","type":"image","name":"xy0037","transform":{}},{"path":"xy0038","type":"image","name":"xy0038","transform":{}},{"path":"xy0039","type":"image","name":"xy0039","transform":{}},{"path":"xy0040","type":"image","name":"xy0040","transform":{}}],"name":"xy0001"},{"display":[{"path":"95","type":"image","name":"95","transform":{"skY":-95.9743,"y":-7.7735,"skX":-95.9743,"x":83.3939}}],"name":"95"}]}],"name":"wuyun","animation":[{"frame":[],"duration":78,"bone":[{"frame":[{"duration":78,"transform":{}}],"name":"root"},{"frame":[{"duration":78,"transform":{}}],"name":"bone"},{"frame":[{"duration":78,"transform":{}}],"name":"bone1"},{"frame":[{"duration":78,"transform":{}}],"name":"95"}],"slot":[{"frame":[{"tweenEasing":null,"duration":2},{"tweenEasing":null,"displayIndex":1,"duration":2},{"tweenEasing":null,"displayIndex":2,"duration":2},{"tweenEasing":null,"displayIndex":3,"duration":2},{"tweenEasing":null,"displayIndex":4,"duration":2},{"tweenEasing":null,"displayIndex":5,"duration":2},{"tweenEasing":null,"displayIndex":6,"duration":2},{"tweenEasing":null,"displayIndex":7,"duration":2},{"tweenEasing":null,"displayIndex":8,"duration":2},{"tweenEasing":null,"displayIndex":9,"duration":2},{"tweenEasing":null,"displayIndex":10,"duration":2},{"tweenEasing":null,"displayIndex":11,"duration":2},{"tweenEasing":null,"displayIndex":12,"duration":2},{"tweenEasing":null,"displayIndex":13,"duration":2},{"tweenEasing":null,"displayIndex":14,"duration":2},{"tweenEasing":null,"displayIndex":15,"duration":2},{"tweenEasing":null,"displayIndex":16,"duration":2},{"tweenEasing":null,"displayIndex":17,"duration":2},{"tweenEasing":null,"displayIndex":18,"duration":2},{"tweenEasing":null,"displayIndex":19,"duration":2},{"tweenEasing":null,"displayIndex":20,"duration":2},{"tweenEasing":null,"displayIndex":21,"duration":2},{"tweenEasing":null,"displayIndex":22,"duration":2},{"tweenEasing":null,"displayIndex":23,"duration":2},{"tweenEasing":null,"displayIndex":24,"duration":2},{"tweenEasing":null,"displayIndex":25,"duration":2},{"tweenEasing":null,"displayIndex":26,"duration":2},{"tweenEasing":null,"displayIndex":27,"duration":2},{"tweenEasing":null,"displayIndex":28,"duration":2},{"tweenEasing":null,"displayIndex":29,"duration":2},{"tweenEasing":null,"displayIndex":30,"duration":2},{"tweenEasing":null,"displayIndex":31,"duration":2},{"tweenEasing":null,"displayIndex":32,"duration":2},{"tweenEasing":null,"displayIndex":33,"duration":2},{"tweenEasing":null,"displayIndex":34,"duration":2},{"tweenEasing":null,"displayIndex":35,"duration":2},{"tweenEasing":null,"displayIndex":36,"duration":2},{"tweenEasing":null,"displayIndex":37,"duration":2},{"tweenEasing":null,"displayIndex":38,"duration":2},{"tweenEasing":null,"displayIndex":39,"duration":0}],"name":"xy0001"}],"ffd":[],"ik":[],"name":"1","playTimes":0},{"frame":[],"duration":0,"bone":[{"frame":[{"duration":0,"transform":{}}],"name":"root"},{"frame":[{"duration":0,"transform":{}}],"name":"bone"},{"frame":[{"duration":0,"transform":{}}],"name":"bone1"},{"frame":[{"duration":0,"transform":{}}],"name":"95"}],"slot":[{"frame":[{"tweenEasing":null,"displayIndex":-1,"duration":0}],"name":"xy0001"}],"ffd":[],"ik":[],"name":"2","playTimes":0},{"frame":[],"duration":42,"bone":[{"frame":[{"duration":42,"transform":{}}],"name":"root"},{"frame":[{"duration":42,"transform":{}}],"name":"bone"},{"frame":[{"duration":42,"transform":{}}],"name":"bone1"},{"frame":[{"tweenEasing":0,"duration":5,"transform":{}},{"duration":12,"transform":{"scX":10.274,"scY":2.2528}},{"duration":17,"transform":{"scX":11.6393,"scY":2.2528}},{"duration":8,"transform":{"scX":7.8847,"scY":2.2528}}],"name":"95"}],"slot":[{"frame":[{"tweenEasing":null,"displayIndex":-1,"duration":42}],"name":"xy0001"},{"frame":[{"tweenEasing":null,"duration":12},{"tweenEasing":null,"displayIndex":-1,"duration":5},{"tweenEasing":null,"duration":4},{"tweenEasing":null,"displayIndex":-1,"duration":5},{"tweenEasing":null,"duration":8},{"tweenEasing":null,"displayIndex":-1,"duration":8},{"tweenEasing":null,"displayIndex":-1,"duration":0}],"name":"95"}],"ffd":[],"ik":[],"name":"3","playTimes":0}]}]}