{"width":2048,"SubTexture":[{"frameY":-14,"y":357,"frameWidth":358,"frameX":-21,"frameHeight":214,"width":313,"height":176,"name":"xy0008","x":319},{"frameY":-14,"y":1100,"frameWidth":358,"frameX":-25,"frameHeight":214,"width":308,"height":176,"name":"xy0035","x":1},{"frameY":-14,"y":357,"frameWidth":358,"frameX":-19,"frameHeight":214,"width":313,"height":176,"name":"xy0030","x":1256},{"frameY":-14,"y":1,"frameWidth":358,"frameX":-18,"frameHeight":214,"width":316,"height":176,"name":"xy0011","x":1260},{"frameY":-14,"y":535,"frameWidth":358,"frameX":-25,"frameHeight":214,"width":309,"height":176,"name":"xy0034","x":950},{"frameY":-14,"y":922,"frameWidth":358,"frameX":-22,"frameHeight":214,"width":309,"height":176,"name":"xy0007","x":1},{"frameY":-14,"y":179,"frameWidth":358,"frameX":-19,"frameHeight":214,"width":313,"height":176,"name":"xy0020","x":1259},{"frameY":-14,"y":1068,"frameWidth":358,"frameX":-23,"frameHeight":214,"width":302,"height":175,"name":"xy0033","x":1558},{"frameY":-14,"y":535,"frameWidth":358,"frameX":-25,"frameHeight":214,"width":309,"height":176,"name":"xy0004","x":1261},{"frameY":-14,"y":1,"frameWidth":358,"frameX":-18,"frameHeight":214,"width":316,"height":176,"name":"xy0031","x":942},{"frameY":-14,"y":535,"frameWidth":358,"frameX":-20,"frameHeight":214,"width":314,"height":175,"name":"xy0019","x":316},{"frameY":-14,"y":1,"frameWidth":358,"frameX":-18,"frameHeight":214,"width":316,"height":176,"name":"xy0024","x":1578},{"frameY":-14,"y":713,"frameWidth":358,"frameX":-22,"frameHeight":214,"width":309,"height":176,"name":"xy0006","x":943},{"frameY":-14,"y":356,"frameWidth":358,"frameX":-21,"frameHeight":214,"width":313,"height":176,"name":"xy0018","x":941},{"frameY":-14,"y":889,"frameWidth":358,"frameX":-22,"frameHeight":214,"width":309,"height":176,"name":"xy0016","x":627},{"frameY":-14,"y":1245,"frameWidth":358,"frameX":-20,"frameHeight":214,"width":301,"height":174,"name":"xy0002","x":622},{"frameY":-14,"y":535,"frameWidth":358,"frameX":-22,"frameHeight":214,"width":309,"height":176,"name":"xy0017","x":1572},{"frameY":-14,"y":1421,"frameWidth":358,"frameX":-18,"frameHeight":214,"width":303,"height":168,"name":"xy0001","x":622},{"frameY":-14,"y":1069,"frameWidth":358,"frameX":-25,"frameHeight":214,"width":308,"height":176,"name":"xy0015","x":312},{"frameY":-14,"y":1069,"frameWidth":358,"frameX":-23,"frameHeight":214,"width":302,"height":175,"name":"xy0003","x":937},{"frameY":-14,"y":211,"frameWidth":358,"frameX":-18,"frameHeight":214,"width":316,"height":175,"name":"xy0009","x":1},{"frameY":-14,"y":179,"frameWidth":358,"frameX":-19,"frameHeight":214,"width":315,"height":176,"name":"xy0038","x":624},{"frameY":-14,"y":1,"frameWidth":358,"frameX":-18,"frameHeight":214,"width":316,"height":176,"name":"xy0021","x":624},{"frameY":-14,"y":388,"frameWidth":358,"frameX":-21,"frameHeight":214,"width":313,"height":176,"name":"xy0028","x":1},{"frameY":-14,"y":534,"frameWidth":358,"frameX":-20,"frameHeight":214,"width":314,"height":175,"name":"xy0029","x":634},{"frameY":-14,"y":891,"frameWidth":358,"frameX":-19,"frameHeight":214,"width":308,"height":176,"name":"xy0032","x":1248},{"frameY":-14,"y":712,"frameWidth":358,"frameX":-25,"frameHeight":214,"width":309,"height":176,"name":"xy0014","x":315},{"frameY":-14,"y":744,"frameWidth":358,"frameX":-22,"frameHeight":214,"width":309,"height":176,"name":"xy0027","x":1},{"frameY":-14,"y":357,"frameWidth":358,"frameX":-19,"frameHeight":214,"width":313,"height":176,"name":"xy0010","x":1571},{"frameY":-14,"y":179,"frameWidth":358,"frameX":-18,"frameHeight":214,"width":316,"height":175,"name":"xy0039","x":941},{"frameY":-14,"y":713,"frameWidth":358,"frameX":-19,"frameHeight":214,"width":308,"height":176,"name":"xy0012","x":1565},{"frameY":-14,"y":357,"frameWidth":358,"frameX":-23,"frameHeight":214,"width":302,"height":175,"name":"xy0013","x":634},{"frameY":-14,"y":890,"frameWidth":358,"frameX":-22,"frameHeight":214,"width":309,"height":176,"name":"xy0026","x":316},{"frameY":-14,"y":891,"frameWidth":358,"frameX":-25,"frameHeight":214,"width":308,"height":176,"name":"xy0005","x":938},{"frameY":-14,"y":179,"frameWidth":358,"frameX":-19,"frameHeight":214,"width":313,"height":176,"name":"xy0040","x":1574},{"frameY":-14,"y":711,"frameWidth":358,"frameX":-22,"frameHeight":214,"width":309,"height":176,"name":"xy0037","x":632},{"frameY":-14,"y":566,"frameWidth":358,"frameX":-21,"frameHeight":214,"width":312,"height":176,"name":"xy0025","x":1},{"frameY":-14,"y":891,"frameWidth":358,"frameX":-19,"frameHeight":214,"width":306,"height":175,"name":"xy0023","x":1558},{"frameY":-14,"y":713,"frameWidth":358,"frameX":-22,"frameHeight":214,"width":309,"height":176,"name":"xy0036","x":1254},{"frameY":-14,"y":1067,"frameWidth":358,"frameX":-19,"frameHeight":214,"width":308,"height":176,"name":"xy0022","x":627},{"width":103,"y":1068,"height":174,"name":"95","x":1862},{"width":621,"y":1,"height":208,"name":"wuyun","x":1}],"imagePath":"wuyun_tex.png","name":"wuyun","height":2048}