{"frameRate":60,"isGlobal":0,"name":"yeren","version":"5.0","armature":[{"skin":[{"name":"","slot":[{"display":[{"path":"7","type":"image","name":"7","transform":{"y":-0.4064,"skY":70.7669,"x":1.2198,"skX":70.7669}}],"name":"7"},{"display":[{"path":"tya","type":"image","name":"tya","transform":{"y":0.6682,"skY":-87.995,"x":32.568,"skX":-87.995}}],"name":"tya"},{"display":[{"path":"syb","type":"image","name":"syb","transform":{"y":0.9749,"skY":-63.8791,"x":16.5688,"skX":-63.8791}}],"name":"syb"},{"display":[{"path":"6","type":"image","name":"6","transform":{"y":-1.8639,"skY":70.7669,"x":1.4994,"skX":70.7669}}],"name":"6"},{"display":[{"path":"3","type":"image","name":"3","transform":{"y":-2.07,"skY":70.7669,"x":-0.9539,"skX":70.7669}}],"name":"3"},{"display":[{"path":"tza","type":"image","name":"tza","transform":{"y":-3.2024,"skY":-91.1395,"x":25.865,"skX":-91.1395}}],"name":"tza"},{"display":[{"path":"h","type":"image","name":"h","transform":{"y":0.2481,"skY":91.972,"x":31.5666,"skX":91.972}}],"name":"h"},{"display":[{"path":"st","type":"image","name":"st","transform":{"y":1.3562,"skY":93.2206,"x":22.6648,"skX":93.2206}}],"name":"st"},{"display":[{"path":"sya","type":"image","name":"sya","transform":{"y":1.2676,"skY":-71.9315,"x":31.7548,"skX":-71.9315}}],"name":"sya"},{"display":[{"path":"wenhao","type":"image","name":"wenhao","transform":{"y":1.9146,"skY":90,"x":14.2101,"skX":90}}],"name":"wenhao"},{"display":[{"path":"1","type":"image","name":"1","transform":{"y":3.9066,"skY":70.7669,"x":31.3604,"skX":70.7669}}],"name":"1"},{"display":[{"path":"wenhao","type":"image","name":"wenhao","transform":{"y":1.9146,"skY":90,"x":14.2101,"skX":90}}],"name":"wenhao2"},{"display":[{"path":"sza","type":"image","name":"sza","transform":{"y":14.1606,"skY":-110.5366,"x":51.8423,"skX":-110.5366}}],"name":"sza"},{"display":[{"path":"8","type":"image","name":"8","transform":{"y":-97.3742,"x":207.3194}}],"name":"8"},{"display":[{"path":"4","type":"image","name":"4","transform":{"y":-0.3978,"skY":70.7669,"x":0.7817,"skX":70.7669}}],"name":"4"},{"display":[{"path":"5","type":"image","name":"5","transform":{"y":0.5635,"skY":70.7669,"x":1.9105,"skX":70.7669}}],"name":"5"},{"display":[{"path":"wenhao","type":"image","name":"wenhao","transform":{"y":1.9146,"skY":90,"x":14.2101,"skX":90}}],"name":"wenhao1"},{"display":[{"path":"2","type":"image","name":"2","transform":{"y":-4.4147,"skY":70.7669,"x":-3.6862,"skX":70.7669}}],"name":"2"}]}],"animation":[{"frame":[],"duration":110,"bone":[{"frame":[{"tweenEasing":0,"duration":110,"transform":{}},{"duration":0,"transform":{}}],"name":"root"},{"frame":[{"tweenEasing":0,"duration":110,"transform":{}},{"duration":0,"transform":{}}],"name":"bone"},{"frame":[{"tweenEasing":0,"duration":30,"transform":{}},{"tweenEasing":0,"duration":10,"transform":{"skY":-7.4727,"skX":-7.4727}},{"tweenEasing":0,"duration":50,"transform":{"skY":-7.4727,"skX":-7.4727}},{"tweenEasing":0,"duration":20,"transform":{"skY":-7.4727,"skX":-7.4727}},{"duration":0,"transform":{}}],"name":"st"},{"frame":[{"tweenEasing":0,"duration":30,"transform":{}},{"tweenEasing":0,"duration":10,"transform":{"skY":-16.1025,"skX":-16.1025}},{"tweenEasing":0,"duration":10,"transform":{"skY":-21.8599,"skX":-21.8599}},{"tweenEasing":0,"duration":10,"transform":{"skY":-16.1025,"skX":-16.1025}},{"tweenEasing":0,"duration":10,"transform":{"skY":-21.8599,"skX":-21.8599}},{"tweenEasing":0,"duration":10,"transform":{"skY":-16.1025,"skX":-16.1025}},{"tweenEasing":0,"duration":10,"transform":{"skY":-21.8599,"skX":-21.8599}},{"tweenEasing":0,"duration":20,"transform":{"skY":-16.1025,"skX":-16.1025}},{"duration":0,"transform":{}}],"name":"h"},{"frame":[{"tweenEasing":0,"duration":30,"transform":{}},{"tweenEasing":0,"duration":30,"transform":{"skY":-21.1442,"skX":-21.1442}},{"tweenEasing":0,"duration":30,"transform":{"skY":-25.3839,"skX":-25.3839}},{"tweenEasing":0,"duration":20,"transform":{"skY":-21.1442,"skX":-21.1442}},{"duration":0,"transform":{}}],"name":"sza"},{"frame":[{"tweenEasing":0,"duration":30,"transform":{}},{"tweenEasing":0,"duration":10,"transform":{"y":-1.8045,"skY":-113.1792,"x":0.1015,"skX":-113.1792}},{"tweenEasing":0,"duration":10,"transform":{"y":-1.8045,"skY":-118.9367,"x":0.1015,"skX":-118.9367}},{"tweenEasing":0,"duration":10,"transform":{"y":-1.8045,"skY":-113.1792,"x":0.1015,"skX":-113.1792}},{"tweenEasing":0,"duration":10,"transform":{"y":-1.8045,"skY":-118.9367,"x":0.1015,"skX":-118.9367}},{"tweenEasing":0,"duration":10,"transform":{"y":-1.8045,"skY":-113.1792,"x":0.1015,"skX":-113.1792}},{"tweenEasing":0,"duration":10,"transform":{"y":-1.8045,"skY":-118.9367,"x":0.1015,"skX":-118.9367}},{"tweenEasing":0,"duration":20,"transform":{"y":-1.8045,"skY":-113.1792,"x":0.1015,"skX":-113.1792}},{"duration":0,"transform":{}}],"name":"sya"},{"frame":[{"tweenEasing":0,"duration":30,"transform":{}},{"tweenEasing":0,"duration":10,"transform":{"y":-0.6522,"skY":-106.4618,"x":-5.6781,"skX":-106.4618}},{"tweenEasing":0,"duration":10,"transform":{"y":-0.6522,"skY":-112.2192,"x":-5.6781,"skX":-112.2192}},{"tweenEasing":0,"duration":10,"transform":{"y":-0.6522,"skY":-106.4618,"x":-5.6781,"skX":-106.4618}},{"tweenEasing":0,"duration":10,"transform":{"y":-0.6522,"skY":-112.2192,"x":-5.6781,"skX":-112.2192}},{"tweenEasing":0,"duration":10,"transform":{"y":-0.6522,"skY":-106.4618,"x":-5.6781,"skX":-106.4618}},{"tweenEasing":0,"duration":10,"transform":{"y":-0.6522,"skY":-112.2192,"x":-5.6781,"skX":-112.2192}},{"tweenEasing":0,"duration":20,"transform":{"y":-0.6522,"skY":-106.4618,"x":-5.6781,"skX":-106.4618}},{"duration":0,"transform":{}}],"name":"syb"},{"frame":[{"tweenEasing":0,"duration":30,"transform":{}},{"tweenEasing":0,"duration":10,"transform":{"y":-0.4973,"skY":7.0886,"x":2.1089,"skX":7.0886}},{"tweenEasing":0,"duration":50,"transform":{"y":-0.4973,"skY":7.0886,"x":2.1089,"skX":7.0886}},{"tweenEasing":0,"duration":20,"transform":{"y":-0.4973,"skY":7.0886,"x":2.1089,"skX":7.0886}},{"duration":0,"transform":{}}],"name":"tza"},{"frame":[{"tweenEasing":0,"duration":30,"transform":{}},{"tweenEasing":0,"duration":10,"transform":{"y":-0.2858,"skY":7.776,"x":-1.5133,"skX":7.776}},{"tweenEasing":0,"duration":50,"transform":{"y":-0.2858,"skY":7.776,"x":-1.5133,"skX":7.776}},{"tweenEasing":0,"duration":20,"transform":{"y":-0.2858,"skY":7.776,"x":-1.5133,"skX":7.776}},{"duration":0,"transform":{}}],"name":"tya"},{"frame":[{"duration":110,"transform":{}}],"name":"1"},{"frame":[{"duration":110,"transform":{}}],"name":"4"},{"frame":[{"duration":110,"transform":{}}],"name":"3"},{"frame":[{"duration":110,"transform":{}}],"name":"7"},{"frame":[{"duration":110,"transform":{}}],"name":"6"},{"frame":[{"duration":110,"transform":{}}],"name":"5"},{"frame":[{"duration":110,"transform":{}}],"name":"2"},{"frame":[{"duration":42,"transform":{}},{"tweenEasing":0,"duration":10,"transform":{"y":28.4419,"skY":-141.6364,"x":12.9702,"skX":-141.6364}},{"tweenEasing":0,"duration":6,"transform":{"y":14.3435,"skY":21.4675,"x":18.8621,"skX":21.4675,"scX":1.4088,"scY":1.4088}},{"tweenEasing":0,"duration":5,"transform":{"y":14.3435,"skY":-1.0515,"x":18.8621,"skX":-1.0515,"scX":1.4088,"scY":1.4088}},{"duration":47,"transform":{"y":14.3435,"skY":3.1763,"x":18.8621,"skX":3.1763,"scX":1.4088,"scY":1.4088}}],"name":"wenhao"},{"frame":[{"duration":50,"transform":{}},{"tweenEasing":0,"duration":10,"transform":{"y":28.4419,"skY":-141.6364,"x":12.9702,"skX":-141.6364}},{"tweenEasing":0,"duration":6,"transform":{"y":14.3435,"skY":21.4675,"x":18.8621,"skX":21.4675,"scX":1.4088,"scY":1.4088}},{"tweenEasing":0,"duration":5,"transform":{"y":14.3435,"skY":-1.0515,"x":18.8621,"skX":-1.0515,"scX":1.4088,"scY":1.4088}},{"duration":39,"transform":{"y":14.3435,"skY":3.1763,"x":18.8621,"skX":3.1763,"scX":1.4088,"scY":1.4088}}],"name":"wenhao1"},{"frame":[{"duration":60,"transform":{}},{"tweenEasing":0,"duration":10,"transform":{"y":28.4419,"skY":-141.6364,"x":12.9702,"skX":-141.6364}},{"tweenEasing":0,"duration":6,"transform":{"y":14.3435,"skY":21.4675,"x":18.8621,"skX":21.4675,"scX":1.4088,"scY":1.4088}},{"tweenEasing":0,"duration":5,"transform":{"y":14.3435,"skY":-1.0515,"x":18.8621,"skX":-1.0515,"scX":1.4088,"scY":1.4088}},{"duration":29,"transform":{"y":14.3435,"skY":3.1763,"x":18.8621,"skX":3.1763,"scX":1.4088,"scY":1.4088}}],"name":"wenhao2"}],"slot":[{"frame":[{"tweenEasing":null,"displayIndex":-1,"duration":42},{"tweenEasing":null,"duration":55},{"tweenEasing":null,"displayIndex":-1,"duration":13}],"name":"wenhao"},{"frame":[{"tweenEasing":null,"displayIndex":-1,"duration":50},{"tweenEasing":null,"duration":47},{"tweenEasing":null,"displayIndex":-1,"duration":13}],"name":"wenhao1"},{"frame":[{"tweenEasing":null,"displayIndex":-1,"duration":60},{"tweenEasing":null,"duration":37},{"tweenEasing":null,"displayIndex":-1,"duration":13}],"name":"wenhao2"}],"ffd":[],"ik":[],"name":"yihuo","playTimes":0},{"frame":[],"duration":130,"bone":[{"frame":[{"tweenEasing":0,"duration":70,"transform":{}},{"tweenEasing":0,"duration":20,"transform":{}},{"tweenEasing":0,"duration":10,"transform":{}},{"tweenEasing":0,"duration":10,"transform":{}},{"duration":20,"transform":{}}],"name":"root"},{"frame":[{"tweenEasing":0,"duration":70,"transform":{}},{"tweenEasing":0,"duration":20,"transform":{}},{"tweenEasing":0,"duration":10,"transform":{}},{"tweenEasing":0,"duration":10,"transform":{}},{"duration":20,"transform":{}}],"name":"bone"},{"frame":[{"tweenEasing":0,"duration":30,"transform":{}},{"tweenEasing":0,"duration":10,"transform":{"skY":-7.4727,"skX":-7.4727}},{"tweenEasing":0,"duration":20,"transform":{"skY":-7.4727,"skX":-7.4727}},{"tweenEasing":0,"duration":10,"transform":{"skY":-7.4727,"skX":-7.4727}},{"tweenEasing":0,"duration":20,"transform":{"skY":5.9729,"skX":5.9729}},{"tweenEasing":0,"duration":10,"transform":{"skY":5.9729,"skX":5.9729}},{"tweenEasing":0,"duration":10,"transform":{}},{"duration":20,"transform":{}}],"name":"st"},{"frame":[{"tweenEasing":0,"duration":30,"transform":{}},{"tweenEasing":0,"duration":10,"transform":{"skY":-16.1025,"skX":-16.1025}},{"tweenEasing":0,"duration":10,"transform":{"skY":-21.8599,"skX":-21.8599}},{"tweenEasing":0,"duration":10,"transform":{"skY":-16.1025,"skX":-16.1025}},{"tweenEasing":0,"duration":10,"transform":{"skY":-21.8599,"skX":-21.8599}},{"tweenEasing":0,"duration":20,"transform":{"skY":6.5265,"skX":6.5265}},{"tweenEasing":0,"duration":10,"transform":{"skY":6.5265,"skX":6.5265}},{"tweenEasing":0,"duration":10,"transform":{}},{"duration":20,"transform":{}}],"name":"h"},{"frame":[{"tweenEasing":0,"duration":30,"transform":{}},{"tweenEasing":0,"duration":30,"transform":{"skY":-21.1442,"skX":-21.1442}},{"tweenEasing":0,"duration":10,"transform":{"skY":-25.3839,"skX":-25.3839}},{"tweenEasing":0,"duration":20,"transform":{}},{"tweenEasing":0,"duration":10,"transform":{}},{"tweenEasing":0,"duration":10,"transform":{}},{"duration":20,"transform":{}}],"name":"sza"},{"frame":[{"tweenEasing":0,"duration":30,"transform":{}},{"tweenEasing":0,"duration":10,"transform":{"y":-1.8045,"skY":-113.1792,"x":0.1015,"skX":-113.1792}},{"tweenEasing":0,"duration":10,"transform":{"y":-1.8045,"skY":-118.9367,"x":0.1015,"skX":-118.9367}},{"tweenEasing":0,"duration":10,"transform":{"y":-1.8045,"skY":-113.1792,"x":0.1015,"skX":-113.1792}},{"tweenEasing":0,"duration":10,"transform":{"y":-1.8045,"skY":-118.9367,"x":0.1015,"skX":-118.9367}},{"tweenEasing":0,"duration":20,"transform":{"skY":-120.3463,"skX":-120.3463}},{"tweenEasing":0,"duration":10,"transform":{"skY":-120.3463,"skX":-120.3463}},{"tweenEasing":0,"duration":5,"transform":{"skY":-70.3403,"skX":-70.3403}},{"tweenEasing":0,"duration":5,"transform":{"skY":-79.2172,"skX":-79.2172}},{"tweenEasing":0,"duration":20,"transform":{"skY":-79.7087,"skX":-79.7087}},{"duration":0,"transform":{"skY":-79.7087,"skX":-79.7087}}],"name":"sya"},{"frame":[{"tweenEasing":0,"duration":30,"transform":{}},{"tweenEasing":0,"duration":10,"transform":{"y":-0.4973,"skY":7.0886,"x":2.1089,"skX":7.0886}},{"tweenEasing":0,"duration":20,"transform":{"y":-0.4973,"skY":7.0886,"x":2.1089,"skX":7.0886}},{"tweenEasing":0,"duration":10,"transform":{"y":-0.4973,"skY":7.0886,"x":2.1089,"skX":7.0886}},{"tweenEasing":0,"duration":20,"transform":{"y":0.2662,"skY":-7.3556,"x":-1.7893,"skX":-7.3556}},{"tweenEasing":0,"duration":10,"transform":{"y":0.2662,"skY":-7.3556,"x":-1.7893,"skX":-7.3556}},{"tweenEasing":0,"duration":10,"transform":{}},{"duration":20,"transform":{}}],"name":"tza"},{"frame":[{"tweenEasing":0,"duration":30,"transform":{}},{"tweenEasing":0,"duration":10,"transform":{"y":-0.2858,"skY":7.776,"x":-1.5133,"skX":7.776}},{"tweenEasing":0,"duration":20,"transform":{"y":-0.2858,"skY":7.776,"x":-1.5133,"skX":7.776}},{"tweenEasing":0,"duration":10,"transform":{"y":-0.2858,"skY":7.776,"x":-1.5133,"skX":7.776}},{"tweenEasing":0,"duration":20,"transform":{"y":0.2732,"skY":-5.5855,"x":1.8152,"skX":-5.5855}},{"tweenEasing":0,"duration":10,"transform":{"y":0.2732,"skY":-5.5855,"x":1.8152,"skX":-5.5855}},{"tweenEasing":0,"duration":10,"transform":{}},{"duration":20,"transform":{}}],"name":"tya"},{"frame":[{"tweenEasing":0,"duration":30,"transform":{}},{"tweenEasing":0,"duration":10,"transform":{"y":-0.6522,"skY":-106.4618,"x":-5.6781,"skX":-106.4618}},{"tweenEasing":0,"duration":10,"transform":{"y":-0.6522,"skY":-112.2192,"x":-5.6781,"skX":-112.2192}},{"tweenEasing":0,"duration":10,"transform":{"y":-0.6522,"skY":-106.4618,"x":-5.6781,"skX":-106.4618}},{"tweenEasing":0,"duration":10,"transform":{"y":-0.6522,"skY":-112.2192,"x":-5.6781,"skX":-112.2192}},{"tweenEasing":0,"duration":20,"transform":{"y":-1.3975,"skY":-75.9488,"x":-2.0065,"skX":-75.9488}},{"tweenEasing":0,"duration":10,"transform":{"y":-1.3975,"skY":-75.9488,"x":-2.0065,"skX":-75.9488}},{"tweenEasing":0,"duration":5,"transform":{"skY":9.3683,"skX":9.3683}},{"tweenEasing":0,"duration":5,"transform":{"skY":0.4915,"skX":0.4915}},{"tweenEasing":0,"duration":20,"transform":{}},{"duration":0,"transform":{}}],"name":"syb"},{"frame":[{"duration":68,"transform":{}},{"tweenEasing":0,"duration":6,"transform":{"y":36.8483,"x":-20.0164,"scX":0.4632,"scY":0.4632}},{"tweenEasing":0,"duration":4,"transform":{"y":-7.3991,"x":17.8622,"scY":0.8211}},{"tweenEasing":0,"duration":4,"transform":{"y":-7.3991,"x":17.8622,"scX":0.9,"scY":1.1}},{"duration":48,"transform":{"y":-7.3991,"x":17.8622}}],"name":"1"},{"frame":[{"duration":68,"transform":{}},{"tweenEasing":0,"duration":7,"transform":{"y":10.9281,"x":9.9485}},{"tweenEasing":0,"duration":5,"transform":{"y":10.9281,"x":9.9485}},{"duration":50,"transform":{"y":-4.3439,"x":-4.4666}}],"name":"4"},{"frame":[{"duration":68,"transform":{}},{"tweenEasing":0,"duration":7,"transform":{"y":11.9099,"x":2.7288}},{"tweenEasing":0,"duration":5,"transform":{"y":11.9099,"x":2.7288}},{"duration":50,"transform":{"y":-3.9178,"x":0.2685}}],"name":"3"},{"frame":[{"duration":68,"transform":{}},{"tweenEasing":0,"duration":7,"transform":{"y":11.9215,"x":-12.0719}},{"tweenEasing":0,"duration":5,"transform":{"y":11.9215,"x":-12.0719}},{"duration":50,"transform":{"y":-3.559,"x":2.4472}}],"name":"7"},{"frame":[{"duration":68,"transform":{}},{"tweenEasing":0,"duration":7,"transform":{"y":-5.0323,"x":-13.5602}},{"tweenEasing":0,"duration":5,"transform":{"y":-5.0323,"x":-13.5602}},{"duration":50,"transform":{"y":-0.2908,"x":5.063}}],"name":"6"},{"frame":[{"duration":68,"transform":{}},{"tweenEasing":0,"duration":7,"transform":{"y":-11.6922,"x":-15.7238}},{"tweenEasing":0,"duration":5,"transform":{"y":-11.6922,"x":-15.7238}},{"duration":50,"transform":{"y":2.59,"x":3.8547}}],"name":"5"},{"frame":[{"duration":68,"transform":{}},{"tweenEasing":0,"duration":7,"transform":{"y":-21.0325,"x":-2.0628}},{"tweenEasing":0,"duration":5,"transform":{"y":-21.0325,"x":-2.0628}},{"duration":50,"transform":{"y":1.9834,"x":-0.0458}}],"name":"2"},{"frame":[{"duration":130,"transform":{}}],"name":"wenhao"},{"frame":[{"duration":130,"transform":{}}],"name":"wenhao1"},{"frame":[{"duration":130,"transform":{}}],"name":"wenhao2"}],"slot":[{"frame":[{"tweenEasing":null,"displayIndex":-1,"duration":68},{"tweenEasing":null,"duration":7},{"tweenEasing":null,"duration":55}],"name":"7"},{"frame":[{"tweenEasing":null,"displayIndex":-1,"duration":68},{"tweenEasing":null,"duration":7},{"tweenEasing":null,"duration":55}],"name":"6"},{"frame":[{"tweenEasing":null,"displayIndex":-1,"duration":68},{"tweenEasing":null,"duration":7},{"tweenEasing":null,"duration":55}],"name":"5"},{"frame":[{"tweenEasing":null,"displayIndex":-1,"duration":68},{"tweenEasing":null,"duration":7},{"tweenEasing":null,"duration":55}],"name":"4"},{"frame":[{"tweenEasing":null,"displayIndex":-1,"duration":68},{"tweenEasing":null,"duration":7},{"tweenEasing":null,"duration":55}],"name":"3"},{"frame":[{"tweenEasing":null,"displayIndex":-1,"duration":68},{"tweenEasing":null,"duration":7},{"tweenEasing":null,"duration":55}],"name":"2"},{"frame":[{"tweenEasing":null,"displayIndex":-1,"duration":68},{"tweenEasing":null,"duration":62}],"name":"1"}],"ffd":[],"ik":[],"name":"huangrangdawu","playTimes":0},{"frame":[],"duration":80,"bone":[{"frame":[{"duration":80,"transform":{}}],"name":"root"},{"frame":[{"duration":80,"transform":{}}],"name":"bone"},{"frame":[{"tweenEasing":0,"duration":40,"transform":{}},{"tweenEasing":0,"duration":40,"transform":{"y":-2.45}},{"duration":0,"transform":{}}],"name":"st"},{"frame":[{"duration":80,"transform":{}}],"name":"wenhao"},{"frame":[{"duration":80,"transform":{}}],"name":"1"},{"frame":[{"duration":80,"transform":{}}],"name":"wenhao1"},{"frame":[{"duration":80,"transform":{}}],"name":"wenhao2"},{"frame":[{"tweenEasing":0,"duration":10,"transform":{"skY":-0.4797,"skX":-0.4797}},{"tweenEasing":0,"duration":40,"transform":{}},{"tweenEasing":0,"duration":30,"transform":{"skY":-1.9187,"skX":-1.9187}},{"duration":0,"transform":{"skY":-0.4797,"skX":-0.4797}}],"name":"sza"},{"frame":[{"tweenEasing":0,"duration":40,"transform":{}},{"tweenEasing":0,"duration":40,"transform":{"y":-0.1376,"x":-2.4461}},{"duration":0,"transform":{}}],"name":"tya"},{"frame":[{"tweenEasing":0,"duration":15,"transform":{"skY":0.85,"skX":0.85}},{"tweenEasing":0,"duration":40,"transform":{}},{"tweenEasing":0,"duration":25,"transform":{"skY":2.2668,"skX":2.2668}},{"duration":0,"transform":{"skY":0.85,"skX":0.85}}],"name":"h"},{"frame":[{"duration":80,"transform":{}}],"name":"6"},{"frame":[{"duration":80,"transform":{}}],"name":"5"},{"frame":[{"duration":80,"transform":{}}],"name":"2"},{"frame":[{"tweenEasing":0,"duration":40,"transform":{}},{"tweenEasing":0,"duration":40,"transform":{"y":-0.1376,"x":-2.4461}},{"duration":0,"transform":{}}],"name":"tza"},{"frame":[{"duration":80,"transform":{}}],"name":"4"},{"frame":[{"tweenEasing":0,"duration":10,"transform":{"skY":0.919,"skX":0.919}},{"tweenEasing":0,"duration":40,"transform":{}},{"tweenEasing":0,"duration":30,"transform":{"skY":3.676,"skX":3.676}},{"duration":0,"transform":{"skY":0.919,"skX":0.919}}],"name":"sya"},{"frame":[{"duration":80,"transform":{}}],"name":"7"},{"frame":[{"duration":80,"transform":{}}],"name":"3"},{"frame":[{"tweenEasing":0,"duration":20,"transform":{"skY":2.4914,"skX":2.4914}},{"tweenEasing":0,"duration":40,"transform":{}},{"tweenEasing":0,"duration":20,"transform":{"skY":4.9827,"skX":4.9827}},{"duration":0,"transform":{"skY":2.4914,"skX":2.4914}}],"name":"syb"}],"slot":[],"ffd":[],"ik":[],"name":"daiji","playTimes":0}],"type":"Armature","frameRate":60,"bone":[{"name":"root","transform":{}},{"transform":{},"name":"bone","parent":"root"},{"length":31,"transform":{"y":-68,"skY":-93.2206,"x":2.3,"skX":-93.2206},"parent":"bone","name":"st"},{"length":14,"transform":{"y":-220.25,"skY":-65.7378,"x":-28.715,"skX":-65.7378},"parent":"bone","name":"wenhao"},{"length":26,"transform":{"y":-196.0345,"skY":-70.7669,"x":37.8168,"skX":-70.7669},"parent":"bone","name":"1"},{"length":14,"transform":{"y":-217.6754,"skY":-90,"x":-39.4425,"skX":-90},"parent":"bone","name":"wenhao1"},{"length":14,"transform":{"y":-209.9515,"skY":-138.7288,"x":-47.4239,"skX":-138.7288},"parent":"bone","name":"wenhao2"},{"length":34,"transform":{"y":-20.5851,"skY":-156.2428,"x":54.2422,"skX":-156.2428},"parent":"st","name":"sza"},{"length":32,"transform":{"y":13.1954,"skY":-178.7843,"x":-1.3435,"skX":-178.7843},"parent":"st","name":"tya"},{"length":33,"transform":{"y":1.9411,"skY":1.2487,"x":65.6446,"skX":1.2487},"parent":"st","name":"h"},{"transform":{"y":2.9345,"x":71.5796},"name":"6","parent":"1"},{"transform":{"y":23.1141,"x":69.1409},"name":"5","parent":"1"},{"transform":{"y":40.2349,"x":42.2286},"name":"2","parent":"1"},{"length":27,"transform":{"y":-17.6294,"skY":-175.6398,"x":-5.368,"skX":-175.6398},"parent":"st","name":"tza"},{"transform":{"y":-21.5849,"x":14.359},"name":"4","parent":"1"},{"length":29,"transform":{"y":21.494,"skY":165.1522,"x":53.5771,"skX":165.1522},"parent":"st","name":"sya"},{"transform":{"y":-27.2817,"x":61.1965},"name":"7","parent":"1"},{"transform":{"y":-28.0017,"x":30.0192},"name":"3","parent":"1"},{"length":28,"transform":{"y":-2.2176,"skY":-8.0525,"x":37.6967,"skX":-8.0525},"parent":"sya","name":"syb"}],"aabb":{"width":306.56664367454493,"y":-203.70648584863562,"height":203.8778838156646,"x":-96.74720802236689},"slot":[{"displayIndex":-1,"name":"wenhao1","parent":"wenhao1","color":{}},{"displayIndex":-1,"z":1,"name":"wenhao2","parent":"wenhao2","color":{}},{"displayIndex":-1,"z":2,"name":"wenhao","parent":"wenhao","color":{}},{"z":3,"name":"tza","parent":"tza","color":{}},{"z":4,"name":"tya","parent":"tya","color":{}},{"z":5,"name":"sza","parent":"sza","color":{}},{"z":6,"name":"syb","parent":"syb","color":{}},{"z":7,"name":"sya","parent":"sya","color":{}},{"z":8,"name":"st","parent":"st","color":{}},{"z":9,"name":"h","parent":"h","color":{}},{"z":10,"name":"8","parent":"root","color":{}},{"displayIndex":-1,"z":11,"name":"7","parent":"7","color":{}},{"displayIndex":-1,"z":12,"name":"6","parent":"6","color":{}},{"displayIndex":-1,"z":13,"name":"5","parent":"5","color":{}},{"displayIndex":-1,"z":14,"name":"4","parent":"4","color":{}},{"displayIndex":-1,"z":15,"name":"3","parent":"3","color":{}},{"displayIndex":-1,"z":16,"name":"2","parent":"2","color":{}},{"displayIndex":-1,"z":17,"name":"1","parent":"1","color":{}}],"defaultActions":[{"gotoAndPlay":"yihuo"}],"ik":[],"name":"yeren"}]}