{"SubTexture":[{"width":17,"y":197,"height":35,"name":"wenhao","x":1},{"width":29,"y":179,"height":70,"name":"tza","x":146},{"width":52,"y":107,"height":70,"name":"tya","x":146},{"width":88,"y":1,"height":104,"name":"sza","x":1},{"width":30,"y":186,"height":44,"name":"syb","x":70},{"width":35,"y":1,"height":78,"name":"sya","x":91},{"width":67,"y":107,"height":88,"name":"st","x":1},{"width":74,"y":107,"height":77,"name":"h","x":70},{"width":5,"y":250,"height":5,"name":"8","x":116},{"width":12,"y":204,"height":16,"name":"7","x":129},{"width":12,"y":228,"height":13,"name":"6","x":102},{"width":12,"y":238,"height":10,"name":"5","x":116},{"width":12,"y":222,"height":14,"name":"4","x":129},{"width":14,"y":186,"height":16,"name":"3","x":129},{"width":25,"y":186,"height":40,"name":"2","x":102},{"width":49,"y":107,"height":70,"name":"1","x":200}],"width":256,"height":256,"name":"yeren","imagePath":"yeren_tex.png"}