{"frameRate":60,"isGlobal":0,"name":"xingxing1","version":"5.0","armature":[{"skin":[{"name":"","slot":[{"display":[{"path":"xxx","type":"image","name":"xxx","transform":{"y":-0.8846,"x":-0.5205}}],"name":"xxx3"},{"display":[{"path":"xxx","type":"image","name":"xxx","transform":{"y":-0.8846,"x":-0.5205}}],"name":"xxx"},{"display":[{"path":"xxd","type":"image","name":"xxd","transform":{"y":-0.0074,"x":-0.1406}}],"name":"xxd"},{"display":[{"path":"xxd","type":"image","name":"xxd","transform":{"y":-0.0074,"x":-0.1406}}],"name":"xxd1"},{"display":[{"path":"xxd","type":"image","name":"xxd","transform":{"y":-0.0074,"x":-0.1406}}],"name":"xxd2"},{"display":[{"path":"xxd","type":"image","name":"xxd","transform":{"y":-0.0074,"x":-0.1406}}],"name":"xxd3"},{"display":[{"path":"xxx","type":"image","name":"xxx","transform":{"y":-0.8846,"x":-0.5205}}],"name":"xxx1"},{"display":[{"path":"xxx","type":"image","name":"xxx","transform":{"y":-0.8846,"x":-0.5205}}],"name":"xxx2"}]}],"animation":[{"frame":[],"duration":104,"bone":[{"frame":[{"duration":104,"transform":{}}],"name":"root"},{"frame":[{"duration":104,"transform":{}}],"name":"bone"},{"frame":[{"tweenEasing":0,"duration":40,"transform":{"y":9.0866,"x":-8.664}},{"duration":64,"transform":{"y":-39.7144,"x":31.024}}],"name":"xxd"},{"frame":[{"duration":15,"transform":{}},{"tweenEasing":0,"duration":40,"transform":{"y":-6.8546,"x":10.0376}},{"duration":49,"transform":{"y":45.4199,"x":-34.1013}}],"name":"xxx"},{"frame":[{"duration":56,"transform":{}},{"tweenEasing":0,"duration":40,"transform":{"y":9.0866,"x":-8.664}},{"duration":8,"transform":{"y":-11.4136,"x":47.3963}}],"name":"xxd1"},{"frame":[{"duration":32,"transform":{}},{"tweenEasing":0,"duration":40,"transform":{"y":9.0866,"x":-8.664}},{"duration":32,"transform":{"y":40.4021,"x":43.3482}}],"name":"xxd2"},{"frame":[{"duration":51,"transform":{}},{"tweenEasing":0,"duration":40,"transform":{"y":9.0866,"x":-8.664}},{"duration":13,"transform":{"y":81.8367,"x":-2.4764}}],"name":"xxd3"},{"frame":[{"duration":8,"transform":{}},{"tweenEasing":0,"duration":40,"transform":{"y":-6.8546,"x":10.0376}},{"duration":56,"transform":{"y":6.774,"x":-61.5204}}],"name":"xxx1"},{"frame":[{"duration":33,"transform":{}},{"tweenEasing":0,"duration":40,"transform":{"y":-6.8546,"x":10.0376}},{"duration":31,"transform":{"y":-50.7091,"x":-50.4916}}],"name":"xxx2"},{"frame":[{"duration":64,"transform":{}},{"tweenEasing":0,"duration":40,"transform":{"y":-6.8546,"x":10.0376}},{"duration":0,"transform":{"y":-76.2031,"x":3.843}}],"name":"xxx3"}],"slot":[{"frame":[{"tweenEasing":null,"displayIndex":-1,"duration":15},{"tweenEasing":null,"duration":40},{"tweenEasing":null,"displayIndex":-1,"duration":49}],"name":"xxx"},{"frame":[{"tweenEasing":null,"duration":40},{"tweenEasing":null,"displayIndex":-1,"duration":64}],"name":"xxd"},{"frame":[{"tweenEasing":null,"displayIndex":-1,"duration":56},{"tweenEasing":null,"duration":40},{"tweenEasing":null,"displayIndex":-1,"duration":8}],"name":"xxd1"},{"frame":[{"tweenEasing":null,"displayIndex":-1,"duration":32},{"tweenEasing":null,"duration":40},{"tweenEasing":null,"displayIndex":-1,"duration":32}],"name":"xxd2"},{"frame":[{"tweenEasing":null,"displayIndex":-1,"duration":51},{"tweenEasing":null,"duration":40},{"tweenEasing":null,"displayIndex":-1,"duration":13}],"name":"xxd3"},{"frame":[{"tweenEasing":null,"displayIndex":-1,"duration":8},{"tweenEasing":null,"duration":40},{"tweenEasing":null,"displayIndex":-1,"duration":56}],"name":"xxx1"},{"frame":[{"tweenEasing":null,"displayIndex":-1,"duration":33},{"tweenEasing":null,"duration":40},{"tweenEasing":null,"displayIndex":-1,"duration":31}],"name":"xxx2"},{"frame":[{"tweenEasing":null,"displayIndex":-1,"duration":64},{"tweenEasing":null,"duration":40},{"tweenEasing":null,"displayIndex":-1,"duration":0}],"name":"xxx3"}],"ffd":[],"ik":[],"name":"1","playTimes":0}],"type":"Armature","frameRate":60,"bone":[{"name":"root","transform":{}},{"transform":{},"name":"bone","parent":"root"},{"transform":{"y":-9.2863,"x":8.561},"name":"xxd","parent":"bone"},{"transform":{"y":6.741,"x":-10.1561},"name":"xxx","parent":"bone"},{"transform":{"y":0.6982,"x":8.561},"name":"xxd1","parent":"bone"},{"transform":{"y":-14.8813,"x":-2.7882},"name":"xxd2","parent":"bone"},{"transform":{"y":10.4326,"x":11.2903},"name":"xxd3","parent":"bone"},{"transform":{"y":9.0154,"x":2.5349},"name":"xxx1","parent":"bone"},{"transform":{"y":-22.0982,"x":9.722},"name":"xxx2","parent":"bone"},{"transform":{"y":-5.6772,"x":-9.4966},"name":"xxx3","parent":"bone"}],"aabb":{"width":0,"y":0,"height":0,"x":0},"slot":[{"displayIndex":-1,"name":"xxx","parent":"xxx","color":{}},{"displayIndex":-1,"z":1,"name":"xxd","parent":"xxd","color":{}},{"displayIndex":-1,"z":2,"name":"xxd1","parent":"xxd1","color":{}},{"displayIndex":-1,"z":3,"name":"xxd2","parent":"xxd2","color":{}},{"displayIndex":-1,"z":4,"name":"xxd3","parent":"xxd3","color":{}},{"displayIndex":-1,"z":5,"name":"xxx1","parent":"xxx1","color":{}},{"displayIndex":-1,"z":6,"name":"xxx2","parent":"xxx2","color":{}},{"displayIndex":-1,"z":7,"name":"xxx3","parent":"xxx3","color":{}}],"defaultActions":[{"gotoAndPlay":"1"}],"ik":[],"name":"xingxing1"}]}