{"width":512,"imagePath":"4B_tex.png","height":512,"name":"4B","SubTexture":[{"width":167,"y":1,"height":193,"name":"hb","x":229},{"width":120,"y":196,"height":94,"name":"st","x":123},{"width":120,"y":342,"height":155,"name":"ha","x":1},{"width":120,"y":185,"height":155,"name":"ha1","x":1},{"width":44,"y":1,"height":59,"name":"s2","x":442},{"width":42,"y":1,"height":83,"name":"s1","x":398},{"frameY":0,"y":1,"frameWidth":294,"frameX":-34,"frameHeight":182,"width":226,"height":182,"name":"zm","x":1}]}