{"frameRate":60,"isGlobal":0,"name":"jingche","version":"5.0","armature":[{"skin":[{"name":"","slot":[{"display":[{"path":"lunzi","type":"image","name":"lunzi","transform":{"skY":92.2026,"skX":92.2026}}],"name":"lunzi1"},{"display":[{"path":"lunzi","type":"image","name":"lunzi","transform":{"skY":92.2026,"skX":92.2026}}],"name":"lunzi"},{"display":[{"path":"chezi","type":"image","name":"chezi","transform":{"skY":92.2026,"y":32.7642,"skX":92.2026,"x":94.7107}}],"name":"chezi"}]}],"animation":[{"frame":[],"duration":15,"bone":[{"frame":[{"tweenEasing":0,"duration":5,"transform":{}},{"tweenEasing":0,"duration":5,"transform":{}},{"tweenEasing":0,"duration":5,"transform":{}},{"duration":0,"transform":{}}],"name":"root"},{"frame":[{"tweenEasing":0,"duration":5,"transform":{}},{"tweenEasing":0,"duration":5,"transform":{}},{"tweenEasing":0,"duration":5,"transform":{}},{"duration":0,"transform":{}}],"name":"bone"},{"frame":[{"tweenEasing":0,"duration":5,"transform":{}},{"tweenEasing":0,"duration":3,"transform":{"y":-2.2812}},{"tweenEasing":0,"duration":2,"transform":{"y":-3.65}},{"tweenEasing":0,"duration":5,"transform":{"y":-2.6071}},{"duration":0,"transform":{}}],"name":"chezi"},{"frame":[{"tweenEasing":0,"duration":5,"transform":{}},{"tweenEasing":0,"duration":3,"transform":{"skY":120,"y":-0.0877,"skX":120,"x":-2.2796}},{"tweenEasing":0,"duration":2,"transform":{"skY":192,"y":-0.1403,"skX":192,"x":-3.6473}},{"tweenEasing":0,"duration":5,"transform":{"skY":-120,"y":-0.1002,"skX":-120,"x":-2.6052}},{"duration":0,"transform":{}}],"name":"lunzi"},{"frame":[{"tweenEasing":0,"duration":5,"transform":{}},{"tweenEasing":0,"duration":3,"transform":{"skY":120,"y":-0.0877,"skX":120,"x":-2.2796}},{"tweenEasing":0,"duration":2,"transform":{"skY":192,"y":-0.1403,"skX":192,"x":-3.6473}},{"tweenEasing":0,"duration":5,"transform":{"skY":-120,"y":-0.1002,"skX":-120,"x":-2.6052}},{"duration":0,"transform":{}}],"name":"lunzi1"}],"slot":[],"ffd":[],"ik":[],"name":"1","playTimes":0},{"frame":[],"duration":10,"bone":[{"frame":[{"tweenEasing":0,"duration":10,"transform":{}},{"duration":0,"transform":{}}],"name":"root"},{"frame":[{"tweenEasing":0,"duration":10,"transform":{}},{"duration":0,"transform":{}}],"name":"bone"},{"frame":[{"tweenEasing":0,"duration":10,"transform":{}},{"duration":0,"transform":{}}],"name":"chezi"},{"frame":[{"tweenEasing":0,"duration":10,"transform":{}},{"duration":0,"transform":{}}],"name":"lunzi"},{"frame":[{"tweenEasing":0,"duration":10,"transform":{}},{"duration":0,"transform":{}}],"name":"lunzi1"}],"slot":[],"ffd":[],"ik":[],"name":"2","playTimes":0}],"type":"Armature","name":"jingche","bone":[{"name":"root","transform":{}},{"transform":{},"name":"bone","parent":"root"},{"length":41,"transform":{"skY":-92.2026,"y":-45.6,"skX":-92.2026,"x":-1.6},"parent":"bone","name":"chezi"},{"transform":{"y":-220.1344,"x":23.339},"name":"lunzi","parent":"chezi"},{"transform":{"y":260.0038,"x":4.8721},"name":"lunzi1","parent":"chezi"}],"aabb":{"width":835,"y":-281.5,"height":280,"x":-390},"slot":[{"name":"chezi","parent":"chezi","color":{}},{"z":1,"name":"lunzi","parent":"lunzi","color":{}},{"z":2,"name":"lunzi1","parent":"lunzi1","color":{}}],"ik":[],"frameRate":60,"defaultActions":[{"gotoAndPlay":"1"}]}]}