{"frameRate":60,"isGlobal":0,"name":"4A","version":"5.0","armature":[{"skin":[{"name":"","slot":[{"display":[{"path":"hb","type":"image","name":"hb","transform":{"skY":-84.1081,"y":-4.8577,"skX":-84.1081,"x":44.4466}}],"name":"hb"},{"display":[{"path":"s2","type":"image","name":"s2","transform":{"skY":82.2764,"y":1.0404,"skX":82.2764,"x":11.9279}}],"name":"s2"},{"display":[{"path":"ha","type":"image","name":"ha","transform":{"skY":90.3796,"y":-3.2538,"skX":90.3796,"x":17.1297}}],"name":"ha"},{"display":[{"path":"zm","type":"image","name":"zm","transform":{"skY":90,"y":3.261,"skX":90,"x":85.3187}}],"name":"zm"},{"display":[{"path":"st","type":"image","name":"st","transform":{"skY":90.8405,"y":2.8377,"skX":90.8405,"x":36.7268}}],"name":"st"},{"display":[{"path":"s1","type":"image","name":"s1","transform":{"skY":68.7209,"y":0.5791,"skX":68.7209,"x":24.3081}}],"name":"s1"},{"display":[{"path":"xx","type":"image","name":"xx","transform":{"y":-0.7474,"x":-1.2864}}],"name":"xx"}]}],"animation":[{"frame":[],"duration":80,"bone":[{"frame":[{"duration":80,"transform":{}}],"name":"root"},{"frame":[{"duration":80,"transform":{}}],"name":"bone"},{"frame":[{"tweenEasing":0,"duration":80,"transform":{}},{"duration":0,"transform":{}}],"name":"zm"},{"frame":[{"tweenEasing":0,"duration":40,"transform":{}},{"tweenEasing":0,"duration":40,"transform":{"scX":1.05,"scY":1.05}},{"duration":0,"transform":{}}],"name":"st"},{"frame":[{"tweenEasing":0,"duration":40,"transform":{}},{"tweenEasing":0,"duration":9,"transform":{"skY":0.8732,"scX":0.95,"scY":0.95,"skX":0.8732}},{"tweenEasing":0,"duration":31,"transform":{"skY":1.0697,"scX":0.9612,"scY":0.9612,"skX":1.0697}},{"duration":0,"transform":{}}],"name":"ha"},{"frame":[{"tweenEasing":0,"duration":44,"transform":{}},{"tweenEasing":0,"duration":36,"transform":{"skY":-0.9512,"skX":-0.9512}},{"duration":0,"transform":{}}],"name":"hb"},{"frame":[{"tweenEasing":0,"duration":39,"transform":{}},{"tweenEasing":0,"duration":1,"transform":{"skY":6.3504,"scX":0.9512,"scY":0.9512,"skX":6.3504}},{"tweenEasing":0,"duration":40,"transform":{"skY":6.1956,"scX":0.95,"scY":0.95,"skX":6.1956}},{"duration":0,"transform":{}}],"name":"s1"},{"frame":[{"tweenEasing":0,"duration":39,"transform":{}},{"tweenEasing":0,"duration":41,"transform":{"skY":-14.1297,"skX":-14.1297}},{"duration":0,"transform":{}}],"name":"s2"},{"frame":[{"tweenEasing":0,"duration":20,"transform":{"scX":0.01,"scY":0.01,"x":-21.4069}},{"tweenEasing":0,"duration":5,"transform":{"scX":0.01,"scY":0.01,"x":-21.4069}},{"tweenEasing":0,"duration":2,"transform":{"scX":1.5,"scY":1.5,"x":-21.4069}},{"tweenEasing":0,"duration":2,"transform":{"scX":0.8,"scY":0.8,"x":-21.4069}},{"tweenEasing":0,"duration":2,"transform":{"scX":1.3,"scY":1.3,"x":-21.4069}},{"tweenEasing":0,"duration":2,"transform":{"scX":0.9,"scY":0.9,"x":-21.4069}},{"duration":47,"transform":{"x":-21.4069}}],"name":"xx"}],"slot":[],"ffd":[],"ik":[],"name":"daiji","playTimes":0}],"type":"Armature","name":"4A","bone":[{"name":"root","transform":{}},{"transform":{"y":-292.15,"x":89.65},"name":"xx","parent":"root"},{"transform":{},"name":"bone","parent":"root"},{"length":45,"transform":{"skY":-90,"y":-3.8,"skX":-90,"x":-1.25},"parent":"bone","name":"zm"},{"length":40,"transform":{"skY":-0.8405,"y":4.4,"skX":-0.8405,"x":172.9},"parent":"zm","name":"st"},{"length":51,"transform":{"skY":22.1195,"y":-53.8594,"skX":22.1195,"x":13.3915},"parent":"st","name":"s1"},{"length":98,"transform":{"skY":-4.0513,"y":6.8707,"skX":-4.0513,"x":79.7578},"parent":"st","name":"ha"},{"length":27,"transform":{"skY":-13.5555,"y":-4.3584,"skX":-13.5555,"x":59.6876},"parent":"s1","name":"s2"},{"length":55,"transform":{"skY":-169.8958,"y":22.6526,"skX":-169.8958,"x":54.5696},"parent":"ha","name":"hb"}],"aabb":{"width":294,"y":-381.83983904444295,"height":383.72109706754947,"x":-144.98899688245007},"slot":[{"name":"hb","parent":"hb","color":{}},{"z":1,"name":"st","parent":"st","color":{}},{"z":2,"name":"ha","parent":"ha","color":{}},{"z":3,"name":"s2","parent":"s2","color":{}},{"z":4,"name":"s1","parent":"s1","color":{}},{"z":5,"name":"zm","parent":"zm","color":{}},{"z":6,"name":"xx","parent":"xx","color":{}}],"ik":[],"frameRate":60,"defaultActions":[{"gotoAndPlay":"daiji"}]}]}