{"width":512,"imagePath":"4A_tex.png","height":512,"name":"4A","SubTexture":[{"width":202,"y":185,"height":179,"name":"hb","x":264},{"width":116,"y":366,"height":94,"name":"st","x":1},{"width":261,"y":1,"height":217,"name":"ha","x":1},{"width":44,"y":220,"height":55,"name":"s2","x":1},{"width":43,"y":185,"height":81,"name":"s1","x":468},{"frameY":0,"y":1,"frameWidth":294,"frameX":-34,"frameHeight":182,"width":226,"height":182,"name":"zm","x":264},{"width":35,"y":268,"height":67,"name":"xx","x":468}]}