{"frameRate":60,"isGlobal":0,"armature":[{"bone":[{"name":"root","transform":{}},{"transform":{},"name":"bone","parent":"root"},{"length":31,"transform":{"y":-134.45,"skX":-108.1441,"skY":-108.1441,"x":4.6},"parent":"bone","name":"st"},{"length":38,"transform":{"y":2.6357,"skX":16.8015,"skY":16.8015,"x":57.0142},"parent":"st","name":"h"},{"length":23,"transform":{"y":-26.5472,"skX":-131.2672,"skY":-131.2672,"x":46.6359},"parent":"st","name":"s1"},{"length":23,"transform":{"y":16.9149,"skX":145.0635,"skY":145.0635,"x":41.1802},"parent":"st","name":"s2"},{"length":25,"transform":{"y":-18.2416,"skX":177.1066,"skY":177.1066,"x":2.1368},"parent":"st","name":"t1"},{"length":27,"transform":{"y":20.1815,"skX":164.7124,"skY":164.7124,"x":5.0673},"parent":"st","name":"t2"},{"length":24,"transform":{"skX":-16.8584,"skY":-16.8584,"x":25.7675},"parent":"t1","name":"t3"},{"length":20,"transform":{"skX":-32.9151,"skY":-32.9151,"x":27.6798},"parent":"t2","name":"t4"}],"aabb":{"width":134.05486542443066,"y":-280.7193138124816,"height":205.5196687370601,"x":-65.82638272700385},"type":"Armature","frameRate":60,"animation":[{"playTimes":0,"bone":[{"frame":[{"transform":{},"duration":80}],"name":"root"},{"frame":[{"curve":[0.5,0,0.5,1],"transform":{},"duration":80},{"transform":{},"duration":0}],"name":"bone"},{"frame":[{"curve":[0.5,0,0.5,1],"transform":{},"duration":80},{"transform":{},"duration":0}],"name":"st"},{"frame":[{"curve":[0.5,0,0.5,1],"transform":{"skX":-10.079,"skY":-10.079},"duration":40},{"curve":[0.5,0,0.5,1],"transform":{"skX":4.0308,"skY":4.0308},"duration":40},{"transform":{"skX":-10.079,"skY":-10.079},"duration":0}],"name":"h"},{"frame":[{"curve":[0.5,0,0.5,1],"transform":{"skX":-3.7564,"skY":-3.7564},"duration":40},{"curve":[0.5,0,0.5,1],"transform":{"y":-2.2653,"skX":5.1851,"skY":5.1851,"x":0.7423},"duration":40},{"transform":{"skX":-3.7564,"skY":-3.7564},"duration":0}],"name":"s1"},{"frame":[{"curve":[0.5,0,0.5,1],"transform":{"skX":7.5258,"skY":7.5258},"duration":40},{"curve":[0.5,0,0.5,1],"transform":{"skX":-1.8074,"skY":-1.8074},"duration":40},{"transform":{"skX":7.5258,"skY":7.5258},"duration":0}],"name":"s2"},{"frame":[{"curve":[0.5,0,0.5,1],"transform":{"skX":9.2519,"skY":9.2519},"duration":40},{"curve":[0.5,0,0.5,1],"transform":{"skX":-19.6396,"skY":-19.6396},"duration":40},{"transform":{"skX":9.2519,"skY":9.2519},"duration":0}],"name":"t1"},{"frame":[{"curve":[0.5,0,0.5,1],"transform":{"skX":-6.4786,"skY":-6.4786},"duration":40},{"curve":[0.5,0,0.5,1],"transform":{"skX":39.6355,"skY":39.6355},"duration":40},{"transform":{"skX":-6.4786,"skY":-6.4786},"duration":0}],"name":"t2"},{"frame":[{"curve":[0.5,0,0.5,1],"transform":{"skX":46.4091,"skY":46.4091},"duration":40},{"curve":[0.5,0,0.5,1],"transform":{"skX":-7.4053,"skY":-7.4053},"duration":40},{"transform":{"skX":46.4091,"skY":46.4091},"duration":0}],"name":"t3"},{"frame":[{"curve":[0.5,0,0.5,1],"transform":{"skX":-1.2036,"skY":-1.2036},"duration":40},{"curve":[0.5,0,0.5,1],"transform":{"skX":54.7984,"skY":54.7984},"duration":40},{"transform":{"skX":-1.2036,"skY":-1.2036},"duration":0}],"name":"t4"}],"slot":[],"ffd":[],"frame":[],"ik":[],"name":"1","duration":80}],"skin":[{"slot":[{"display":[{"path":"h","type":"image","name":"h","transform":{"y":-7.1603,"skX":91.3426,"skY":91.3426,"x":43.449}}],"name":"h"},{"display":[{"path":"t3","type":"image","name":"t3","transform":{"y":-3.9628,"skX":-52.1041,"skY":-52.1041,"x":20.8894}}],"name":"t3"},{"display":[{"path":"s2","type":"image","name":"s2","transform":{"y":1.4221,"skX":-36.9194,"skY":-36.9194,"x":20.8314}}],"name":"s2"},{"display":[{"path":"s1","type":"image","name":"s1","transform":{"y":-0.3185,"skX":-120.5887,"skY":-120.5887,"x":17.7814}}],"name":"s1"},{"display":[{"path":"t4","type":"image","name":"t4","transform":{"y":0.133,"skX":-23.6532,"skY":-23.6532,"x":13.4628}}],"name":"t4"},{"display":[{"path":"st","type":"image","name":"st","transform":{"y":0.1543,"skX":108.1441,"skY":108.1441,"x":24.4611}}],"name":"st"},{"display":[{"path":"t1","type":"image","name":"t1","transform":{"y":-0.7046,"skX":-68.9625,"skY":-68.9625,"x":9.0029}}],"name":"t1"},{"display":[{"path":"t2","type":"image","name":"t2","transform":{"y":4.6628,"skX":-56.5683,"skY":-56.5683,"x":14.7897}}],"name":"t2"}],"name":""}],"ik":[],"slot":[{"name":"t4","parent":"t4","color":{}},{"z":1,"name":"t2","parent":"t2","color":{}},{"z":2,"name":"t3","parent":"t3","color":{}},{"z":3,"name":"t1","parent":"t1","color":{}},{"z":4,"name":"s2","parent":"s2","color":{}},{"z":5,"name":"st","parent":"st","color":{}},{"z":6,"name":"s1","parent":"s1","color":{}},{"z":7,"name":"h","parent":"h","color":{}}],"name":"nanhai","defaultActions":[{"gotoAndPlay":"1"}]}],"name":"nanhai","version":"5.0"}