{"frameRate":60,"isGlobal":0,"name":"duanxiu2","version":"5.0","armature":[{"skin":[{"name":"","slot":[{"display":[{"path":"s","type":"image","name":"s","transform":{"skY":7.3239,"y":-2.899,"skX":7.3239,"x":8.2279}}],"name":"s"},{"display":[{"path":"t1","type":"image","name":"t1","transform":{"skY":-91.8648,"y":-12.092,"skX":-91.8648,"x":12.7383}}],"name":"t1"},{"display":[{"path":"t2","type":"image","name":"t2","transform":{"skY":-90,"y":-7.8487,"skX":-90,"x":13.0859}}],"name":"t2"},{"display":[{"path":"bz","type":"image","name":"bz","transform":{"skY":96.8708,"y":-4.8706,"skX":96.8708,"x":30.2819}}],"name":"bz"},{"display":[{"path":"st","type":"image","name":"st","transform":{"skY":90.9326,"y":15.7823,"skX":90.9326,"x":67.1443}}],"name":"st"},{"display":[{"path":"h","type":"image","name":"h","transform":{"skY":85.8795,"y":5.2499,"skX":85.8795,"x":41.1312}}],"name":"h"}]}],"animation":[{"frame":[],"duration":80,"bone":[{"frame":[{"duration":80,"transform":{}}],"name":"root"},{"frame":[{"tweenEasing":0,"duration":40,"transform":{}},{"tweenEasing":0,"duration":40,"transform":{}},{"duration":0,"transform":{}}],"name":"bone"},{"frame":[{"tweenEasing":0,"duration":40,"transform":{}},{"tweenEasing":0,"duration":40,"transform":{}},{"duration":0,"transform":{}}],"name":"st"},{"frame":[{"tweenEasing":0,"duration":40,"transform":{}},{"tweenEasing":0,"duration":40,"transform":{}},{"duration":0,"transform":{}}],"name":"bz"},{"frame":[{"tweenEasing":0,"duration":40,"transform":{}},{"tweenEasing":0,"duration":40,"transform":{"skY":-5.2515,"skX":-5.2515}},{"duration":0,"transform":{}}],"name":"h"},{"frame":[{"tweenEasing":0,"duration":40,"transform":{}},{"tweenEasing":0,"duration":40,"transform":{"skY":3.9424,"skX":3.9424}},{"duration":0,"transform":{}}],"name":"s"},{"frame":[{"tweenEasing":0,"duration":40,"transform":{}},{"tweenEasing":0,"duration":40,"transform":{}},{"duration":0,"transform":{}}],"name":"t1"},{"frame":[{"tweenEasing":0,"duration":8,"transform":{}},{"tweenEasing":0,"duration":8,"transform":{"skY":-9.5603,"skX":-9.5603}},{"tweenEasing":0,"duration":8,"transform":{}},{"tweenEasing":0,"duration":8,"transform":{"skY":-9.5603,"skX":-9.5603}},{"tweenEasing":0,"duration":8,"transform":{}},{"tweenEasing":0,"duration":8,"transform":{"skY":-9.5603,"skX":-9.5603}},{"tweenEasing":0,"duration":8,"transform":{}},{"tweenEasing":0,"duration":8,"transform":{"skY":-9.5603,"skX":-9.5603}},{"tweenEasing":0,"duration":8,"transform":{}},{"tweenEasing":0,"duration":8,"transform":{"skY":-9.5603,"skX":-9.5603}},{"duration":0,"transform":{}}],"name":"t2"}],"slot":[],"ffd":[],"ik":[],"name":"1","playTimes":0},{"frame":[],"duration":20,"bone":[{"frame":[{"duration":20,"transform":{}}],"name":"root"},{"frame":[{"duration":20,"transform":{}}],"name":"bone"},{"frame":[{"duration":20,"transform":{}}],"name":"st"},{"frame":[{"tweenEasing":0,"duration":20,"transform":{}},{"duration":0,"transform":{"skY":-10.1342,"skX":-10.1342}}],"name":"h"},{"frame":[{"tweenEasing":0,"duration":20,"transform":{}},{"duration":0,"transform":{"skY":29.7477,"skX":29.7477}}],"name":"s"},{"frame":[{"duration":20,"transform":{}}],"name":"t1"},{"frame":[{"duration":20,"transform":{}}],"name":"t2"},{"frame":[{"tweenEasing":0,"duration":20,"transform":{}},{"duration":0,"transform":{"skY":14.6594,"y":4.4902,"skX":14.6594,"x":1.8529}}],"name":"bz"}],"slot":[],"ffd":[],"ik":[],"name":"2","playTimes":0}],"type":"Armature","name":"duanxiu2","bone":[{"name":"root","transform":{}},{"transform":{},"name":"bone","parent":"root"},{"length":43,"transform":{"skY":-90.9326,"y":-27.0593,"skX":-90.9326,"x":13.8789},"parent":"bone","name":"st"},{"length":29,"transform":{"skY":5.0532,"y":-8.3025,"skX":5.0532,"x":132.0026},"parent":"st","name":"h"},{"length":16,"transform":{"skY":83.6088,"y":-6.3159,"skX":83.6088,"x":82.0137},"parent":"st","name":"s"},{"length":21,"transform":{"skY":-177.2026,"y":42.9715,"skX":-177.2026,"x":-2.0997},"parent":"st","name":"t1"},{"length":19,"transform":{"skY":-179.0674,"y":62.5662,"skX":-179.0674,"x":6.6325},"parent":"st","name":"t2"},{"length":40,"transform":{"skY":-89.547,"y":-20.2205,"skX":-89.547,"x":43.8857},"parent":"s","name":"bz"}],"aabb":{"width":150.55690229459623,"y":-248.05690229459657,"height":252.52266839378254,"x":-43.379256106587306},"slot":[{"name":"t2","parent":"t2","color":{}},{"z":1,"name":"t1","parent":"t1","color":{}},{"z":2,"name":"st","parent":"st","color":{}},{"z":3,"name":"h","parent":"h","color":{}},{"z":4,"name":"bz","parent":"bz","color":{}},{"z":5,"name":"s","parent":"s","color":{}}],"ik":[],"frameRate":60,"defaultActions":[{"gotoAndPlay":"1"}]}]}