{"frameRate":60,"isGlobal":0,"name":"laoren2","version":"5.0","armature":[{"skin":[{"name":"","slot":[{"display":[{"path":"ys","type":"image","name":"ys","transform":{"skY":-93.1798,"y":2.8942,"skX":-93.1798,"x":19.3271}}],"name":"ys"},{"display":[{"path":"yj","type":"image","name":"yj","transform":{"skY":-92.6088,"y":4.374,"skX":-92.6088,"x":19.5109}}],"name":"yj"},{"display":[{"path":"zj","type":"image","name":"zj","transform":{"skY":-87.6088,"y":4.2715,"skX":-87.6088,"x":22.1961}}],"name":"zj"},{"display":[{"path":"zs","type":"image","name":"zs","transform":{"skY":-45.8296,"y":7.931,"skX":-45.8296,"x":19.6046}}],"name":"zs"},{"display":[{"path":"tou","type":"image","name":"tou","transform":{"skY":90,"y":3.321,"skX":90,"x":26.2798}}],"name":"tou"},{"display":[{"path":"st","type":"image","name":"st","transform":{"skY":91.1597,"y":4.6674,"skX":91.1597,"x":2.4997}}],"name":"st"}]}],"animation":[{"frame":[],"duration":80,"bone":[{"frame":[{"duration":80,"transform":{}}],"name":"root"},{"frame":[{"duration":80,"transform":{}}],"name":"bone"},{"frame":[{"tweenEasing":0,"duration":40,"transform":{}},{"tweenEasing":0,"duration":40,"transform":{"y":-2.9}},{"duration":0,"transform":{}}],"name":"st"},{"frame":[{"duration":40,"transform":{},"curve":[0.5,0,0.5,1]},{"duration":1,"transform":{}},{"duration":39,"transform":{"scY":-1}},{"duration":0,"transform":{}}],"name":"tou"},{"frame":[{"duration":40,"transform":{},"curve":[0.5,0,0.5,1]},{"duration":40,"transform":{"skY":16.4736,"skX":16.4736},"curve":[0.5,0,0.5,1]},{"duration":0,"transform":{}}],"name":"ys"},{"frame":[{"duration":40,"transform":{},"curve":[0.5,0,0.5,1]},{"duration":40,"transform":{"skY":-5.678,"skX":-5.678},"curve":[0.5,0,0.5,1]},{"duration":0,"transform":{}}],"name":"zs"},{"frame":[{"tweenEasing":0,"duration":40,"transform":{}},{"tweenEasing":0,"duration":40,"transform":{"y":-0.0587,"x":-2.8994}},{"duration":0,"transform":{}}],"name":"yj"},{"frame":[{"tweenEasing":0,"duration":40,"transform":{}},{"tweenEasing":0,"duration":40,"transform":{"y":-0.0587,"x":-2.8994}},{"duration":0,"transform":{}}],"name":"zj"}],"ik":[],"slot":[],"ffd":[],"name":"1","playTimes":0},{"frame":[],"duration":80,"bone":[{"frame":[{"duration":80,"transform":{}}],"name":"root"},{"frame":[{"duration":80,"transform":{}}],"name":"bone"},{"frame":[{"tweenEasing":0,"duration":40,"transform":{}},{"tweenEasing":0,"duration":40,"transform":{"y":-2.9}},{"duration":0,"transform":{}}],"name":"st"},{"frame":[{"duration":40,"transform":{},"curve":[0.5,0,0.5,1]},{"tweenEasing":0,"duration":40,"transform":{"skY":-4.9031,"skX":-4.9031}},{"duration":0,"transform":{}}],"name":"tou"},{"frame":[{"duration":40,"transform":{},"curve":[0.5,0,0.5,1]},{"duration":40,"transform":{"skY":16.4736,"skX":16.4736},"curve":[0.5,0,0.5,1]},{"duration":0,"transform":{}}],"name":"ys"},{"frame":[{"duration":40,"transform":{},"curve":[0.5,0,0.5,1]},{"duration":40,"transform":{"skY":-5.678,"skX":-5.678},"curve":[0.5,0,0.5,1]},{"duration":0,"transform":{}}],"name":"zs"},{"frame":[{"tweenEasing":0,"duration":40,"transform":{}},{"tweenEasing":0,"duration":40,"transform":{"y":-0.0587,"x":-2.8994}},{"duration":0,"transform":{}}],"name":"yj"},{"frame":[{"tweenEasing":0,"duration":40,"transform":{}},{"tweenEasing":0,"duration":40,"transform":{"y":-0.0587,"x":-2.8994}},{"duration":0,"transform":{}}],"name":"zj"}],"ik":[],"slot":[],"ffd":[],"name":"2","playTimes":0}],"type":"Armature","name":"laoren2","defaultActions":[{"gotoAndPlay":"1"}],"ik":[],"aabb":{"width":55,"y":-148.13667368125377,"height":150.0842634258784,"x":-26.15469525023235},"slot":[{"name":"zj","parent":"zj","color":{}},{"z":1,"name":"yj","parent":"yj","color":{}},{"z":2,"name":"ys","parent":"ys","color":{}},{"z":3,"name":"st","parent":"st","color":{}},{"z":4,"name":"zs","parent":"zs","color":{}},{"z":5,"name":"tou","parent":"tou","color":{}}],"frameRate":60,"bone":[{"name":"root","transform":{}},{"transform":{},"name":"bone","parent":"root"},{"length":24,"transform":{"skY":-91.1597,"y":-61.3326,"skX":-91.1597,"x":-3.3832},"parent":"bone","name":"st"},{"length":20,"transform":{"skY":1.1597,"y":1.9642,"skX":1.1597,"x":27.4901},"parent":"st","name":"tou"},{"length":17,"transform":{"skY":-175.6605,"y":-7.5619,"skX":-175.6605,"x":13.4865},"parent":"st","name":"ys"},{"length":20,"transform":{"skY":131.5151,"y":12.6091,"skX":131.5151,"x":18.3353},"parent":"st","name":"zs"},{"length":20,"transform":{"skY":-176.2315,"y":-2.7476,"skX":-176.2315,"x":-18.0521},"parent":"st","name":"yj"},{"length":22,"transform":{"skY":178.7685,"y":10.4354,"skX":178.7685,"x":-16.1398},"parent":"st","name":"zj"}]}]}