{"frameRate":60,"isGlobal":0,"name":"3jc","version":"5.5","armature":[{"aabb":{"width":169.80519377653,"y":-362.1491,"height":370.0343162898721,"x":-71.22758161102055},"skin":[{"name":"","slot":[{"display":[{"path":"tza","type":"image","name":"tza","transform":{"skY":-81.6795,"y":5.2434,"skX":-81.6795,"x":30.4354}}],"name":"tza"},{"display":[{"path":"syc","type":"image","name":"syc","transform":{"skY":-63.3751,"y":-1.9431,"skX":-63.3751,"x":12.2681}}],"name":"syc"},{"display":[{"path":"tyb","type":"image","name":"tyb","transform":{"skY":-103.0766,"y":1.276,"skX":-103.0766,"x":23.8079}}],"name":"tyb"},{"display":[{"path":"sya","type":"image","name":"sya","transform":{"skY":-106.9457,"y":1.0505,"skX":-106.9457,"x":28.1611}}],"name":"sya"},{"display":[{"path":"yd","type":"image","name":"yd","transform":{"skY":90,"y":-4.1754,"skX":90,"x":-5.2124}}],"name":"yd"},{"display":[{"path":"ha","type":"image","name":"ha","transform":{"skY":90,"y":-6.2595,"skX":90,"x":62.7138}}],"name":"ha"},{"display":[{"path":"szc","type":"image","name":"szc","transform":{"skY":-107.0785,"y":4.9564,"skX":-107.0785,"x":13.5241}}],"name":"szc"},{"display":[{"path":"tzb","type":"image","name":"tzb","transform":{"skY":-85.5169,"y":0.2073,"skX":-85.5169,"x":14.0742}}],"name":"tzb"},{"display":[{"path":"sza","type":"image","name":"sza","transform":{"skY":-67.0043,"y":-0.8651,"skX":-67.0043,"x":32.3058}}],"name":"sza"},{"display":[{"path":"tyc","type":"image","name":"tyc","transform":{"skY":-12.5641,"y":-2.3957,"skX":-12.5641,"x":11.4612}}],"name":"tyc"},{"display":[{"path":"syb","type":"image","name":"syb","transform":{"skY":-98.0345,"y":-0.0377,"skX":-98.0345,"x":25.2824}}],"name":"syb"},{"display":[{"path":"tya","type":"image","name":"tya","transform":{"skY":-94.8322,"y":-2.7238,"skX":-94.8322,"x":20.3566}}],"name":"tya"},{"display":[{"path":"st","type":"image","name":"st","transform":{"skY":90,"y":-6.3148,"skX":90,"x":34.9388}}],"name":"st"},{"display":[{"path":"tzc","type":"image","name":"tzc","transform":{"y":-2.3765,"x":11.0818}}],"name":"tzc"},{"display":[{"path":"szb","type":"image","name":"szb","transform":{"skY":-77.5663,"y":1.4058,"skX":-77.5663,"x":19.5678}}],"name":"szb"}]}],"animation":[{"frame":[],"duration":95,"bone":[{"translateFrame":[{"duration":95}],"scaleFrame":[{"duration":95}],"name":"root","rotateFrame":[{"duration":95}]},{"translateFrame":[{"tweenEasing":0,"duration":30},{"tweenEasing":0,"duration":10},{"tweenEasing":0,"duration":20},{"tweenEasing":0,"duration":35},{"duration":0}],"scaleFrame":[{"tweenEasing":0,"duration":30},{"tweenEasing":0,"duration":10},{"tweenEasing":0,"duration":20},{"tweenEasing":0,"duration":35},{"duration":0}],"name":"bone","rotateFrame":[{"tweenEasing":0,"duration":30},{"tweenEasing":0,"duration":10},{"tweenEasing":0,"duration":20},{"tweenEasing":0,"duration":35},{"duration":0}]},{"translateFrame":[{"tweenEasing":0,"duration":20},{"tweenEasing":0,"duration":10},{"tweenEasing":0,"duration":10},{"tweenEasing":0,"duration":20},{"tweenEasing":0,"duration":35},{"duration":0}],"scaleFrame":[{"tweenEasing":0,"duration":20},{"tweenEasing":0,"duration":10},{"tweenEasing":0,"duration":10},{"tweenEasing":0,"duration":20},{"tweenEasing":0,"duration":35},{"duration":0}],"name":"st","rotateFrame":[{"tweenEasing":0,"duration":20},{"tweenEasing":0,"duration":10,"rotate":-7.5207},{"tweenEasing":0,"duration":10},{"tweenEasing":0,"duration":20},{"tweenEasing":0,"duration":35,"rotate":9.6313},{"duration":0,"rotate":9.6313}]},{"translateFrame":[{"tweenEasing":0,"duration":20},{"tweenEasing":0,"duration":10},{"tweenEasing":0,"duration":10},{"tweenEasing":0,"duration":20},{"tweenEasing":0,"duration":35},{"duration":0}],"scaleFrame":[{"tweenEasing":0,"duration":20},{"tweenEasing":0,"duration":10},{"tweenEasing":0,"duration":10},{"tweenEasing":0,"duration":20},{"tweenEasing":0,"duration":35},{"duration":0}],"name":"ha","rotateFrame":[{"tweenEasing":0,"duration":20},{"tweenEasing":0,"duration":10,"rotate":-5.5237},{"tweenEasing":0,"duration":10},{"tweenEasing":0,"duration":20},{"tweenEasing":0,"duration":35,"rotate":8.445},{"duration":0,"rotate":8.445}]},{"translateFrame":[{"tweenEasing":0,"duration":20},{"tweenEasing":0,"y":-3.9673,"duration":10,"x":-8.1502},{"tweenEasing":0,"duration":5},{"tweenEasing":0,"duration":5},{"tweenEasing":0,"duration":20},{"tweenEasing":0,"y":-6.4662,"duration":35,"x":-6.098},{"y":-6.4662,"duration":0,"x":-6.098}],"scaleFrame":[{"tweenEasing":0,"duration":20},{"tweenEasing":0,"duration":10},{"tweenEasing":0,"duration":5},{"tweenEasing":0,"duration":5},{"tweenEasing":0,"duration":20},{"tweenEasing":0,"duration":35},{"duration":0}],"name":"sza","rotateFrame":[{"tweenEasing":0,"duration":20},{"tweenEasing":0,"duration":10,"rotate":-93.4535},{"tweenEasing":0,"duration":5,"rotate":-36.8452},{"tweenEasing":0,"duration":5,"rotate":-44.045},{"tweenEasing":0,"duration":20,"rotate":-36.8452},{"tweenEasing":0,"duration":35,"rotate":-53.0671},{"duration":0,"rotate":-53.0671}]},{"translateFrame":[{"tweenEasing":0,"duration":20},{"tweenEasing":0,"duration":10},{"tweenEasing":0,"duration":5},{"tweenEasing":0,"duration":5},{"tweenEasing":0,"duration":20},{"tweenEasing":0,"duration":35},{"duration":0}],"scaleFrame":[{"tweenEasing":0,"duration":20},{"tweenEasing":0,"duration":10},{"tweenEasing":0,"duration":5},{"tweenEasing":0,"duration":5},{"tweenEasing":0,"duration":20},{"tweenEasing":0,"duration":35},{"duration":0}],"name":"szb","rotateFrame":[{"tweenEasing":0,"duration":20},{"tweenEasing":0,"duration":10,"rotate":-7.8216},{"tweenEasing":0,"duration":5,"rotate":-36.8452},{"tweenEasing":0,"duration":5,"rotate":-44.045},{"tweenEasing":0,"duration":20,"rotate":-36.8452},{"tweenEasing":0,"duration":35,"rotate":-36.8452},{"duration":0,"rotate":-36.8452}]},{"translateFrame":[{"tweenEasing":0,"duration":20},{"tweenEasing":0,"duration":10},{"tweenEasing":0,"duration":5},{"tweenEasing":0,"duration":5},{"tweenEasing":0,"duration":20},{"tweenEasing":0,"duration":35},{"duration":0}],"scaleFrame":[{"tweenEasing":0,"duration":20},{"tweenEasing":0,"duration":10},{"tweenEasing":0,"duration":5},{"tweenEasing":0,"duration":5},{"tweenEasing":0,"duration":20},{"tweenEasing":0,"duration":35},{"duration":0}],"name":"szc","rotateFrame":[{"tweenEasing":0,"duration":20},{"tweenEasing":0,"duration":10,"rotate":-15.2104},{"tweenEasing":0,"duration":5,"rotate":-36.8452},{"tweenEasing":0,"duration":5,"rotate":-44.045},{"tweenEasing":0,"duration":20,"rotate":-36.8452},{"tweenEasing":0,"duration":35,"rotate":-36.8452},{"duration":0,"rotate":-36.8452}]},{"translateFrame":[{"tweenEasing":0,"duration":30},{"tweenEasing":0,"duration":10},{"tweenEasing":0,"duration":20},{"tweenEasing":0,"duration":35},{"duration":0}],"scaleFrame":[{"tweenEasing":0,"duration":30},{"tweenEasing":0,"duration":10},{"tweenEasing":0,"duration":20},{"tweenEasing":0,"duration":35},{"duration":0}],"name":"sya","rotateFrame":[{"tweenEasing":0,"duration":30},{"tweenEasing":0,"duration":10},{"tweenEasing":0,"duration":20,"rotate":4.8171},{"tweenEasing":0,"duration":35,"rotate":14.4512},{"duration":0,"rotate":14.4512}]},{"translateFrame":[{"tweenEasing":0,"duration":30},{"tweenEasing":0,"duration":10},{"tweenEasing":0,"duration":20},{"tweenEasing":0,"y":3.617,"duration":35,"x":3.1474},{"y":3.617,"duration":0,"x":3.1474}],"scaleFrame":[{"tweenEasing":0,"duration":30},{"tweenEasing":0,"duration":10},{"tweenEasing":0,"duration":20},{"tweenEasing":0,"duration":35},{"duration":0}],"name":"syb","rotateFrame":[{"tweenEasing":0,"duration":30},{"tweenEasing":0,"duration":10},{"tweenEasing":0,"duration":20,"rotate":-23.3598},{"tweenEasing":0,"duration":35,"rotate":-70.0794},{"duration":0,"rotate":-70.0794}]},{"translateFrame":[{"tweenEasing":0,"duration":30},{"tweenEasing":0,"duration":10},{"tweenEasing":0,"duration":20},{"tweenEasing":0,"duration":35},{"duration":0}],"scaleFrame":[{"tweenEasing":0,"duration":30},{"tweenEasing":0,"duration":10},{"tweenEasing":0,"duration":20},{"tweenEasing":0,"duration":35},{"duration":0}],"name":"syc","rotateFrame":[{"tweenEasing":0,"duration":30},{"tweenEasing":0,"duration":10},{"tweenEasing":0,"duration":20},{"tweenEasing":0,"duration":35},{"duration":0}]},{"translateFrame":[{"tweenEasing":0,"duration":20},{"tweenEasing":0,"duration":10},{"tweenEasing":0,"duration":10},{"tweenEasing":0,"duration":20},{"tweenEasing":0,"duration":35},{"duration":0}],"scaleFrame":[{"tweenEasing":0,"duration":20},{"tweenEasing":0,"duration":10},{"tweenEasing":0,"duration":10},{"tweenEasing":0,"duration":20},{"tweenEasing":0,"duration":35},{"duration":0}],"name":"tya","rotateFrame":[{"tweenEasing":0,"duration":20},{"tweenEasing":0,"duration":10,"rotate":8.9525},{"tweenEasing":0,"duration":10},{"tweenEasing":0,"duration":20},{"tweenEasing":0,"duration":35,"rotate":-9.3672},{"duration":0,"rotate":-9.3672}]},{"translateFrame":[{"tweenEasing":0,"duration":30},{"tweenEasing":0,"duration":10},{"tweenEasing":0,"duration":20},{"tweenEasing":0,"duration":35},{"duration":0}],"scaleFrame":[{"tweenEasing":0,"duration":30},{"tweenEasing":0,"duration":10},{"tweenEasing":0,"duration":20},{"tweenEasing":0,"duration":35},{"duration":0}],"name":"tyb","rotateFrame":[{"tweenEasing":0,"duration":30},{"tweenEasing":0,"duration":10},{"tweenEasing":0,"duration":20},{"tweenEasing":0,"duration":35},{"duration":0}]},{"translateFrame":[{"tweenEasing":0,"duration":30},{"tweenEasing":0,"duration":10},{"tweenEasing":0,"duration":20},{"tweenEasing":0,"duration":35},{"duration":0}],"scaleFrame":[{"tweenEasing":0,"duration":30},{"tweenEasing":0,"duration":10},{"tweenEasing":0,"duration":20},{"tweenEasing":0,"duration":35},{"duration":0}],"name":"tyc","rotateFrame":[{"tweenEasing":0,"duration":30},{"tweenEasing":0,"duration":10},{"tweenEasing":0,"duration":20},{"tweenEasing":0,"duration":35},{"duration":0}]},{"translateFrame":[{"tweenEasing":0,"duration":20},{"tweenEasing":0,"duration":10},{"tweenEasing":0,"duration":10},{"tweenEasing":0,"duration":20},{"tweenEasing":0,"duration":35},{"duration":0}],"scaleFrame":[{"tweenEasing":0,"duration":20},{"tweenEasing":0,"duration":10},{"tweenEasing":0,"duration":10},{"tweenEasing":0,"duration":20},{"tweenEasing":0,"duration":35},{"duration":0}],"name":"tza","rotateFrame":[{"tweenEasing":0,"duration":20},{"tweenEasing":0,"duration":10,"rotate":8.9216},{"tweenEasing":0,"duration":10},{"tweenEasing":0,"duration":20},{"tweenEasing":0,"duration":35,"rotate":-7.6442},{"duration":0,"rotate":-7.6442}]},{"translateFrame":[{"tweenEasing":0,"duration":30},{"tweenEasing":0,"duration":10},{"tweenEasing":0,"duration":20},{"tweenEasing":0,"duration":35},{"duration":0}],"scaleFrame":[{"tweenEasing":0,"duration":30},{"tweenEasing":0,"duration":10},{"tweenEasing":0,"duration":20},{"tweenEasing":0,"duration":35},{"duration":0}],"name":"tzb","rotateFrame":[{"tweenEasing":0,"duration":30},{"tweenEasing":0,"duration":10},{"tweenEasing":0,"duration":20},{"tweenEasing":0,"duration":35},{"duration":0}]},{"translateFrame":[{"tweenEasing":0,"duration":30},{"tweenEasing":0,"duration":10},{"tweenEasing":0,"duration":20},{"tweenEasing":0,"duration":35},{"duration":0}],"scaleFrame":[{"tweenEasing":0,"duration":30},{"tweenEasing":0,"duration":10},{"tweenEasing":0,"duration":20},{"tweenEasing":0,"duration":35},{"duration":0}],"name":"tzc","rotateFrame":[{"tweenEasing":0,"duration":30},{"tweenEasing":0,"duration":10},{"tweenEasing":0,"duration":20},{"tweenEasing":0,"duration":35},{"duration":0}]}],"ik":[],"slot":[{"colorFrame":[],"displayFrame":[],"name":"szc"},{"colorFrame":[],"displayFrame":[],"name":"szb"},{"colorFrame":[],"displayFrame":[],"name":"sza"},{"colorFrame":[],"displayFrame":[],"name":"syc"},{"colorFrame":[],"displayFrame":[],"name":"syb"},{"colorFrame":[],"displayFrame":[],"name":"sya"},{"colorFrame":[],"displayFrame":[],"name":"st"},{"colorFrame":[],"displayFrame":[],"name":"ha"},{"colorFrame":[],"displayFrame":[],"name":"tzc"},{"colorFrame":[],"displayFrame":[],"name":"tzb"},{"colorFrame":[],"displayFrame":[],"name":"tza"},{"colorFrame":[],"displayFrame":[],"name":"tyc"},{"colorFrame":[],"displayFrame":[],"name":"tyb"},{"colorFrame":[],"displayFrame":[],"name":"tya"},{"colorFrame":[],"displayFrame":[],"name":"yd"}],"ffd":[],"name":"1","playTimes":0},{"frame":[],"duration":40,"bone":[{"translateFrame":[{"duration":40}],"scaleFrame":[{"duration":40}],"name":"root","rotateFrame":[{"duration":40}]},{"translateFrame":[{"tweenEasing":0,"duration":20},{"tweenEasing":0,"duration":5},{"tweenEasing":0,"duration":5},{"tweenEasing":0,"duration":10},{"duration":0}],"scaleFrame":[{"tweenEasing":0,"duration":20},{"tweenEasing":0,"duration":5},{"tweenEasing":0,"duration":5},{"tweenEasing":0,"duration":10},{"duration":0}],"name":"bone","rotateFrame":[{"tweenEasing":0,"duration":20},{"tweenEasing":0,"duration":5},{"tweenEasing":0,"duration":5},{"tweenEasing":0,"duration":10},{"duration":0}]},{"translateFrame":[{"tweenEasing":0,"y":-868.7114,"duration":20},{"tweenEasing":0,"y":16.0862,"duration":5},{"tweenEasing":0,"y":22.1062,"duration":5},{"tweenEasing":0,"y":16.0862,"duration":10},{"duration":0}],"scaleFrame":[{"tweenEasing":0,"duration":20},{"tweenEasing":0,"duration":5},{"tweenEasing":0,"duration":5,"x":0.95},{"tweenEasing":0,"duration":10},{"duration":0}],"name":"st","rotateFrame":[{"tweenEasing":0,"duration":20,"rotate":20.9072},{"tweenEasing":0,"duration":5,"rotate":20.9072},{"tweenEasing":0,"duration":5,"rotate":25.4967},{"tweenEasing":0,"duration":10,"rotate":20.9072},{"duration":0}]},{"translateFrame":[{"tweenEasing":0,"duration":20},{"tweenEasing":0,"duration":5},{"tweenEasing":0,"duration":5},{"tweenEasing":0,"duration":10},{"duration":0}],"scaleFrame":[{"tweenEasing":0,"duration":20},{"tweenEasing":0,"duration":5},{"tweenEasing":0,"duration":5},{"tweenEasing":0,"duration":10},{"duration":0}],"name":"ha","rotateFrame":[{"tweenEasing":0,"duration":20},{"tweenEasing":0,"duration":5},{"tweenEasing":0,"duration":5},{"tweenEasing":0,"duration":10},{"duration":0}]},{"translateFrame":[{"tweenEasing":0,"duration":20},{"tweenEasing":0,"duration":5},{"tweenEasing":0,"duration":5},{"tweenEasing":0,"duration":10},{"duration":0}],"scaleFrame":[{"tweenEasing":0,"duration":20},{"tweenEasing":0,"duration":5},{"tweenEasing":0,"duration":5},{"tweenEasing":0,"duration":10},{"duration":0}],"name":"sza","rotateFrame":[{"tweenEasing":0,"duration":20,"rotate":-64.7746},{"tweenEasing":0,"duration":5,"rotate":-49.3587},{"tweenEasing":0,"duration":5,"rotate":-65.6839},{"tweenEasing":0,"duration":10,"rotate":-58.1144},{"duration":0}]},{"translateFrame":[{"tweenEasing":0,"duration":20},{"tweenEasing":0,"duration":5},{"tweenEasing":0,"duration":5},{"tweenEasing":0,"duration":10},{"duration":0}],"scaleFrame":[{"tweenEasing":0,"duration":20},{"tweenEasing":0,"duration":5},{"tweenEasing":0,"duration":5},{"tweenEasing":0,"duration":10},{"duration":0}],"name":"szb","rotateFrame":[{"tweenEasing":0,"duration":20,"rotate":79.0639},{"tweenEasing":0,"duration":5,"rotate":94.4798},{"tweenEasing":0,"duration":5,"rotate":78.1547},{"tweenEasing":0,"duration":10,"rotate":85.7242},{"duration":0}]},{"translateFrame":[{"tweenEasing":0,"duration":20},{"tweenEasing":0,"duration":5},{"tweenEasing":0,"duration":5},{"tweenEasing":0,"duration":10},{"duration":0}],"scaleFrame":[{"tweenEasing":0,"duration":20},{"tweenEasing":0,"duration":5},{"tweenEasing":0,"duration":5},{"tweenEasing":0,"duration":10},{"duration":0}],"name":"szc","rotateFrame":[{"tweenEasing":0,"duration":20},{"tweenEasing":0,"duration":5,"rotate":15.4159},{"tweenEasing":0,"duration":5,"rotate":-0.9092},{"tweenEasing":0,"duration":10,"rotate":6.6603},{"duration":0}]},{"translateFrame":[{"tweenEasing":0,"duration":20},{"tweenEasing":0,"duration":5},{"tweenEasing":0,"duration":5},{"tweenEasing":0,"duration":10},{"duration":0}],"scaleFrame":[{"tweenEasing":0,"duration":20},{"tweenEasing":0,"duration":5},{"tweenEasing":0,"duration":5},{"tweenEasing":0,"duration":10},{"duration":0}],"name":"sya","rotateFrame":[{"tweenEasing":0,"duration":20,"rotate":52.5672},{"tweenEasing":0,"duration":5,"rotate":36.9947},{"tweenEasing":0,"duration":5,"rotate":53.3661},{"tweenEasing":0,"duration":10,"rotate":47.2253},{"duration":0}]},{"translateFrame":[{"tweenEasing":0,"duration":20},{"tweenEasing":0,"duration":5},{"tweenEasing":0,"duration":5},{"tweenEasing":0,"duration":10},{"duration":0}],"scaleFrame":[{"tweenEasing":0,"duration":20},{"tweenEasing":0,"duration":5},{"tweenEasing":0,"duration":5},{"tweenEasing":0,"duration":10},{"duration":0}],"name":"syb","rotateFrame":[{"tweenEasing":0,"duration":20,"rotate":-65.5127},{"tweenEasing":0,"duration":5,"rotate":-81.0852},{"tweenEasing":0,"duration":5,"rotate":-64.7138},{"tweenEasing":0,"duration":10,"rotate":-70.8546},{"duration":0}]},{"translateFrame":[{"tweenEasing":0,"duration":20},{"tweenEasing":0,"duration":5},{"tweenEasing":0,"duration":5},{"tweenEasing":0,"duration":10},{"duration":0}],"scaleFrame":[{"tweenEasing":0,"duration":20},{"tweenEasing":0,"duration":5},{"tweenEasing":0,"duration":5},{"tweenEasing":0,"duration":10},{"duration":0}],"name":"syc","rotateFrame":[{"tweenEasing":0,"duration":20},{"tweenEasing":0,"duration":5,"rotate":-15.5725},{"tweenEasing":0,"duration":5,"rotate":0.7989},{"tweenEasing":0,"duration":10,"rotate":-5.3419},{"duration":0}]},{"translateFrame":[{"tweenEasing":0,"duration":20},{"tweenEasing":0,"duration":5},{"tweenEasing":0,"duration":5},{"tweenEasing":0,"duration":10},{"duration":0}],"scaleFrame":[{"tweenEasing":0,"duration":20},{"tweenEasing":0,"duration":5},{"tweenEasing":0,"duration":5},{"tweenEasing":0,"duration":10},{"duration":0}],"name":"tya","rotateFrame":[{"tweenEasing":0,"duration":20,"rotate":-10.5933},{"tweenEasing":0,"duration":5,"rotate":-10.5933},{"tweenEasing":0,"duration":5,"rotate":-9.4785},{"tweenEasing":0,"duration":10,"rotate":-10.5933},{"duration":0}]},{"translateFrame":[{"tweenEasing":0,"duration":20},{"tweenEasing":0,"duration":5},{"tweenEasing":0,"duration":5},{"tweenEasing":0,"duration":10},{"duration":0}],"scaleFrame":[{"tweenEasing":0,"duration":20},{"tweenEasing":0,"duration":5},{"tweenEasing":0,"duration":5},{"tweenEasing":0,"duration":10},{"duration":0}],"name":"tyb","rotateFrame":[{"tweenEasing":0,"duration":20,"rotate":29.6846},{"tweenEasing":0,"duration":5,"rotate":29.6846},{"tweenEasing":0,"duration":5,"rotate":29.6846},{"tweenEasing":0,"duration":10,"rotate":29.6846},{"duration":0}]},{"translateFrame":[{"tweenEasing":0,"duration":20},{"tweenEasing":0,"duration":5},{"tweenEasing":0,"duration":5},{"tweenEasing":0,"duration":10},{"duration":0}],"scaleFrame":[{"tweenEasing":0,"duration":20},{"tweenEasing":0,"duration":5},{"tweenEasing":0,"duration":5},{"tweenEasing":0,"duration":10},{"duration":0}],"name":"tyc","rotateFrame":[{"tweenEasing":0,"duration":20,"rotate":-11.0054},{"tweenEasing":0,"duration":5,"rotate":-11.0054},{"tweenEasing":0,"duration":5,"rotate":-11.0054},{"tweenEasing":0,"duration":10,"rotate":-11.0054},{"duration":0}]},{"translateFrame":[{"tweenEasing":0,"duration":20},{"tweenEasing":0,"duration":5},{"tweenEasing":0,"duration":5},{"tweenEasing":0,"duration":10},{"duration":0}],"scaleFrame":[{"tweenEasing":0,"duration":20},{"tweenEasing":0,"duration":5},{"tweenEasing":0,"duration":5},{"tweenEasing":0,"duration":10},{"duration":0}],"name":"tza","rotateFrame":[{"tweenEasing":0,"duration":20,"rotate":-35.0939},{"tweenEasing":0,"duration":5,"rotate":-35.0939},{"tweenEasing":0,"duration":5,"rotate":-45.4059},{"tweenEasing":0,"duration":10,"rotate":-35.0939},{"duration":0}]},{"translateFrame":[{"tweenEasing":0,"duration":20},{"tweenEasing":0,"duration":5},{"tweenEasing":0,"duration":5},{"tweenEasing":0,"duration":10},{"duration":0}],"scaleFrame":[{"tweenEasing":0,"duration":20},{"tweenEasing":0,"duration":5},{"tweenEasing":0,"duration":5},{"tweenEasing":0,"duration":10},{"duration":0}],"name":"tzb","rotateFrame":[{"tweenEasing":0,"duration":20,"rotate":18.6288},{"tweenEasing":0,"duration":5,"rotate":18.6288},{"tweenEasing":0,"duration":5,"rotate":18.6288},{"tweenEasing":0,"duration":10,"rotate":18.6288},{"duration":0}]},{"translateFrame":[{"tweenEasing":0,"y":-1.161,"duration":20,"x":-2.3178},{"tweenEasing":0,"y":-1.161,"duration":5,"x":-2.3178},{"tweenEasing":0,"y":-1.161,"duration":5,"x":-2.3178},{"tweenEasing":0,"y":-1.161,"duration":10,"x":-2.3178},{"duration":0}],"scaleFrame":[{"tweenEasing":0,"duration":20},{"tweenEasing":0,"duration":5},{"tweenEasing":0,"duration":5},{"tweenEasing":0,"duration":10},{"duration":0}],"name":"tzc","rotateFrame":[{"tweenEasing":0,"duration":20,"rotate":-6.3595},{"tweenEasing":0,"duration":5,"rotate":-6.3595},{"tweenEasing":0,"duration":5,"rotate":-6.3595},{"tweenEasing":0,"duration":10,"rotate":-6.3595},{"duration":0}]}],"ik":[],"slot":[{"colorFrame":[],"displayFrame":[],"name":"szc"},{"colorFrame":[],"displayFrame":[],"name":"szb"},{"colorFrame":[],"displayFrame":[],"name":"sza"},{"colorFrame":[],"displayFrame":[],"name":"syc"},{"colorFrame":[],"displayFrame":[],"name":"syb"},{"colorFrame":[],"displayFrame":[],"name":"sya"},{"colorFrame":[],"displayFrame":[],"name":"st"},{"colorFrame":[],"displayFrame":[],"name":"ha"},{"colorFrame":[],"displayFrame":[],"name":"tzc"},{"colorFrame":[],"displayFrame":[],"name":"tzb"},{"colorFrame":[],"displayFrame":[],"name":"tza"},{"colorFrame":[],"displayFrame":[],"name":"tyc"},{"colorFrame":[],"displayFrame":[],"name":"tyb"},{"colorFrame":[],"displayFrame":[],"name":"tya"},{"colorFrame":[],"displayFrame":[],"name":"yd"}],"ffd":[],"name":"2","playTimes":0}],"type":"Armature","name":"3jc","bone":[{"name":"root","transform":{}},{"transform":{},"name":"bone","parent":"root"},{"length":42,"transform":{"skY":-90,"y":-119.5853,"skX":-90,"x":13.1437},"parent":"bone","name":"st"},{"length":45,"transform":{"y":1.9,"x":104.35},"parent":"st","name":"ha"},{"length":68,"transform":{"skY":157.0043,"y":41.7936,"skX":157.0043,"x":80.5631},"parent":"st","name":"sza"},{"length":53,"transform":{"skY":171.6795,"y":8.9715,"skX":171.6795,"x":-9.1645},"parent":"st","name":"tza"},{"length":59,"transform":{"skY":-163.0543,"y":-51.6749,"skX":-163.0543,"x":73.492},"parent":"st","name":"sya"},{"length":45,"transform":{"skY":-175.1678,"y":-14.786,"skX":-175.1678,"x":-13.593},"parent":"st","name":"tya"},{"length":55,"transform":{"skY":8.2444,"y":-1.0877,"skX":8.2444,"x":42.3817},"parent":"tya","name":"tyb"},{"length":55,"transform":{"skY":-8.9112,"skX":-8.9112,"x":59.0122},"parent":"sya","name":"syb"},{"length":48,"transform":{"skY":10.562,"skX":10.562,"x":68.6015},"parent":"sza","name":"szb"},{"length":36,"transform":{"skY":3.8374,"skX":3.8374,"x":53.2101},"parent":"tza","name":"tzb"},{"length":26,"transform":{"skY":-90.5125,"y":-0.1606,"skX":-90.5125,"x":59.9174},"parent":"tyb","name":"tyc"},{"length":21,"transform":{"skY":-34.6594,"skX":-34.6594,"x":55.0908},"parent":"syb","name":"syc"},{"length":26,"transform":{"skY":29.5122,"skX":29.5122,"x":48.9992},"parent":"szb","name":"szc"},{"length":22,"transform":{"skY":-85.5169,"y":0.0261,"skX":-85.5169,"x":48.9477},"parent":"tzb","name":"tzc"}],"ik":[],"slot":[{"name":"szc","parent":"szc","color":{}},{"z":1,"name":"szb","parent":"szb","color":{}},{"z":2,"name":"sza","parent":"sza","color":{}},{"z":3,"name":"syc","parent":"syc","color":{}},{"z":4,"name":"syb","parent":"syb","color":{}},{"z":5,"name":"sya","parent":"sya","color":{}},{"z":6,"name":"st","parent":"st","color":{}},{"z":7,"name":"ha","parent":"ha","color":{}},{"z":8,"name":"tzc","parent":"tzc","color":{}},{"z":9,"name":"tzb","parent":"tzb","color":{}},{"z":10,"name":"tza","parent":"tza","color":{}},{"z":11,"name":"tyc","parent":"tyc","color":{}},{"z":12,"name":"tyb","parent":"tyb","color":{}},{"z":13,"name":"tya","parent":"tya","color":{}},{"z":14,"name":"yd","parent":"st","color":{}}],"frameRate":60,"defaultActions":[{"gotoAndPlay":"1"}]}]}