{"width":512,"imagePath":"gou1_tex.png","height":512,"name":"gou1","SubTexture":[{"width":19,"y":40,"height":35,"name":"qz","x":470},{"width":23,"y":1,"height":37,"name":"hz","x":470},{"width":115,"y":1,"height":61,"name":"st","x":327},{"width":34,"y":135,"height":43,"name":"hy","x":292},{"width":24,"y":1,"height":38,"name":"qy","x":444},{"frameY":-14,"y":76,"frameWidth":372,"frameX":-7,"frameHeight":73,"width":343,"height":57,"name":"yw04","x":1},{"frameY":-15,"y":201,"frameWidth":372,"frameX":-44,"frameHeight":73,"width":309,"height":56,"name":"yw02","x":1},{"frameY":0,"y":1,"frameWidth":372,"frameX":-28,"frameHeight":73,"width":324,"height":73,"name":"yw03","x":1},{"frameY":-8,"y":135,"frameWidth":372,"frameX":-60,"frameHeight":73,"width":289,"height":64,"name":"yw01","x":1}]}