{"frameRate":60,"isGlobal":0,"name":"gou1","version":"5.0","armature":[{"skin":[{"name":"","slot":[{"display":[{"path":"hy","type":"image","name":"hy","transform":{"skY":-125.099,"y":-6.6596,"skX":-125.099,"x":14.6666}}],"name":"hy"},{"display":[{"path":"qy","type":"image","name":"qy","transform":{"skY":-90.6177,"y":-1.5377,"skX":-90.6177,"x":16.8301}}],"name":"qy11"},{"display":[{"path":"hz","type":"image","name":"hz","transform":{"skY":-103.9503,"y":-2.737,"skX":-103.9503,"x":11.6762}}],"name":"hz"},{"display":[{"path":"st","type":"image","name":"st","transform":{"skY":90.876,"y":9.269,"skX":90.876,"x":22.6067}}],"name":"st11"},{"display":[{"path":"qy","type":"image","name":"qy","transform":{"skY":-90.6177,"y":-1.5377,"skX":-90.6177,"x":16.8301}}],"name":"qy1"},{"display":[{"path":"qz","type":"image","name":"qz","transform":{"skY":-90,"y":-0.8949,"skX":-90,"x":14.2397}}],"name":"qz11"},{"display":[{"path":"st","type":"image","name":"st","transform":{"skY":90.876,"y":9.269,"skX":90.876,"x":22.6067}}],"name":"st1"},{"display":[{"path":"qy","type":"image","name":"qy","transform":{"skY":-90.6177,"y":-1.5377,"skX":-90.6177,"x":16.8301}}],"name":"qy"},{"display":[{"path":"qz","type":"image","name":"qz","transform":{"skY":-90,"y":-0.8949,"skX":-90,"x":14.2397}}],"name":"qz1"},{"display":[{"path":"st","type":"image","name":"st","transform":{"skY":90.876,"y":9.269,"skX":90.876,"x":22.6067}}],"name":"st"},{"display":[{"path":"hy","type":"image","name":"hy","transform":{"skY":-125.099,"y":-6.6596,"skX":-125.099,"x":14.6666}}],"name":"hy11"},{"display":[{"path":"qz","type":"image","name":"qz","transform":{"skY":-90,"y":-0.8949,"skX":-90,"x":14.2397}}],"name":"qz"},{"display":[{"path":"hz","type":"image","name":"hz","transform":{"skY":-103.9503,"y":-2.737,"skX":-103.9503,"x":11.6762}}],"name":"hz11"},{"display":[{"path":"hy","type":"image","name":"hy","transform":{"skY":-125.099,"y":-6.6596,"skX":-125.099,"x":14.6666}}],"name":"hy1"},{"display":[{"path":"yw01","type":"image","name":"yw01","transform":{}},{"path":"yw02","type":"image","name":"yw02","transform":{}},{"path":"yw03","type":"image","name":"yw03","transform":{}},{"path":"yw04","type":"image","name":"yw04","transform":{}}],"name":"yw01"},{"display":[{"path":"hz","type":"image","name":"hz","transform":{"skY":-103.9503,"y":-2.737,"skX":-103.9503,"x":11.6762}}],"name":"hz1"}]}],"animation":[{"frame":[],"duration":40,"bone":[{"frame":[{"duration":40,"transform":{}}],"name":"root"},{"frame":[{"duration":40,"transform":{}}],"name":"bone"},{"frame":[{"tweenEasing":0,"duration":10,"transform":{}},{"tweenEasing":0,"duration":10,"transform":{"y":-2.6818}},{"tweenEasing":0,"duration":10,"transform":{}},{"tweenEasing":0,"duration":10,"transform":{"y":-2.6818}},{"duration":0,"transform":{}}],"name":"st"},{"frame":[{"tweenEasing":0,"duration":10,"transform":{}},{"tweenEasing":0,"duration":10,"transform":{"skY":-53.3923,"y":0.5896,"skX":-53.3923,"x":3.4777}},{"tweenEasing":0,"duration":10,"transform":{}},{"tweenEasing":0,"duration":10,"transform":{"skY":45.4942,"y":0.4455,"skX":45.4942,"x":2.8228}},{"duration":0,"transform":{}}],"name":"qy"},{"frame":[{"tweenEasing":0,"duration":8,"transform":{"skY":36.3953,"y":1.1218,"skX":36.3953,"x":3.2013}},{"tweenEasing":0,"duration":10,"transform":{}},{"tweenEasing":0,"duration":10,"transform":{"skY":-53.3923,"y":1.1054,"skX":-53.3923,"x":2.1288}},{"tweenEasing":0,"duration":10,"transform":{}},{"tweenEasing":0,"duration":2,"transform":{"skY":45.4942,"y":1.4022,"skX":45.4942,"x":4.0017}},{"duration":0,"transform":{"skY":36.3953,"y":1.1218,"skX":36.3953,"x":3.2013}}],"name":"qz"},{"frame":[{"tweenEasing":0,"duration":4,"transform":{"skY":-21.3569,"y":0.4405,"skX":-21.3569,"x":0.7442}},{"tweenEasing":0,"duration":10,"transform":{}},{"tweenEasing":0,"duration":10,"transform":{"skY":45.4942,"y":1.394,"skX":45.4942,"x":3.4654}},{"tweenEasing":0,"duration":10,"transform":{}},{"tweenEasing":0,"duration":6,"transform":{"skY":-53.3923,"y":1.1013,"skX":-53.3923,"x":1.8606}},{"duration":0,"transform":{"skY":-21.3569,"y":0.4405,"skX":-21.3569,"x":0.7442}}],"name":"hz"},{"frame":[{"tweenEasing":0,"duration":6,"transform":{"skY":18.1977,"y":0.0523,"skX":18.1977,"x":0.9647}},{"tweenEasing":0,"duration":10,"transform":{"skY":45.4942,"y":0.1308,"skX":45.4942,"x":2.4119}},{"tweenEasing":0,"duration":10,"transform":{}},{"tweenEasing":0,"duration":10,"transform":{"skY":-53.3923,"y":0.8413,"skX":-53.3923,"x":2.401}},{"tweenEasing":0,"duration":4,"transform":{}},{"duration":0,"transform":{"skY":18.1977,"y":0.0523,"skX":18.1977,"x":0.9647}}],"name":"hy"},{"frame":[{"duration":40,"transform":{}}],"name":"bone1"},{"frame":[{"tweenEasing":0,"duration":10,"transform":{}},{"tweenEasing":0,"duration":10,"transform":{"y":-2.6818}},{"tweenEasing":0,"duration":10,"transform":{}},{"tweenEasing":0,"duration":10,"transform":{"y":-2.6818}},{"duration":0,"transform":{}}],"name":"st1"},{"frame":[{"tweenEasing":0,"duration":10,"transform":{}},{"tweenEasing":0,"duration":10,"transform":{"skY":-53.3923,"y":0.5896,"skX":-53.3923,"x":3.4777}},{"tweenEasing":0,"duration":10,"transform":{}},{"tweenEasing":0,"duration":10,"transform":{"skY":45.4942,"y":0.4455,"skX":45.4942,"x":2.8228}},{"duration":0,"transform":{}}],"name":"qy1"},{"frame":[{"tweenEasing":0,"duration":8,"transform":{"skY":36.3953,"y":1.1218,"skX":36.3953,"x":3.2013}},{"tweenEasing":0,"duration":10,"transform":{}},{"tweenEasing":0,"duration":10,"transform":{"skY":-53.3923,"y":1.1054,"skX":-53.3923,"x":2.1288}},{"tweenEasing":0,"duration":10,"transform":{}},{"tweenEasing":0,"duration":2,"transform":{"skY":45.4942,"y":1.4022,"skX":45.4942,"x":4.0017}},{"duration":0,"transform":{"skY":36.3953,"y":1.1218,"skX":36.3953,"x":3.2013}}],"name":"qz1"},{"frame":[{"tweenEasing":0,"duration":4,"transform":{"skY":-21.3569,"y":0.4405,"skX":-21.3569,"x":0.7442}},{"tweenEasing":0,"duration":10,"transform":{}},{"tweenEasing":0,"duration":10,"transform":{"skY":45.4942,"y":1.394,"skX":45.4942,"x":3.4654}},{"tweenEasing":0,"duration":10,"transform":{}},{"tweenEasing":0,"duration":6,"transform":{"skY":-53.3923,"y":1.1013,"skX":-53.3923,"x":1.8606}},{"duration":0,"transform":{"skY":-21.3569,"y":0.4405,"skX":-21.3569,"x":0.7442}}],"name":"hz1"},{"frame":[{"tweenEasing":0,"duration":6,"transform":{"skY":18.1977,"y":0.0523,"skX":18.1977,"x":0.9647}},{"tweenEasing":0,"duration":10,"transform":{"skY":45.4942,"y":0.1308,"skX":45.4942,"x":2.4119}},{"tweenEasing":0,"duration":10,"transform":{}},{"tweenEasing":0,"duration":10,"transform":{"skY":-53.3923,"y":0.8413,"skX":-53.3923,"x":2.401}},{"tweenEasing":0,"duration":4,"transform":{}},{"duration":0,"transform":{"skY":18.1977,"y":0.0523,"skX":18.1977,"x":0.9647}}],"name":"hy1"},{"frame":[{"tweenEasing":0,"duration":10,"transform":{}},{"tweenEasing":0,"duration":10,"transform":{"y":-2.6818}},{"tweenEasing":0,"duration":10,"transform":{}},{"tweenEasing":0,"duration":10,"transform":{"y":-2.6818}},{"duration":0,"transform":{}}],"name":"st11"},{"frame":[{"tweenEasing":0,"duration":10,"transform":{}},{"tweenEasing":0,"duration":10,"transform":{"skY":-53.3923,"y":0.5896,"skX":-53.3923,"x":3.4777}},{"tweenEasing":0,"duration":10,"transform":{}},{"tweenEasing":0,"duration":10,"transform":{"skY":45.4942,"y":0.4455,"skX":45.4942,"x":2.8228}},{"duration":0,"transform":{}}],"name":"qy11"},{"frame":[{"tweenEasing":0,"duration":8,"transform":{"skY":36.3953,"y":1.1218,"skX":36.3953,"x":3.2013}},{"tweenEasing":0,"duration":10,"transform":{}},{"tweenEasing":0,"duration":10,"transform":{"skY":-53.3923,"y":1.1054,"skX":-53.3923,"x":2.1288}},{"tweenEasing":0,"duration":10,"transform":{}},{"tweenEasing":0,"duration":2,"transform":{"skY":45.4942,"y":1.4022,"skX":45.4942,"x":4.0017}},{"duration":0,"transform":{"skY":36.3953,"y":1.1218,"skX":36.3953,"x":3.2013}}],"name":"qz11"},{"frame":[{"tweenEasing":0,"duration":4,"transform":{"skY":-21.3569,"y":0.4405,"skX":-21.3569,"x":0.7442}},{"tweenEasing":0,"duration":10,"transform":{}},{"tweenEasing":0,"duration":10,"transform":{"skY":45.4942,"y":1.394,"skX":45.4942,"x":3.4654}},{"tweenEasing":0,"duration":10,"transform":{}},{"tweenEasing":0,"duration":6,"transform":{"skY":-53.3923,"y":1.1013,"skX":-53.3923,"x":1.8606}},{"duration":0,"transform":{"skY":-21.3569,"y":0.4405,"skX":-21.3569,"x":0.7442}}],"name":"hz11"},{"frame":[{"tweenEasing":0,"duration":6,"transform":{"skY":18.1977,"y":0.0523,"skX":18.1977,"x":0.9647}},{"tweenEasing":0,"duration":10,"transform":{"skY":45.4942,"y":0.1308,"skX":45.4942,"x":2.4119}},{"tweenEasing":0,"duration":10,"transform":{}},{"tweenEasing":0,"duration":10,"transform":{"skY":-53.3923,"y":0.8413,"skX":-53.3923,"x":2.401}},{"tweenEasing":0,"duration":4,"transform":{}},{"duration":0,"transform":{"skY":18.1977,"y":0.0523,"skX":18.1977,"x":0.9647}}],"name":"hy11"}],"ik":[],"slot":[{"frame":[{"tweenEasing":null,"duration":3},{"tweenEasing":null,"displayIndex":1,"duration":3},{"tweenEasing":null,"displayIndex":2,"duration":3},{"tweenEasing":null,"displayIndex":3,"duration":3},{"tweenEasing":null,"duration":3},{"tweenEasing":null,"displayIndex":1,"duration":3},{"tweenEasing":null,"displayIndex":2,"duration":3},{"tweenEasing":null,"displayIndex":3,"duration":3},{"tweenEasing":null,"duration":3},{"tweenEasing":null,"displayIndex":1,"duration":3},{"tweenEasing":null,"displayIndex":2,"duration":3},{"tweenEasing":null,"displayIndex":3,"duration":3},{"tweenEasing":null,"duration":3},{"tweenEasing":null,"displayIndex":1,"duration":1}],"name":"yw01"}],"ffd":[],"name":"2","playTimes":0}],"type":"Armature","name":"gou1","defaultActions":[{"gotoAndPlay":"2"}],"ik":[],"aabb":{"width":402.71627272795075,"y":-92.60619688407593,"height":100.83565593481939,"x":-334.49927025826514},"slot":[{"name":"qz11","parent":"qz11","color":{}},{"z":1,"name":"hz11","parent":"hz11","color":{}},{"z":2,"name":"st11","parent":"st11","color":{}},{"z":3,"name":"hy11","parent":"hy11","color":{}},{"z":4,"name":"qy11","parent":"qy11","color":{}},{"z":5,"name":"qz1","parent":"qz1","color":{}},{"z":6,"name":"hz1","parent":"hz1","color":{}},{"z":7,"name":"st1","parent":"st1","color":{}},{"z":8,"name":"hy1","parent":"hy1","color":{}},{"z":9,"name":"qy1","parent":"qy1","color":{}},{"z":10,"name":"qz","parent":"qz","color":{}},{"z":11,"name":"hz","parent":"hz","color":{}},{"z":12,"name":"st","parent":"st","color":{}},{"z":13,"name":"hy","parent":"hy","color":{}},{"z":14,"name":"qy","parent":"qy","color":{}},{"z":15,"name":"yw01","parent":"bone1","color":{}}],"frameRate":60,"bone":[{"name":"root","transform":{}},{"transform":{},"name":"bone","parent":"root"},{"length":16,"transform":{"skY":-90.876,"y":-28.6662,"skX":-90.876,"x":1.7947},"parent":"bone","name":"st"},{"transform":{"y":-42.8902,"scX":1.5,"scY":1.5,"x":-148.4993},"name":"bone1","parent":"bone"},{"length":16,"transform":{"skY":-90.876,"y":-31.142,"scX":0.8063,"scY":0.8063,"skX":-90.876,"x":-45.0716},"parent":"bone","name":"st1"},{"length":16,"transform":{"skY":-90.876,"y":-37.7378,"scX":1.0713,"scY":1.0713,"skX":-90.876,"x":-112.6342},"parent":"bone","name":"st11"},{"length":15,"transform":{"skY":-179.124,"y":26.7869,"skX":-179.124,"x":-1.0597},"parent":"st","name":"qz"},{"length":16,"transform":{"skY":-165.1736,"y":-16.5774,"skX":-165.1736,"x":1.6036},"parent":"st","name":"hz"},{"length":19,"transform":{"skY":-144.025,"y":-31.2824,"skX":-144.025,"x":7.9292},"parent":"st","name":"hy"},{"length":18,"transform":{"skY":-178.5063,"y":11.7326,"skX":-178.5063,"x":-1.2295},"parent":"st","name":"qy"},{"length":15,"transform":{"skY":-179.124,"y":26.7869,"skX":-179.124,"x":-1.0597},"parent":"st1","name":"qz1"},{"length":16,"transform":{"skY":-165.1736,"y":-16.5774,"skX":-165.1736,"x":1.6036},"parent":"st1","name":"hz1"},{"length":19,"transform":{"skY":-144.025,"y":-31.2824,"skX":-144.025,"x":7.9292},"parent":"st1","name":"hy1"},{"length":18,"transform":{"skY":-178.5063,"y":11.7326,"skX":-178.5063,"x":-1.2295},"parent":"st1","name":"qy1"},{"length":18,"transform":{"skY":-178.5063,"y":11.7326,"skX":-178.5063,"x":-1.2295},"parent":"st11","name":"qy11"},{"length":15,"transform":{"skY":-179.124,"y":26.7869,"skX":-179.124,"x":-1.0597},"parent":"st11","name":"qz11"},{"length":16,"transform":{"skY":-165.1736,"y":-16.5774,"skX":-165.1736,"x":1.6036},"parent":"st11","name":"hz11"},{"length":19,"transform":{"skY":-144.025,"y":-31.2824,"skX":-144.025,"x":7.9292},"parent":"st11","name":"hy11"}]}]}