{"frameRate":60,"isGlobal":0,"name":"mifeng","version":"5.0","armature":[{"skin":[{"name":"","slot":[{"display":[{"path":"mf2s","type":"image","name":"mf2s","transform":{"y":13.3872,"skY":-174.4401,"x":13.6673,"skX":-174.4401}}],"name":"mf2s"},{"display":[{"path":"mf2z","type":"image","name":"mf2z","transform":{"y":-0.043,"skY":63.4349,"x":21.98,"skX":63.4349}}],"name":"mf2z"},{"display":[{"path":"mf1s","type":"image","name":"mf1s","transform":{"y":3.0636,"skY":110.1839,"x":38.093,"skX":110.1839}}],"name":"mf1s"},{"display":[{"path":"mf1z","type":"image","name":"mf1z","transform":{"y":5.5726,"skY":59.6568,"x":19.0435,"skX":59.6568}}],"name":"mf1z"},{"display":[{"path":"mf1y","type":"image","name":"mf1y","transform":{"y":1.1162,"skY":164.508,"x":15.5059,"skX":164.508}}],"name":"mf1y"},{"display":[{"path":"mf2y","type":"image","name":"mf2y","transform":{"y":-1.743,"skY":99.0642,"x":18.04,"skX":99.0642}}],"name":"mf2y"}]}],"animation":[{"frame":[],"duration":42,"bone":[{"frame":[{"duration":42,"transform":{}}],"name":"root"},{"frame":[{"duration":42,"transform":{}}],"name":"bone"},{"frame":[{"tweenEasing":0,"duration":3,"transform":{}},{"tweenEasing":0,"duration":3,"transform":{"y":-16.7776,"x":-29.1854}},{"tweenEasing":0,"duration":3,"transform":{"y":-33.5551,"x":-44.5922}},{"tweenEasing":0,"duration":2,"transform":{"y":-50.3327,"x":-74.2639}},{"tweenEasing":0,"duration":3,"transform":{"y":-61.5177,"x":-83.2383}},{"tweenEasing":0,"duration":3,"transform":{"y":-35.0292,"x":-48.6648}},{"tweenEasing":0,"duration":3,"transform":{"y":-8.5408,"x":-29.187}},{"tweenEasing":0,"duration":2,"transform":{"y":17.9477,"x":10.8776}},{"tweenEasing":0,"duration":3,"transform":{"y":35.6067,"x":22.7281}},{"tweenEasing":0,"duration":3,"transform":{"y":50.1068,"x":-0.0642}},{"tweenEasing":0,"duration":4,"transform":{"y":64.6068,"x":-8.7307}},{"tweenEasing":0,"duration":3,"transform":{"y":83.9402,"x":-31.633}},{"tweenEasing":0,"duration":3,"transform":{"y":58.7582,"x":-26.1956}},{"tweenEasing":0,"duration":4,"transform":{"y":33.5761,"x":-8.4849}},{"duration":0,"transform":{}}],"name":"mf1s"},{"frame":[{"tweenEasing":0,"duration":3,"transform":{}},{"tweenEasing":0,"duration":3,"transform":{"skY":28.0373,"skX":28.0373}},{"tweenEasing":0,"duration":3,"transform":{}},{"tweenEasing":0,"duration":3,"transform":{"skY":28.0373,"skX":28.0373}},{"tweenEasing":0,"duration":3,"transform":{}},{"tweenEasing":0,"duration":3,"transform":{"skY":28.0373,"skX":28.0373}},{"tweenEasing":0,"duration":3,"transform":{}},{"tweenEasing":0,"duration":3,"transform":{"skY":28.0373,"skX":28.0373}},{"tweenEasing":0,"duration":3,"transform":{}},{"tweenEasing":0,"duration":3,"transform":{"skY":28.0373,"skX":28.0373}},{"tweenEasing":0,"duration":3,"transform":{}},{"tweenEasing":0,"duration":3,"transform":{"skY":28.0373,"skX":28.0373}},{"tweenEasing":0,"duration":3,"transform":{}},{"tweenEasing":0,"duration":3,"transform":{"skY":28.0373,"skX":28.0373}},{"duration":0,"transform":{}}],"name":"mf1z"},{"frame":[{"tweenEasing":0,"duration":3,"transform":{}},{"tweenEasing":0,"duration":3,"transform":{"skY":-35.7325,"skX":-35.7325}},{"tweenEasing":0,"duration":3,"transform":{}},{"tweenEasing":0,"duration":3,"transform":{"skY":-35.7325,"skX":-35.7325}},{"tweenEasing":0,"duration":3,"transform":{}},{"tweenEasing":0,"duration":3,"transform":{"skY":-35.7325,"skX":-35.7325}},{"tweenEasing":0,"duration":3,"transform":{}},{"tweenEasing":0,"duration":3,"transform":{"skY":-35.7325,"skX":-35.7325}},{"tweenEasing":0,"duration":3,"transform":{}},{"tweenEasing":0,"duration":3,"transform":{"skY":-35.7325,"skX":-35.7325}},{"tweenEasing":0,"duration":3,"transform":{}},{"tweenEasing":0,"duration":3,"transform":{"skY":-35.7325,"skX":-35.7325}},{"tweenEasing":0,"duration":3,"transform":{}},{"tweenEasing":0,"duration":3,"transform":{"skY":-35.7325,"skX":-35.7325}},{"duration":0,"transform":{}}],"name":"mf1y"},{"frame":[{"tweenEasing":0,"duration":4,"transform":{}},{"tweenEasing":0,"duration":4,"transform":{"y":18.6754,"x":17.7912}},{"tweenEasing":0,"duration":4,"transform":{"y":37.3509,"x":19.3725}},{"tweenEasing":0,"duration":3,"transform":{"y":21.8852,"x":61.3629}},{"tweenEasing":0,"duration":3,"transform":{"y":-4.5057,"x":92.8558}},{"tweenEasing":0,"duration":3,"transform":{"y":-11.4445,"x":124.3486}},{"tweenEasing":0,"duration":3,"transform":{"y":-42.3975,"x":89.4016}},{"tweenEasing":0,"duration":4,"transform":{"y":-86.087,"x":49.5916}},{"tweenEasing":0,"duration":3,"transform":{"y":-144.3396,"x":7.8587}},{"tweenEasing":0,"duration":4,"transform":{"y":-113.4097,"x":9.4167}},{"tweenEasing":0,"duration":4,"transform":{"y":-70.5488,"x":5.9924}},{"tweenEasing":0,"duration":3,"transform":{"y":-33.4772,"x":2.5682}},{"duration":0,"transform":{}}],"name":"mf2s"},{"frame":[{"tweenEasing":0,"duration":3,"transform":{}},{"tweenEasing":0,"duration":3,"transform":{"skY":22.6247,"skX":22.6247}},{"tweenEasing":0,"duration":3,"transform":{}},{"tweenEasing":0,"duration":3,"transform":{"skY":22.6247,"skX":22.6247}},{"tweenEasing":0,"duration":3,"transform":{}},{"tweenEasing":0,"duration":3,"transform":{"skY":22.6247,"skX":22.6247}},{"tweenEasing":0,"duration":3,"transform":{}},{"tweenEasing":0,"duration":3,"transform":{"skY":22.6247,"skX":22.6247}},{"tweenEasing":0,"duration":3,"transform":{}},{"tweenEasing":0,"duration":3,"transform":{"skY":22.6247,"skX":22.6247}},{"tweenEasing":0,"duration":3,"transform":{}},{"tweenEasing":0,"duration":3,"transform":{"skY":22.6247,"skX":22.6247}},{"tweenEasing":0,"duration":3,"transform":{}},{"tweenEasing":0,"duration":3,"transform":{"skY":22.6247,"skX":22.6247}},{"duration":0,"transform":{}}],"name":"mf2z"},{"frame":[{"tweenEasing":0,"duration":3,"transform":{}},{"tweenEasing":0,"duration":3,"transform":{"skY":-31.7047,"skX":-31.7047}},{"tweenEasing":0,"duration":3,"transform":{}},{"tweenEasing":0,"duration":3,"transform":{"skY":-31.7047,"skX":-31.7047}},{"tweenEasing":0,"duration":3,"transform":{}},{"tweenEasing":0,"duration":3,"transform":{"skY":-31.7047,"skX":-31.7047}},{"tweenEasing":0,"duration":3,"transform":{}},{"tweenEasing":0,"duration":3,"transform":{"skY":-31.7047,"skX":-31.7047}},{"tweenEasing":0,"duration":3,"transform":{}},{"tweenEasing":0,"duration":3,"transform":{"skY":-31.7047,"skX":-31.7047}},{"tweenEasing":0,"duration":3,"transform":{}},{"tweenEasing":0,"duration":3,"transform":{"skY":-31.7047,"skX":-31.7047}},{"tweenEasing":0,"duration":3,"transform":{}},{"tweenEasing":0,"duration":3,"transform":{"skY":-31.7047,"skX":-31.7047}},{"duration":0,"transform":{}}],"name":"mf2y"}],"slot":[],"ffd":[],"ik":[],"name":"1","playTimes":0}],"type":"Armature","frameRate":60,"bone":[{"name":"root","transform":{}},{"transform":{},"name":"bone","parent":"root"},{"length":5,"transform":{"y":35.2142,"skY":174.4401,"x":-68.8348,"skX":174.4401},"parent":"bone","name":"mf2s"},{"length":20,"transform":{"y":-73.3104,"skY":-110.1839,"x":75.3512,"skX":-110.1839},"parent":"bone","name":"mf1s"},{"length":9,"transform":{"y":-45.9072,"skY":-54.3241,"x":31.0461,"skX":-54.3241},"parent":"mf1s","name":"mf1y"},{"length":14,"transform":{"y":45.9443,"skY":50.5271,"x":34.4108,"skX":50.5271},"parent":"mf1s","name":"mf1z"},{"length":18,"transform":{"y":33.9413,"skY":122.125,"x":-0.1894,"skX":122.125},"parent":"mf2s","name":"mf2z"},{"length":13,"transform":{"y":43.0923,"skY":86.4958,"x":20.0191,"skX":86.4958},"parent":"mf2s","name":"mf2y"}],"aabb":{"width":307.76552788380064,"y":-195.121163033901,"height":275.8353267281582,"x":-162.73476360328164},"slot":[{"name":"mf2y","parent":"mf2y","color":{}},{"z":1,"name":"mf1y","parent":"mf1y","color":{}},{"z":2,"name":"mf1z","parent":"mf1z","color":{}},{"z":3,"name":"mf1s","parent":"mf1s","color":{}},{"z":4,"name":"mf2s","parent":"mf2s","color":{}},{"z":5,"name":"mf2z","parent":"mf2z","color":{}}],"defaultActions":[{"gotoAndPlay":"1"}],"ik":[],"name":"mifeng"}]}