{"frameRate":60,"isGlobal":0,"name":"xiaotou","version":"5.5","armature":[{"slot":[{"name":"sza","parent":"sza","color":{}},{"z":1,"name":"szb","parent":"szb","color":{}},{"z":2,"name":"bb","parent":"bb","color":{}},{"z":3,"name":"tzb","parent":"tzb","color":{}},{"z":4,"name":"tza","parent":"tza","color":{}},{"z":5,"name":"tz","parent":"tz","color":{}},{"z":6,"name":"tyb","parent":"tyb","color":{}},{"z":7,"name":"tya","parent":"tya","color":{}},{"z":8,"name":"ty","parent":"ty","color":{}},{"z":9,"name":"st","parent":"st1","color":{}},{"z":10,"name":"syb","parent":"syb","color":{}},{"z":11,"name":"sya","parent":"sya","color":{}},{"z":12,"name":"ha","parent":"ha","color":{}}],"type":"Armature","name":"xiaotou","bone":[{"name":"root","transform":{}},{"transform":{},"name":"bone","parent":"root"},{"length":49,"transform":{"skY":-85.8772,"y":-164.05,"skX":-85.8772,"x":34.5},"parent":"bone","name":"st"},{"length":53,"transform":{"skY":-173.4169,"y":-11.0777,"skX":-173.4169,"x":-2.9298},"parent":"st","name":"ty"},{"length":83,"transform":{"skY":154.0949,"y":17.2857,"skX":154.0949,"x":5.465},"parent":"st","name":"tz"},{"length":58,"transform":{"skY":6.3543,"skX":6.3543,"x":49.3778},"parent":"st","name":"st1"},{"length":57,"transform":{"skY":9.7378,"y":4.3257,"skX":9.7378,"x":69.5461},"parent":"st1","name":"ha"},{"length":61,"transform":{"skY":137.6859,"y":-32.7917,"skX":137.6859,"x":34.0356},"parent":"st1","name":"sya"},{"length":55,"transform":{"skY":-174.5512,"y":42.0743,"skX":-174.5512,"x":35.7278},"parent":"st1","name":"sza"},{"length":62,"transform":{"skY":6.2958,"skX":6.2958,"x":53.0229},"parent":"ty","name":"tya"},{"length":47,"transform":{"skY":2.0037,"y":5.4903,"skX":2.0037,"x":74.3728},"parent":"tz","name":"tza"},{"length":49,"transform":{"skY":-116.066,"y":14.4926,"skX":-116.066,"x":58.9259},"parent":"st1","name":"bb"},{"length":35,"transform":{"skY":19.7786,"skX":19.7786,"x":47.8742},"parent":"tza","name":"tzb"},{"length":38,"transform":{"skY":-3.2188,"y":1.1341,"skX":-3.2188,"x":63.664},"parent":"tya","name":"tyb"},{"length":69,"transform":{"skY":-86.5501,"skX":-86.5501,"x":61.3264},"parent":"sya","name":"syb"},{"length":44,"transform":{"skY":-126.3046,"skX":-126.3046,"x":55.673},"parent":"sza","name":"szb"}],"aabb":{"width":256.2267792798631,"y":-440.75969181085173,"height":442.832526343943,"x":-94.87995404424333},"defaultActions":[{"gotoAndPlay":"1"}],"skin":[{"name":"","slot":[{"display":[{"path":"sza","type":"image","name":"sza","transform":{"skY":-92.9344,"y":3.7995,"skX":-92.9344,"x":29.8583}}],"name":"sza"},{"display":[{"path":"ty","type":"image","name":"ty","transform":{"skY":-100.7059,"y":-22.1845,"skX":-100.7059,"x":27.6809}}],"name":"ty"},{"display":[{"path":"tyb","type":"image","name":"tyb","transform":{"skY":-103.783,"y":-11.1712,"skX":-103.783,"x":18.7211}}],"name":"tyb"},{"display":[{"path":"bb","type":"image","name":"bb","transform":{"skY":-164.4111,"y":-24.5054,"skX":-164.4111,"x":54.4859}}],"name":"bb"},{"display":[{"path":"tza","type":"image","name":"tza","transform":{"skY":-70.2214,"y":-0.2985,"skX":-70.2214,"x":18.3099}}],"name":"tza"},{"display":[{"path":"sya","type":"image","name":"sya","transform":{"skY":-58.163,"y":1.8738,"skX":-58.163,"x":31.6425}}],"name":"sya"},{"display":[{"weights":[2,2,0.3308598041102836,5,0.6691401958897165,2,2,0.4991565199480526,5,0.5008434800519475,2,2,0.7302403408519688,5,0.26975965914803124,2,2,0.970862734410661,5,0.029137265589339035,2,2,0.696846781464106,5,0.303153218535894,2,2,0.4878467411263997,5,0.5121532588736003,2,2,0.15736572788905218,5,0.8426342721109478,2,2,0.07017126291222554,5,0.9298287370877745],"vertices":[-46.6,-65.5,-46.6,-4.2,-46.6,65.5,2.4,65.5,46.5,65.5,46.5,5.2,46.5,-65.5,0.1,-65.5],"path":"st","slotPose":[1,0,0,1,35.48619957537153,-219.92993630573247],"userEdges":[],"edges":[0,1,1,2,2,3,3,4,4,5,5,6,6,7,7,0],"bonePose":[2,0.0718946885588477,-0.9974122285980989,0.9974122285980989,0.0718946885588477,34.5,-164.05,5,0.18184236925675865,-0.9833276934690127,0.9833276934690127,0.18184236925675865,38.04999999999999,-213.3],"type":"mesh","transform":{"skY":79.5229,"y":-3.7267,"skX":79.5229,"x":6.0532},"width":93,"uvs":[-0.00108,0,-0.00108,0.46794,-0.00108,1,0.52581,1,1,1,1,0.53969,1,0,0.50108,0],"height":131,"name":"st","triangles":[1,3,5,7,1,5,7,5,6,5,3,4,0,1,7,1,2,3]}],"name":"st"},{"display":[{"path":"szb","type":"image","name":"szb","transform":{"skY":33.3703,"y":-1.0568,"skX":33.3703,"x":28.7369}}],"name":"szb"},{"display":[{"path":"tya","type":"image","name":"tya","transform":{"skY":-107.0018,"y":2.4966,"skX":-107.0018,"x":28.289}}],"name":"tya"},{"display":[{"path":"tz","type":"image","name":"tz","transform":{"skY":-68.2177,"y":22.227,"skX":-68.2177,"x":28.2464}}],"name":"tz"},{"display":[{"path":"ha","type":"image","name":"ha","transform":{"skY":69.7851,"y":-9,"skX":69.7851,"x":69}},{"path":"decheng","type":"image","name":"decheng","transform":{"skY":69.79,"y":-9,"skX":69.79,"x":69}},{"path":"haipa","type":"image","name":"haipa","transform":{"skY":69.79,"y":-9,"skX":69.79,"x":69}},{"path":"nuqichongchong","type":"image","name":"nuqichongchong","transform":{"skY":69.79,"y":-9,"skX":69.79,"x":69}}],"name":"ha"},{"display":[{"path":"tzb","type":"image","name":"tzb","transform":{"skY":-90,"y":-10.1884,"skX":-90,"x":23.1809}}],"name":"tzb"},{"display":[{"path":"syb","type":"image","name":"syb","transform":{"skY":28.3871,"y":0.0008,"skX":28.3871,"x":38.4656}}],"name":"syb"}]}],"animation":[{"slot":[{"colorFrame":[],"displayFrame":[],"name":"bb"},{"colorFrame":[],"displayFrame":[],"name":"sza"},{"colorFrame":[],"displayFrame":[],"name":"szb"},{"colorFrame":[],"displayFrame":[],"name":"tzb"},{"colorFrame":[],"displayFrame":[],"name":"tza"},{"colorFrame":[],"displayFrame":[],"name":"tz"},{"colorFrame":[],"displayFrame":[],"name":"tyb"},{"colorFrame":[],"displayFrame":[],"name":"tya"},{"colorFrame":[],"displayFrame":[],"name":"ty"},{"colorFrame":[],"displayFrame":[],"name":"st"},{"colorFrame":[],"displayFrame":[],"name":"syb"},{"colorFrame":[],"displayFrame":[],"name":"sya"},{"colorFrame":[],"displayFrame":[],"name":"ha"}],"frame":[],"bone":[{"translateFrame":[],"scaleFrame":[],"name":"root","rotateFrame":[]},{"translateFrame":[{"tweenEasing":0,"duration":40},{"tweenEasing":0,"duration":40},{"duration":0}],"scaleFrame":[{"tweenEasing":0,"duration":40},{"tweenEasing":0,"duration":40},{"duration":0}],"name":"bone","rotateFrame":[{"tweenEasing":0,"duration":40},{"tweenEasing":0,"duration":40},{"duration":0}]},{"translateFrame":[{"tweenEasing":0,"duration":40},{"tweenEasing":0,"y":5.18,"duration":40},{"duration":0}],"scaleFrame":[{"tweenEasing":0,"duration":40},{"tweenEasing":0,"duration":40},{"duration":0}],"name":"st","rotateFrame":[{"tweenEasing":0,"duration":40},{"tweenEasing":0,"duration":40},{"duration":0}]},{"translateFrame":[{"tweenEasing":0,"duration":40},{"tweenEasing":0,"duration":40},{"duration":0}],"scaleFrame":[{"tweenEasing":0,"duration":40},{"tweenEasing":0,"duration":40},{"duration":0}],"name":"st1","rotateFrame":[{"tweenEasing":0,"duration":40},{"tweenEasing":0,"duration":40,"rotate":9.2622},{"duration":0}]},{"translateFrame":[{"tweenEasing":0,"duration":40},{"tweenEasing":0,"duration":40},{"duration":0}],"scaleFrame":[{"tweenEasing":0,"duration":40},{"tweenEasing":0,"duration":40},{"duration":0}],"name":"ha","rotateFrame":[{"tweenEasing":0,"duration":40},{"tweenEasing":0,"duration":4,"rotate":1.7843},{"tweenEasing":0,"duration":4,"rotate":4.6496},{"tweenEasing":0,"duration":4,"rotate":0.6643},{"tweenEasing":0,"duration":4,"rotate":3.5984},{"tweenEasing":0,"duration":24,"rotate":0.3963},{"duration":0}]},{"translateFrame":[{"tweenEasing":0,"duration":40},{"tweenEasing":0,"duration":40},{"duration":0}],"scaleFrame":[{"tweenEasing":0,"duration":40},{"tweenEasing":0,"duration":40},{"duration":0}],"name":"sza","rotateFrame":[{"tweenEasing":0,"duration":40},{"tweenEasing":0,"duration":40,"rotate":7.4053},{"duration":0}]},{"translateFrame":[{"tweenEasing":0,"duration":40},{"tweenEasing":0,"duration":40},{"duration":0}],"scaleFrame":[{"tweenEasing":0,"duration":40},{"tweenEasing":0,"duration":40},{"duration":0}],"name":"szb","rotateFrame":[{"tweenEasing":0,"duration":40},{"tweenEasing":0,"duration":40,"rotate":-7.5105},{"duration":0}]},{"translateFrame":[{"tweenEasing":0,"duration":40},{"tweenEasing":0,"duration":40},{"duration":0}],"scaleFrame":[{"tweenEasing":0,"duration":40},{"tweenEasing":0,"duration":40},{"duration":0}],"name":"sya","rotateFrame":[{"tweenEasing":0,"duration":40},{"tweenEasing":0,"duration":40,"rotate":8.2394},{"duration":0}]},{"translateFrame":[{"tweenEasing":0,"duration":40},{"tweenEasing":0,"duration":40},{"duration":0}],"scaleFrame":[{"tweenEasing":0,"duration":40},{"tweenEasing":0,"duration":40},{"duration":0}],"name":"syb","rotateFrame":[{"tweenEasing":0,"duration":40},{"tweenEasing":0,"duration":40,"rotate":-7.3295},{"duration":0}]},{"translateFrame":[{"tweenEasing":0,"duration":40},{"tweenEasing":0,"y":-0.266,"duration":40,"x":3.6904},{"duration":0}],"scaleFrame":[{"tweenEasing":0,"duration":40},{"tweenEasing":0,"duration":40},{"duration":0}],"name":"ty","rotateFrame":[{"tweenEasing":0,"duration":40},{"tweenEasing":0,"duration":40},{"duration":0}]},{"translateFrame":[{"tweenEasing":0,"duration":40},{"tweenEasing":0,"y":0.2749,"duration":40,"x":-1.4542},{"duration":0}],"scaleFrame":[{"tweenEasing":0,"duration":40},{"tweenEasing":0,"duration":40},{"duration":0}],"name":"tya","rotateFrame":[{"tweenEasing":0,"duration":40},{"tweenEasing":0,"duration":40},{"duration":0}]},{"translateFrame":[{"tweenEasing":0,"duration":40},{"tweenEasing":0,"duration":40},{"duration":0}],"scaleFrame":[{"tweenEasing":0,"duration":40},{"tweenEasing":0,"duration":40},{"duration":0}],"name":"tyb","rotateFrame":[{"tweenEasing":0,"duration":40},{"tweenEasing":0,"duration":40},{"duration":0}]},{"translateFrame":[{"tweenEasing":0,"duration":40},{"tweenEasing":0,"y":-0.266,"duration":40,"x":3.6904},{"duration":0}],"scaleFrame":[{"tweenEasing":0,"duration":40},{"tweenEasing":0,"duration":40},{"duration":0}],"name":"tz","rotateFrame":[{"tweenEasing":0,"duration":40},{"tweenEasing":0,"duration":40},{"duration":0}]},{"translateFrame":[{"tweenEasing":0,"duration":40},{"tweenEasing":0,"y":-0.5492,"duration":40,"x":-1.3743},{"duration":0}],"scaleFrame":[{"tweenEasing":0,"duration":40},{"tweenEasing":0,"duration":40},{"duration":0}],"name":"tza","rotateFrame":[{"tweenEasing":0,"duration":40},{"tweenEasing":0,"duration":40},{"duration":0}]},{"translateFrame":[{"tweenEasing":0,"duration":40},{"tweenEasing":0,"duration":40},{"duration":0}],"scaleFrame":[{"tweenEasing":0,"duration":40},{"tweenEasing":0,"duration":40},{"duration":0}],"name":"tzb","rotateFrame":[{"tweenEasing":0,"duration":40},{"tweenEasing":0,"duration":40},{"duration":0}]},{"translateFrame":[{"tweenEasing":0,"duration":40},{"tweenEasing":0,"duration":40},{"duration":0}],"scaleFrame":[{"tweenEasing":0,"duration":40},{"tweenEasing":0,"duration":40},{"duration":0}],"name":"bb","rotateFrame":[{"tweenEasing":0,"duration":40},{"tweenEasing":0,"duration":40,"rotate":-4.3514},{"duration":0}]}],"ffd":[],"duration":80,"name":"1","ik":[],"playTimes":0},{"slot":[{"colorFrame":[],"displayFrame":[],"name":"sza"},{"colorFrame":[],"displayFrame":[],"name":"szb"},{"colorFrame":[],"displayFrame":[],"name":"bb"},{"colorFrame":[],"displayFrame":[],"name":"tzb"},{"colorFrame":[],"displayFrame":[],"name":"tza"},{"colorFrame":[],"displayFrame":[],"name":"tz"},{"colorFrame":[],"displayFrame":[],"name":"tyb"},{"colorFrame":[],"displayFrame":[],"name":"tya"},{"colorFrame":[],"displayFrame":[],"name":"ty"},{"colorFrame":[],"displayFrame":[],"name":"st"},{"colorFrame":[],"displayFrame":[],"name":"syb"},{"colorFrame":[],"displayFrame":[],"name":"sya"},{"colorFrame":[],"displayFrame":[],"name":"ha"}],"frame":[],"bone":[{"translateFrame":[],"scaleFrame":[],"name":"root","rotateFrame":[]},{"translateFrame":[{"tweenEasing":0,"duration":10},{"tweenEasing":0,"duration":10},{"tweenEasing":0,"duration":10},{"tweenEasing":0,"duration":10},{"tweenEasing":0,"duration":10},{"tweenEasing":0,"duration":10},{"duration":0}],"scaleFrame":[{"tweenEasing":0,"duration":10},{"tweenEasing":0,"duration":10},{"tweenEasing":0,"duration":10},{"tweenEasing":0,"duration":10},{"tweenEasing":0,"duration":10},{"tweenEasing":0,"duration":10},{"duration":0}],"name":"bone","rotateFrame":[{"tweenEasing":0,"duration":10},{"tweenEasing":0,"duration":10},{"tweenEasing":0,"duration":10},{"tweenEasing":0,"duration":10},{"tweenEasing":0,"duration":10},{"tweenEasing":0,"duration":10},{"duration":0}]},{"translateFrame":[{"tweenEasing":0,"duration":10},{"tweenEasing":0,"duration":10,"x":9.2068},{"tweenEasing":0,"y":10.2754,"duration":10,"x":4.6034},{"tweenEasing":0,"duration":10},{"tweenEasing":0,"y":1.3,"duration":10},{"tweenEasing":0,"y":13.7949,"duration":10},{"duration":0}],"scaleFrame":[{"tweenEasing":0,"duration":10},{"tweenEasing":0,"duration":10},{"tweenEasing":0,"duration":10},{"tweenEasing":0,"duration":10},{"tweenEasing":0,"duration":10},{"tweenEasing":0,"duration":10},{"duration":0}],"name":"st","rotateFrame":[{"tweenEasing":0,"duration":60},{"duration":0}]},{"translateFrame":[{"tweenEasing":0,"duration":10},{"tweenEasing":0,"duration":10},{"tweenEasing":0,"duration":10},{"tweenEasing":0,"duration":8},{"tweenEasing":0,"y":-9.8496,"duration":7,"x":12.2459},{"tweenEasing":0,"y":-9.9442,"duration":15,"x":13.5578},{"duration":0}],"scaleFrame":[{"tweenEasing":0,"duration":10},{"tweenEasing":0,"duration":10},{"tweenEasing":0,"duration":10},{"tweenEasing":0,"duration":8},{"tweenEasing":0,"duration":7},{"tweenEasing":0,"duration":15},{"duration":0}],"name":"ty","rotateFrame":[{"tweenEasing":0,"duration":10,"rotate":-7.1205},{"tweenEasing":0,"duration":10,"rotate":13.8321},{"tweenEasing":0,"duration":10,"rotate":15.7812},{"tweenEasing":0,"duration":8,"rotate":-7.1205},{"tweenEasing":0,"duration":7,"rotate":-46.9918},{"tweenEasing":0,"duration":15,"rotate":-43.0957},{"duration":0,"rotate":-7.1205}]},{"translateFrame":[{"tweenEasing":0,"duration":7},{"tweenEasing":0,"y":-16.7291,"duration":7,"x":3.4095},{"tweenEasing":0,"y":-8.9488,"duration":16,"x":4.6497},{"tweenEasing":0,"duration":10},{"tweenEasing":0,"duration":10},{"tweenEasing":0,"y":-3.9824,"duration":10,"x":-11.0672},{"duration":0}],"scaleFrame":[{"tweenEasing":0,"duration":7},{"tweenEasing":0,"duration":7},{"tweenEasing":0,"duration":16},{"tweenEasing":0,"duration":10},{"tweenEasing":0,"duration":10},{"tweenEasing":0,"duration":10},{"duration":0}],"name":"tz","rotateFrame":[{"tweenEasing":0,"duration":7,"rotate":13.7095},{"tweenEasing":0,"duration":7,"rotate":-13.753},{"tweenEasing":0,"duration":16,"rotate":-3.1097},{"tweenEasing":0,"duration":10,"rotate":13.7095},{"tweenEasing":0,"duration":10,"rotate":44.8753},{"tweenEasing":0,"duration":10,"rotate":61.5756},{"duration":0,"rotate":13.7095}]},{"translateFrame":[{"tweenEasing":0,"duration":15},{"tweenEasing":0,"duration":15},{"tweenEasing":0,"duration":15},{"tweenEasing":0,"duration":15},{"duration":0}],"scaleFrame":[{"tweenEasing":0,"duration":15},{"tweenEasing":0,"duration":15},{"tweenEasing":0,"duration":15},{"tweenEasing":0,"duration":15},{"duration":0}],"name":"st1","rotateFrame":[{"tweenEasing":0,"duration":15},{"tweenEasing":0,"duration":15,"rotate":9.2622},{"tweenEasing":0,"duration":15},{"tweenEasing":0,"duration":15,"rotate":9.2622},{"duration":0}]},{"translateFrame":[{"tweenEasing":0,"duration":10},{"tweenEasing":0,"duration":10},{"tweenEasing":0,"duration":10},{"tweenEasing":0,"duration":10},{"tweenEasing":0,"duration":10},{"tweenEasing":0,"duration":10},{"duration":0}],"scaleFrame":[{"tweenEasing":0,"duration":10},{"tweenEasing":0,"duration":10},{"tweenEasing":0,"duration":10},{"tweenEasing":0,"duration":10},{"tweenEasing":0,"duration":10},{"tweenEasing":0,"duration":10},{"duration":0}],"name":"ha","rotateFrame":[{"tweenEasing":0,"duration":10},{"tweenEasing":0,"duration":10},{"tweenEasing":0,"duration":10},{"tweenEasing":0,"duration":10},{"tweenEasing":0,"duration":10},{"tweenEasing":0,"duration":10},{"duration":0}]},{"translateFrame":[{"tweenEasing":0,"duration":10},{"tweenEasing":0,"duration":10},{"tweenEasing":0,"duration":10},{"tweenEasing":0,"duration":10},{"tweenEasing":0,"duration":10},{"tweenEasing":0,"duration":10},{"duration":0}],"scaleFrame":[{"tweenEasing":0,"duration":10},{"tweenEasing":0,"duration":10},{"tweenEasing":0,"duration":10},{"tweenEasing":0,"duration":10},{"tweenEasing":0,"duration":10},{"tweenEasing":0,"duration":10},{"duration":0}],"name":"sya","rotateFrame":[{"tweenEasing":0,"duration":10},{"tweenEasing":0,"duration":10},{"tweenEasing":0,"duration":10},{"tweenEasing":0,"duration":10},{"tweenEasing":0,"duration":10},{"tweenEasing":0,"duration":10},{"duration":0}]},{"translateFrame":[{"tweenEasing":0,"duration":10},{"tweenEasing":0,"duration":10},{"tweenEasing":0,"duration":10},{"tweenEasing":0,"duration":10},{"tweenEasing":0,"duration":10},{"tweenEasing":0,"duration":10},{"duration":0}],"scaleFrame":[{"tweenEasing":0,"duration":10},{"tweenEasing":0,"duration":10},{"tweenEasing":0,"duration":10},{"tweenEasing":0,"duration":10},{"tweenEasing":0,"duration":10},{"tweenEasing":0,"duration":10},{"duration":0}],"name":"sza","rotateFrame":[{"tweenEasing":0,"duration":10},{"tweenEasing":0,"duration":10},{"tweenEasing":0,"duration":10},{"tweenEasing":0,"duration":10},{"tweenEasing":0,"duration":10},{"tweenEasing":0,"duration":10},{"duration":0}]},{"translateFrame":[{"tweenEasing":0,"duration":10},{"tweenEasing":0,"duration":10},{"tweenEasing":0,"duration":10},{"tweenEasing":0,"duration":10},{"tweenEasing":0,"duration":10},{"tweenEasing":0,"duration":10},{"duration":0}],"scaleFrame":[{"tweenEasing":0,"duration":10},{"tweenEasing":0,"duration":10},{"tweenEasing":0,"duration":10},{"tweenEasing":0,"duration":10},{"tweenEasing":0,"duration":10},{"tweenEasing":0,"duration":10},{"duration":0}],"name":"tya","rotateFrame":[{"tweenEasing":0,"duration":10,"rotate":-8.3197},{"tweenEasing":0,"duration":10,"rotate":-12.0919},{"tweenEasing":0,"duration":10,"rotate":-0.8516},{"tweenEasing":0,"duration":8,"rotate":-8.3197},{"tweenEasing":0,"duration":2,"rotate":21.3314},{"tweenEasing":0,"duration":10,"rotate":8.4939},{"tweenEasing":0,"duration":10,"rotate":23.9149},{"duration":0,"rotate":-8.3197}]},{"translateFrame":[{"tweenEasing":0,"y":-0.4618,"duration":10,"x":-3.2556},{"tweenEasing":0,"y":-0.4618,"duration":10,"x":-3.2556},{"tweenEasing":0,"y":-0.4618,"duration":10,"x":-3.2556},{"tweenEasing":0,"y":-0.4618,"duration":10,"x":-3.2556},{"tweenEasing":0,"y":-0.4618,"duration":10,"x":-3.2556},{"tweenEasing":0,"y":-0.4618,"duration":10,"x":-3.2556},{"y":-0.4618,"duration":0,"x":-3.2556}],"scaleFrame":[{"tweenEasing":0,"duration":10},{"tweenEasing":0,"duration":10},{"tweenEasing":0,"duration":10},{"tweenEasing":0,"duration":10},{"tweenEasing":0,"duration":10},{"tweenEasing":0,"duration":10},{"duration":0}],"name":"tza","rotateFrame":[{"tweenEasing":0,"duration":10},{"tweenEasing":0,"duration":10,"rotate":15.7231},{"tweenEasing":0,"duration":10,"rotate":16.1622},{"tweenEasing":0,"duration":10},{"tweenEasing":0,"duration":10,"rotate":-12.6676},{"tweenEasing":0,"duration":10,"rotate":-12.6676},{"duration":0}]},{"translateFrame":[{"tweenEasing":0,"duration":10},{"tweenEasing":0,"duration":10},{"tweenEasing":0,"duration":10},{"tweenEasing":0,"duration":10},{"tweenEasing":0,"duration":10},{"tweenEasing":0,"duration":10},{"duration":0}],"scaleFrame":[{"tweenEasing":0,"duration":10},{"tweenEasing":0,"duration":10},{"tweenEasing":0,"duration":10},{"tweenEasing":0,"duration":10},{"tweenEasing":0,"duration":10},{"tweenEasing":0,"duration":10},{"duration":0}],"name":"bb","rotateFrame":[{"tweenEasing":0,"duration":10},{"tweenEasing":0,"duration":10},{"tweenEasing":0,"duration":10},{"tweenEasing":0,"duration":10},{"tweenEasing":0,"duration":10},{"tweenEasing":0,"duration":10},{"duration":0}]},{"translateFrame":[{"tweenEasing":0,"duration":10},{"tweenEasing":0,"duration":10},{"tweenEasing":0,"duration":10},{"tweenEasing":0,"duration":10},{"tweenEasing":0,"duration":10},{"tweenEasing":0,"duration":10},{"duration":0}],"scaleFrame":[{"tweenEasing":0,"duration":10},{"tweenEasing":0,"duration":10},{"tweenEasing":0,"duration":10},{"tweenEasing":0,"duration":10},{"tweenEasing":0,"duration":10},{"tweenEasing":0,"duration":10},{"duration":0}],"name":"syb","rotateFrame":[{"tweenEasing":0,"duration":10},{"tweenEasing":0,"duration":10},{"tweenEasing":0,"duration":10},{"tweenEasing":0,"duration":10},{"tweenEasing":0,"duration":10},{"tweenEasing":0,"duration":10},{"duration":0}]},{"translateFrame":[{"tweenEasing":0,"duration":10},{"tweenEasing":0,"duration":10},{"tweenEasing":0,"duration":10},{"tweenEasing":0,"duration":10},{"tweenEasing":0,"duration":10},{"tweenEasing":0,"duration":10},{"duration":0}],"scaleFrame":[{"tweenEasing":0,"duration":10},{"tweenEasing":0,"duration":10},{"tweenEasing":0,"duration":10},{"tweenEasing":0,"duration":10},{"tweenEasing":0,"duration":10},{"tweenEasing":0,"duration":10},{"duration":0}],"name":"tyb","rotateFrame":[{"tweenEasing":0,"duration":10,"rotate":12.128},{"tweenEasing":0,"duration":10,"rotate":8.0808},{"tweenEasing":0,"duration":10,"rotate":-7.2799},{"tweenEasing":0,"duration":10,"rotate":12.128},{"tweenEasing":0,"duration":10,"rotate":12.128},{"tweenEasing":0,"duration":10,"rotate":24.4327},{"duration":0,"rotate":12.128}]},{"translateFrame":[{"tweenEasing":0,"y":-1.182,"duration":10,"x":-11.117},{"tweenEasing":0,"y":-1.182,"duration":10,"x":-11.117},{"tweenEasing":0,"y":-1.182,"duration":10,"x":-11.117},{"tweenEasing":0,"y":-1.182,"duration":10,"x":-11.117},{"tweenEasing":0,"y":-1.182,"duration":10,"x":-11.117},{"tweenEasing":0,"y":-1.182,"duration":10,"x":-11.117},{"y":-1.182,"duration":0,"x":-11.117}],"scaleFrame":[{"tweenEasing":0,"duration":10},{"tweenEasing":0,"duration":10},{"tweenEasing":0,"duration":10},{"tweenEasing":0,"duration":10},{"tweenEasing":0,"duration":10},{"tweenEasing":0,"duration":10},{"duration":0}],"name":"tzb","rotateFrame":[{"tweenEasing":0,"duration":10,"rotate":-12.9096},{"tweenEasing":0,"duration":10,"rotate":-12.9096},{"tweenEasing":0,"duration":10,"rotate":-12.9096},{"tweenEasing":0,"duration":10,"rotate":-12.9096},{"tweenEasing":0,"duration":10,"rotate":-12.9096},{"tweenEasing":0,"duration":10,"rotate":-34.2587},{"duration":0,"rotate":-12.9096}]},{"translateFrame":[{"tweenEasing":0,"duration":10},{"tweenEasing":0,"duration":10},{"tweenEasing":0,"duration":10},{"tweenEasing":0,"duration":10},{"tweenEasing":0,"duration":10},{"tweenEasing":0,"duration":10},{"duration":0}],"scaleFrame":[{"tweenEasing":0,"duration":10},{"tweenEasing":0,"duration":10},{"tweenEasing":0,"duration":10},{"tweenEasing":0,"duration":10},{"tweenEasing":0,"duration":10},{"tweenEasing":0,"duration":10},{"duration":0}],"name":"szb","rotateFrame":[{"tweenEasing":0,"duration":10},{"tweenEasing":0,"duration":10},{"tweenEasing":0,"duration":10},{"tweenEasing":0,"duration":10},{"tweenEasing":0,"duration":10},{"tweenEasing":0,"duration":10},{"duration":0}]}],"ffd":[],"duration":60,"name":"2","ik":[],"playTimes":0},{"slot":[{"colorFrame":[],"displayFrame":[],"name":"sza"},{"colorFrame":[],"displayFrame":[],"name":"szb"},{"colorFrame":[],"displayFrame":[],"name":"bb"},{"colorFrame":[],"displayFrame":[],"name":"tzb"},{"colorFrame":[],"displayFrame":[],"name":"tza"},{"colorFrame":[],"displayFrame":[],"name":"tz"},{"colorFrame":[],"displayFrame":[],"name":"tyb"},{"colorFrame":[],"displayFrame":[],"name":"tya"},{"colorFrame":[],"displayFrame":[],"name":"ty"},{"colorFrame":[],"displayFrame":[],"name":"st"},{"colorFrame":[],"displayFrame":[],"name":"syb"},{"colorFrame":[],"displayFrame":[],"name":"sya"},{"colorFrame":[],"displayFrame":[{"duration":40},{"value":1,"duration":8},{"duration":4},{"value":1,"duration":8},{"duration":4},{"value":1,"duration":8},{"duration":8}],"name":"ha"}],"frame":[],"bone":[{"translateFrame":[],"scaleFrame":[],"name":"root","rotateFrame":[]},{"translateFrame":[{"tweenEasing":0,"duration":40},{"tweenEasing":0,"duration":40},{"duration":0}],"scaleFrame":[{"tweenEasing":0,"duration":40},{"tweenEasing":0,"duration":40},{"duration":0}],"name":"bone","rotateFrame":[{"tweenEasing":0,"duration":40},{"tweenEasing":0,"duration":40},{"duration":0}]},{"translateFrame":[{"tweenEasing":0,"duration":40},{"tweenEasing":0,"y":5.18,"duration":40},{"duration":0}],"scaleFrame":[{"tweenEasing":0,"duration":40},{"tweenEasing":0,"duration":40},{"duration":0}],"name":"st","rotateFrame":[{"tweenEasing":0,"duration":40},{"tweenEasing":0,"duration":40},{"duration":0}]},{"translateFrame":[{"tweenEasing":0,"duration":40},{"tweenEasing":0,"y":-0.266,"duration":40,"x":3.6904},{"duration":0}],"scaleFrame":[{"tweenEasing":0,"duration":40},{"tweenEasing":0,"duration":40},{"duration":0}],"name":"ty","rotateFrame":[{"tweenEasing":0,"duration":40},{"tweenEasing":0,"duration":40},{"duration":0}]},{"translateFrame":[{"tweenEasing":0,"duration":40},{"tweenEasing":0,"y":-0.266,"duration":40,"x":3.6904},{"duration":0}],"scaleFrame":[{"tweenEasing":0,"duration":40},{"tweenEasing":0,"duration":40},{"duration":0}],"name":"tz","rotateFrame":[{"tweenEasing":0,"duration":40},{"tweenEasing":0,"duration":40},{"duration":0}]},{"translateFrame":[{"tweenEasing":0,"duration":40},{"tweenEasing":0,"duration":40},{"duration":0}],"scaleFrame":[{"tweenEasing":0,"duration":40},{"tweenEasing":0,"duration":40},{"duration":0}],"name":"st1","rotateFrame":[{"tweenEasing":0,"duration":40},{"tweenEasing":0,"duration":4,"rotate":9.2622},{"tweenEasing":0,"duration":4,"rotate":10.3798},{"tweenEasing":0,"duration":4,"rotate":5.0215},{"tweenEasing":0,"duration":4,"rotate":7.9518},{"tweenEasing":0,"duration":4,"rotate":4.7184},{"tweenEasing":0,"duration":4,"rotate":6.8169},{"tweenEasing":0,"duration":4,"rotate":2.3845},{"tweenEasing":0,"duration":4,"rotate":4.308},{"tweenEasing":0,"duration":8,"rotate":0.8359},{"duration":0}]},{"translateFrame":[{"tweenEasing":0,"duration":40},{"tweenEasing":0,"duration":40},{"duration":0}],"scaleFrame":[{"tweenEasing":0,"duration":40},{"tweenEasing":0,"duration":40},{"duration":0}],"name":"ha","rotateFrame":[{"tweenEasing":0,"duration":40},{"tweenEasing":0,"duration":4,"rotate":1.7843},{"tweenEasing":0,"duration":4,"rotate":6.6934},{"tweenEasing":0,"duration":4,"rotate":-3.5407},{"tweenEasing":0,"duration":4,"rotate":7.1564},{"tweenEasing":0,"duration":4,"rotate":-1.7011},{"tweenEasing":0,"duration":4,"rotate":1.4672},{"tweenEasing":0,"duration":4,"rotate":-1.8952},{"tweenEasing":0,"duration":4,"rotate":1.0982},{"tweenEasing":0,"duration":8,"rotate":-1.304},{"duration":0}]},{"translateFrame":[{"tweenEasing":0,"duration":40},{"tweenEasing":0,"duration":40},{"duration":0}],"scaleFrame":[{"tweenEasing":0,"duration":40},{"tweenEasing":0,"duration":40},{"duration":0}],"name":"sya","rotateFrame":[{"tweenEasing":0,"duration":40},{"tweenEasing":0,"duration":4,"rotate":8.2394},{"tweenEasing":0,"duration":4,"rotate":9.4593},{"tweenEasing":0,"duration":4,"rotate":4.2032},{"tweenEasing":0,"duration":4,"rotate":7.2359},{"tweenEasing":0,"duration":4,"rotate":4.1047},{"tweenEasing":0,"duration":4,"rotate":6.3054},{"tweenEasing":0,"duration":4,"rotate":1.9753},{"tweenEasing":0,"duration":4,"rotate":4.0011},{"tweenEasing":0,"duration":8,"rotate":0.6313},{"duration":0}]},{"translateFrame":[{"tweenEasing":0,"duration":40},{"tweenEasing":0,"duration":40},{"duration":0}],"scaleFrame":[{"tweenEasing":0,"duration":40},{"tweenEasing":0,"duration":40},{"duration":0}],"name":"sza","rotateFrame":[{"tweenEasing":0,"duration":40},{"tweenEasing":0,"duration":4,"rotate":7.4053},{"tweenEasing":0,"duration":4,"rotate":8.7085},{"tweenEasing":0,"duration":4,"rotate":3.5359},{"tweenEasing":0,"duration":4,"rotate":6.652},{"tweenEasing":0,"duration":4,"rotate":3.6043},{"tweenEasing":0,"duration":4,"rotate":5.8884},{"tweenEasing":0,"duration":4,"rotate":1.6417},{"tweenEasing":0,"duration":4,"rotate":3.7509},{"tweenEasing":0,"duration":8,"rotate":0.4645},{"duration":0}]},{"translateFrame":[{"tweenEasing":0,"duration":40},{"tweenEasing":0,"y":0.2749,"duration":40,"x":-1.4542},{"duration":0}],"scaleFrame":[{"tweenEasing":0,"duration":40},{"tweenEasing":0,"duration":40},{"duration":0}],"name":"tya","rotateFrame":[{"tweenEasing":0,"duration":40},{"tweenEasing":0,"duration":40},{"duration":0}]},{"translateFrame":[{"tweenEasing":0,"duration":40},{"tweenEasing":0,"y":-0.5492,"duration":40,"x":-1.3743},{"duration":0}],"scaleFrame":[{"tweenEasing":0,"duration":40},{"tweenEasing":0,"duration":40},{"duration":0}],"name":"tza","rotateFrame":[{"tweenEasing":0,"duration":40},{"tweenEasing":0,"duration":40},{"duration":0}]},{"translateFrame":[{"tweenEasing":0,"duration":40},{"tweenEasing":0,"duration":40},{"duration":0}],"scaleFrame":[{"tweenEasing":0,"duration":40},{"tweenEasing":0,"duration":40},{"duration":0}],"name":"bb","rotateFrame":[{"tweenEasing":0,"duration":40},{"tweenEasing":0,"duration":4,"rotate":-4.3514},{"tweenEasing":0,"duration":4,"rotate":-1.8725},{"tweenEasing":0,"duration":4,"rotate":-5.8694},{"tweenEasing":0,"duration":4,"rotate":-1.5777},{"tweenEasing":0,"duration":4,"rotate":-3.4498},{"tweenEasing":0,"duration":4,"rotate":0.01},{"tweenEasing":0,"duration":4,"rotate":-3.061},{"tweenEasing":0,"duration":4,"rotate":0.2239},{"tweenEasing":0,"duration":8,"rotate":-1.8869},{"duration":0}]},{"translateFrame":[{"tweenEasing":0,"duration":40},{"tweenEasing":0,"duration":40},{"duration":0}],"scaleFrame":[{"tweenEasing":0,"duration":40},{"tweenEasing":0,"duration":40},{"duration":0}],"name":"syb","rotateFrame":[{"tweenEasing":0,"duration":40},{"tweenEasing":0,"duration":4,"rotate":-7.3295},{"tweenEasing":0,"duration":4,"rotate":-4.5527},{"tweenEasing":0,"duration":4,"rotate":-8.2519},{"tweenEasing":0,"duration":4,"rotate":-3.6624},{"tweenEasing":0,"duration":4,"rotate":-5.2366},{"tweenEasing":0,"duration":4,"rotate":-1.479},{"tweenEasing":0,"duration":4,"rotate":-4.2522},{"tweenEasing":0,"duration":4,"rotate":-0.6696},{"tweenEasing":0,"duration":8,"rotate":-2.4825},{"duration":0}]},{"translateFrame":[{"tweenEasing":0,"duration":40},{"tweenEasing":0,"duration":40},{"duration":0}],"scaleFrame":[{"tweenEasing":0,"duration":40},{"tweenEasing":0,"duration":40},{"duration":0}],"name":"tyb","rotateFrame":[{"tweenEasing":0,"duration":40},{"tweenEasing":0,"duration":40},{"duration":0}]},{"translateFrame":[{"tweenEasing":0,"duration":40},{"tweenEasing":0,"duration":40},{"duration":0}],"scaleFrame":[{"tweenEasing":0,"duration":40},{"tweenEasing":0,"duration":40},{"duration":0}],"name":"tzb","rotateFrame":[{"tweenEasing":0,"duration":40},{"tweenEasing":0,"duration":40},{"duration":0}]},{"translateFrame":[{"tweenEasing":0,"duration":40},{"tweenEasing":0,"duration":40},{"duration":0}],"scaleFrame":[{"tweenEasing":0,"duration":40},{"tweenEasing":0,"duration":40},{"duration":0}],"name":"szb","rotateFrame":[{"tweenEasing":0,"duration":40},{"tweenEasing":0,"duration":4,"rotate":-7.5105},{"tweenEasing":0,"duration":4,"rotate":-4.7157},{"tweenEasing":0,"duration":4,"rotate":-8.3967},{"tweenEasing":0,"duration":4,"rotate":-3.7891},{"tweenEasing":0,"duration":4,"rotate":-5.3452},{"tweenEasing":0,"duration":4,"rotate":-1.5695},{"tweenEasing":0,"duration":4,"rotate":-4.3246},{"tweenEasing":0,"duration":4,"rotate":-0.7239},{"tweenEasing":0,"duration":8,"rotate":-2.5187},{"duration":0}]}],"ffd":[],"duration":80,"name":"3","ik":[],"playTimes":0},{"slot":[{"colorFrame":[],"displayFrame":[],"name":"sza"},{"colorFrame":[],"displayFrame":[],"name":"szb"},{"colorFrame":[],"displayFrame":[],"name":"bb"},{"colorFrame":[],"displayFrame":[],"name":"tzb"},{"colorFrame":[],"displayFrame":[],"name":"tza"},{"colorFrame":[],"displayFrame":[],"name":"tz"},{"colorFrame":[],"displayFrame":[],"name":"tyb"},{"colorFrame":[],"displayFrame":[],"name":"tya"},{"colorFrame":[],"displayFrame":[],"name":"ty"},{"colorFrame":[],"displayFrame":[],"name":"st"},{"colorFrame":[],"displayFrame":[],"name":"syb"},{"colorFrame":[],"displayFrame":[],"name":"sya"},{"colorFrame":[],"displayFrame":[{"value":3,"duration":60}],"name":"ha"}],"frame":[],"bone":[{"translateFrame":[],"scaleFrame":[],"name":"root","rotateFrame":[]},{"translateFrame":[{"tweenEasing":0,"duration":35},{"tweenEasing":0,"duration":25},{"duration":0}],"scaleFrame":[{"tweenEasing":0,"duration":35},{"tweenEasing":0,"duration":25},{"duration":0}],"name":"bone","rotateFrame":[{"tweenEasing":0,"duration":35},{"tweenEasing":0,"duration":25},{"duration":0}]},{"translateFrame":[{"tweenEasing":0,"duration":35},{"tweenEasing":0,"duration":25},{"y":5.18,"duration":0}],"scaleFrame":[{"tweenEasing":0,"duration":35},{"tweenEasing":0,"duration":25},{"duration":0}],"name":"st","rotateFrame":[{"tweenEasing":0,"duration":35},{"tweenEasing":0,"duration":25},{"duration":0}]},{"translateFrame":[{"tweenEasing":0,"duration":35},{"tweenEasing":0,"duration":25},{"y":-0.266,"duration":0,"x":3.6904}],"scaleFrame":[{"tweenEasing":0,"duration":35},{"tweenEasing":0,"duration":25},{"duration":0}],"name":"ty","rotateFrame":[{"tweenEasing":0,"duration":35},{"tweenEasing":0,"duration":25},{"duration":0}]},{"translateFrame":[{"tweenEasing":0,"duration":35},{"tweenEasing":0,"duration":25},{"y":-0.266,"duration":0,"x":3.6904}],"scaleFrame":[{"tweenEasing":0,"duration":35},{"tweenEasing":0,"duration":25},{"duration":0}],"name":"tz","rotateFrame":[{"tweenEasing":0,"duration":35},{"tweenEasing":0,"duration":25},{"duration":0}]},{"translateFrame":[{"tweenEasing":0,"duration":35},{"tweenEasing":0,"duration":25},{"duration":0}],"scaleFrame":[{"tweenEasing":0,"duration":35},{"tweenEasing":0,"duration":25},{"duration":0}],"name":"st1","rotateFrame":[{"tweenEasing":0,"duration":20},{"tweenEasing":0,"duration":15,"rotate":3.976},{"tweenEasing":0,"duration":25,"rotate":9.874},{"duration":0,"rotate":9.2622}]},{"translateFrame":[{"tweenEasing":0,"duration":35},{"tweenEasing":0,"duration":25},{"duration":0}],"scaleFrame":[{"tweenEasing":0,"duration":35},{"tweenEasing":0,"duration":25},{"duration":0}],"name":"ha","rotateFrame":[{"tweenEasing":0,"duration":20},{"tweenEasing":0,"duration":15,"rotate":3.976},{"tweenEasing":0,"duration":25,"rotate":3.976},{"duration":0,"rotate":1.7843}]},{"translateFrame":[{"tweenEasing":0,"duration":35},{"tweenEasing":0,"duration":25},{"duration":0}],"scaleFrame":[{"tweenEasing":0,"duration":35},{"tweenEasing":0,"duration":25},{"duration":0}],"name":"sya","rotateFrame":[{"tweenEasing":0,"duration":30},{"tweenEasing":0,"duration":5,"rotate":105.7334},{"tweenEasing":0,"duration":25,"rotate":85.0835},{"duration":0,"rotate":85.0835}]},{"translateFrame":[{"tweenEasing":0,"duration":35},{"tweenEasing":0,"duration":25},{"duration":0}],"scaleFrame":[{"tweenEasing":0,"duration":35},{"tweenEasing":0,"duration":25},{"duration":0}],"name":"sza","rotateFrame":[{"tweenEasing":0,"duration":20},{"tweenEasing":0,"duration":15,"rotate":3.976},{"tweenEasing":0,"duration":25,"rotate":3.976},{"duration":0,"rotate":7.4053}]},{"translateFrame":[{"tweenEasing":0,"duration":35},{"tweenEasing":0,"duration":25},{"y":0.2749,"duration":0,"x":-1.4542}],"scaleFrame":[{"tweenEasing":0,"duration":35},{"tweenEasing":0,"duration":25},{"duration":0}],"name":"tya","rotateFrame":[{"tweenEasing":0,"duration":35},{"tweenEasing":0,"duration":25},{"duration":0}]},{"translateFrame":[{"tweenEasing":0,"duration":35},{"tweenEasing":0,"duration":25},{"y":-0.5492,"duration":0,"x":-1.3743}],"scaleFrame":[{"tweenEasing":0,"duration":35},{"tweenEasing":0,"duration":25},{"duration":0}],"name":"tza","rotateFrame":[{"tweenEasing":0,"duration":35},{"tweenEasing":0,"duration":25},{"duration":0}]},{"translateFrame":[{"tweenEasing":0,"duration":35},{"tweenEasing":0,"duration":25},{"duration":0}],"scaleFrame":[{"tweenEasing":0,"duration":35},{"tweenEasing":0,"duration":25},{"duration":0}],"name":"bb","rotateFrame":[{"tweenEasing":0,"duration":20},{"tweenEasing":0,"duration":15,"rotate":3.976},{"tweenEasing":0,"duration":25,"rotate":3.976},{"duration":0,"rotate":-4.3514}]},{"translateFrame":[{"tweenEasing":0,"duration":35},{"tweenEasing":0,"duration":25},{"duration":0}],"scaleFrame":[{"tweenEasing":0,"duration":35},{"tweenEasing":0,"duration":25},{"duration":0}],"name":"syb","rotateFrame":[{"tweenEasing":0,"duration":30},{"tweenEasing":0,"duration":5,"rotate":22.3619},{"tweenEasing":0,"duration":25,"rotate":1.7121},{"duration":0,"rotate":1.7121}]},{"translateFrame":[{"tweenEasing":0,"duration":35},{"tweenEasing":0,"duration":25},{"duration":0}],"scaleFrame":[{"tweenEasing":0,"duration":35},{"tweenEasing":0,"duration":25},{"duration":0}],"name":"tyb","rotateFrame":[{"tweenEasing":0,"duration":35},{"tweenEasing":0,"duration":25},{"duration":0}]},{"translateFrame":[{"tweenEasing":0,"duration":35},{"tweenEasing":0,"duration":25},{"duration":0}],"scaleFrame":[{"tweenEasing":0,"duration":35},{"tweenEasing":0,"duration":25},{"duration":0}],"name":"tzb","rotateFrame":[{"tweenEasing":0,"duration":35},{"tweenEasing":0,"duration":25},{"duration":0}]},{"translateFrame":[{"tweenEasing":0,"duration":35},{"tweenEasing":0,"duration":25},{"duration":0}],"scaleFrame":[{"tweenEasing":0,"duration":35},{"tweenEasing":0,"duration":25},{"duration":0}],"name":"szb","rotateFrame":[{"tweenEasing":0,"duration":35},{"tweenEasing":0,"duration":25},{"duration":0,"rotate":-7.5105}]}],"ffd":[],"duration":60,"name":"4","ik":[],"playTimes":0},{"slot":[{"colorFrame":[],"displayFrame":[],"name":"sza"},{"colorFrame":[],"displayFrame":[],"name":"szb"},{"colorFrame":[],"displayFrame":[],"name":"bb"},{"colorFrame":[],"displayFrame":[],"name":"tzb"},{"colorFrame":[],"displayFrame":[],"name":"tza"},{"colorFrame":[],"displayFrame":[],"name":"tz"},{"colorFrame":[],"displayFrame":[],"name":"tyb"},{"colorFrame":[],"displayFrame":[],"name":"tya"},{"colorFrame":[],"displayFrame":[],"name":"ty"},{"colorFrame":[],"displayFrame":[],"name":"st"},{"colorFrame":[],"displayFrame":[],"name":"syb"},{"colorFrame":[],"displayFrame":[],"name":"sya"},{"colorFrame":[],"displayFrame":[{"value":2,"duration":5}],"name":"ha"}],"frame":[],"bone":[{"translateFrame":[],"scaleFrame":[],"name":"root","rotateFrame":[]},{"translateFrame":[{"duration":5}],"scaleFrame":[{"duration":5}],"name":"bone","rotateFrame":[{"duration":5}]},{"translateFrame":[{"tweenEasing":0,"duration":5},{"y":-1.4483,"duration":0,"x":-14.5766}],"scaleFrame":[{"duration":5}],"name":"st","rotateFrame":[{"duration":5}]},{"translateFrame":[{"duration":5}],"scaleFrame":[{"duration":5}],"name":"ty","rotateFrame":[{"tweenEasing":0,"duration":5},{"duration":0,"rotate":-11.2551}]},{"translateFrame":[{"duration":5}],"scaleFrame":[{"duration":5}],"name":"tz","rotateFrame":[{"tweenEasing":0,"duration":5},{"duration":0,"rotate":21.3612}]},{"translateFrame":[{"duration":5}],"scaleFrame":[{"duration":5}],"name":"st1","rotateFrame":[{"tweenEasing":0,"duration":5},{"duration":0,"rotate":-5.7505}]},{"translateFrame":[{"duration":5}],"scaleFrame":[{"duration":5}],"name":"ha","rotateFrame":[{"tweenEasing":0,"duration":5},{"duration":0,"rotate":-15.7434}]},{"translateFrame":[{"duration":5}],"scaleFrame":[{"duration":5}],"name":"sya","rotateFrame":[{"tweenEasing":0,"duration":5},{"duration":0,"rotate":34.1727}]},{"translateFrame":[{"tweenEasing":0,"duration":5},{"y":-2.5491,"duration":0,"x":-1.3741}],"scaleFrame":[{"duration":5}],"name":"sza","rotateFrame":[{"duration":5}]},{"translateFrame":[{"duration":5}],"scaleFrame":[{"duration":5}],"name":"tya","rotateFrame":[{"duration":5}]},{"translateFrame":[{"duration":5}],"scaleFrame":[{"duration":5}],"name":"tza","rotateFrame":[{"tweenEasing":0,"duration":5},{"duration":0,"rotate":-10.4602}]},{"translateFrame":[{"tweenEasing":0,"duration":5},{"y":-28.6386,"duration":0,"x":-130.9638}],"scaleFrame":[{"duration":5}],"name":"bb","rotateFrame":[{"tweenEasing":0,"duration":5},{"duration":0,"rotate":-65.1055}]},{"translateFrame":[{"tweenEasing":0,"duration":5},{"y":2.1338,"duration":0,"x":-6.4592}],"scaleFrame":[{"duration":5}],"name":"syb","rotateFrame":[{"tweenEasing":0,"duration":5},{"duration":0,"rotate":87.1907}]},{"translateFrame":[{"duration":5}],"scaleFrame":[{"duration":5}],"name":"tyb","rotateFrame":[{"tweenEasing":0,"duration":5},{"duration":0,"rotate":4.3791}]},{"translateFrame":[{"duration":5}],"scaleFrame":[{"duration":5}],"name":"tzb","rotateFrame":[{"duration":5}]},{"translateFrame":[{"duration":5}],"scaleFrame":[{"duration":5}],"name":"szb","rotateFrame":[{"tweenEasing":0,"duration":5},{"duration":0,"rotate":108.6117}]}],"ffd":[],"duration":5,"name":"5","ik":[],"playTimes":0},{"slot":[{"colorFrame":[],"displayFrame":[],"name":"sza"},{"colorFrame":[],"displayFrame":[],"name":"szb"},{"colorFrame":[],"displayFrame":[],"name":"bb"},{"colorFrame":[],"displayFrame":[],"name":"tzb"},{"colorFrame":[],"displayFrame":[],"name":"tza"},{"colorFrame":[],"displayFrame":[],"name":"tz"},{"colorFrame":[],"displayFrame":[],"name":"tyb"},{"colorFrame":[],"displayFrame":[],"name":"tya"},{"colorFrame":[],"displayFrame":[],"name":"ty"},{"colorFrame":[],"displayFrame":[],"name":"st"},{"colorFrame":[],"displayFrame":[],"name":"syb"},{"colorFrame":[],"displayFrame":[],"name":"sya"},{"colorFrame":[],"displayFrame":[{"value":2,"duration":28}],"name":"ha"}],"frame":[],"bone":[{"translateFrame":[],"scaleFrame":[],"name":"root","rotateFrame":[]},{"translateFrame":[{"tweenEasing":0,"duration":25},{"duration":3}],"scaleFrame":[{"tweenEasing":0,"duration":25},{"duration":3}],"name":"bone","rotateFrame":[{"tweenEasing":0,"duration":25},{"duration":3}]},{"translateFrame":[{"tweenEasing":0,"duration":25},{"y":117.6482,"duration":3}],"scaleFrame":[{"tweenEasing":0,"duration":25},{"duration":3}],"name":"st","rotateFrame":[{"tweenEasing":0,"duration":10},{"tweenEasing":0,"duration":6,"rotate":-73.4236},{"tweenEasing":0,"duration":9,"rotate":-110.4214},{"duration":3,"rotate":-110.4214}]},{"translateFrame":[{"tweenEasing":0,"duration":25},{"duration":3}],"scaleFrame":[{"tweenEasing":0,"duration":25},{"duration":3}],"name":"ty","rotateFrame":[{"tweenEasing":0,"duration":10},{"tweenEasing":0,"duration":15,"rotate":-36.1808},{"tweenEasing":0,"duration":3,"rotate":-36.1808},{"duration":0,"rotate":22.6024}]},{"translateFrame":[{"tweenEasing":0,"duration":25},{"duration":3}],"scaleFrame":[{"tweenEasing":0,"duration":25},{"duration":3}],"name":"tz","rotateFrame":[{"tweenEasing":0,"duration":10},{"tweenEasing":0,"duration":6,"rotate":79.9271},{"tweenEasing":0,"duration":6,"rotate":-12.0353},{"tweenEasing":0,"duration":3,"rotate":-31.6044},{"tweenEasing":0,"duration":3,"rotate":-31.6044},{"duration":0,"rotate":-321.3207}]},{"translateFrame":[{"tweenEasing":0,"duration":25},{"duration":3}],"scaleFrame":[{"tweenEasing":0,"duration":25},{"duration":3}],"name":"st1","rotateFrame":[{"tweenEasing":0,"duration":10},{"tweenEasing":0,"duration":15,"rotate":40.6201},{"tweenEasing":0,"duration":3,"rotate":40.6201},{"duration":0,"rotate":21.9153}]},{"translateFrame":[{"tweenEasing":0,"duration":25},{"duration":3}],"scaleFrame":[{"tweenEasing":0,"duration":25},{"duration":3}],"name":"ha","rotateFrame":[{"tweenEasing":0,"duration":10},{"tweenEasing":0,"duration":15,"rotate":20.9558},{"tweenEasing":0,"duration":3,"rotate":20.9558},{"duration":0,"rotate":-7.3681}]},{"translateFrame":[{"tweenEasing":0,"duration":25},{"duration":3}],"scaleFrame":[{"tweenEasing":0,"duration":25},{"duration":3}],"name":"sya","rotateFrame":[{"tweenEasing":0,"duration":10},{"tweenEasing":0,"duration":6,"rotate":98.5365},{"tweenEasing":0,"duration":9,"rotate":179.3742},{"tweenEasing":0,"duration":3,"rotate":179.3742},{"duration":0,"rotate":211.9091}]},{"translateFrame":[{"tweenEasing":0,"duration":25},{"duration":3}],"scaleFrame":[{"tweenEasing":0,"duration":25},{"duration":3}],"name":"sza","rotateFrame":[{"tweenEasing":0,"duration":25},{"duration":3}]},{"translateFrame":[{"tweenEasing":0,"duration":25},{"duration":3}],"scaleFrame":[{"tweenEasing":0,"duration":25},{"duration":3}],"name":"tya","rotateFrame":[{"tweenEasing":0,"duration":25},{"tweenEasing":0,"duration":3},{"duration":0,"rotate":-7.3164}]},{"translateFrame":[{"tweenEasing":0,"duration":25},{"duration":3}],"scaleFrame":[{"tweenEasing":0,"duration":25},{"duration":3}],"name":"tza","rotateFrame":[{"tweenEasing":0,"duration":25},{"tweenEasing":0,"duration":3},{"duration":0,"rotate":2.2183}]},{"translateFrame":[{"tweenEasing":0,"duration":13},{"tweenEasing":0,"duration":12},{"y":53.2337,"duration":3,"x":-12.4476}],"scaleFrame":[{"tweenEasing":0,"duration":13},{"tweenEasing":0,"duration":12},{"duration":3}],"name":"bb","rotateFrame":[{"tweenEasing":0,"duration":13},{"tweenEasing":0,"duration":12},{"duration":3,"rotate":67.7004}]},{"translateFrame":[{"tweenEasing":0,"duration":10},{"tweenEasing":0,"y":0.0435,"duration":15,"x":-9.9608},{"y":0.0435,"duration":3,"x":-9.9608}],"scaleFrame":[{"tweenEasing":0,"duration":25},{"duration":3}],"name":"syb","rotateFrame":[{"tweenEasing":0,"duration":10},{"tweenEasing":0,"duration":15,"rotate":82.5365},{"duration":3,"rotate":82.5365}]},{"translateFrame":[{"tweenEasing":0,"duration":25},{"duration":3}],"scaleFrame":[{"tweenEasing":0,"duration":25},{"duration":3}],"name":"tyb","rotateFrame":[{"tweenEasing":0,"duration":25},{"tweenEasing":0,"duration":3},{"duration":0,"rotate":4.2394}]},{"translateFrame":[{"tweenEasing":0,"duration":25},{"duration":3}],"scaleFrame":[{"tweenEasing":0,"duration":25},{"duration":3}],"name":"tzb","rotateFrame":[{"tweenEasing":0,"duration":25},{"tweenEasing":0,"duration":3},{"duration":0,"rotate":-19.7786}]},{"translateFrame":[{"tweenEasing":0,"duration":25},{"duration":3}],"scaleFrame":[{"tweenEasing":0,"duration":25},{"duration":3}],"name":"szb","rotateFrame":[{"tweenEasing":0,"duration":25},{"tweenEasing":0,"duration":3},{"duration":0,"rotate":104.6144}]}],"ffd":[],"duration":28,"name":"6","ik":[],"playTimes":0},{"slot":[{"colorFrame":[],"displayFrame":[],"name":"sza"},{"colorFrame":[],"displayFrame":[],"name":"szb"},{"colorFrame":[],"displayFrame":[],"name":"bb"},{"colorFrame":[],"displayFrame":[],"name":"tzb"},{"colorFrame":[],"displayFrame":[],"name":"tza"},{"colorFrame":[],"displayFrame":[],"name":"tz"},{"colorFrame":[],"displayFrame":[],"name":"tyb"},{"colorFrame":[],"displayFrame":[],"name":"tya"},{"colorFrame":[],"displayFrame":[],"name":"ty"},{"colorFrame":[],"displayFrame":[],"name":"st"},{"colorFrame":[],"displayFrame":[],"name":"syb"},{"colorFrame":[],"displayFrame":[],"name":"sya"},{"colorFrame":[],"displayFrame":[{"value":1,"duration":35}],"name":"ha"}],"frame":[],"bone":[{"translateFrame":[],"scaleFrame":[],"name":"root","rotateFrame":[]},{"translateFrame":[{"tweenEasing":0,"duration":25},{"tweenEasing":0,"duration":10},{"duration":0}],"scaleFrame":[{"tweenEasing":0,"duration":25},{"tweenEasing":0,"duration":10},{"duration":0}],"name":"bone","rotateFrame":[{"tweenEasing":0,"duration":25},{"tweenEasing":0,"duration":10},{"duration":0}]},{"translateFrame":[{"tweenEasing":0,"duration":25},{"tweenEasing":0,"duration":10},{"duration":0}],"scaleFrame":[{"tweenEasing":0,"duration":25},{"tweenEasing":0,"duration":10},{"duration":0}],"name":"st","rotateFrame":[{"tweenEasing":0,"duration":25},{"tweenEasing":0,"duration":10},{"duration":0}]},{"translateFrame":[{"tweenEasing":0,"duration":25},{"tweenEasing":0,"duration":10},{"duration":0}],"scaleFrame":[{"tweenEasing":0,"duration":25},{"tweenEasing":0,"duration":10},{"duration":0}],"name":"ty","rotateFrame":[{"tweenEasing":0,"duration":25},{"tweenEasing":0,"duration":10},{"duration":0}]},{"translateFrame":[{"tweenEasing":0,"duration":25},{"tweenEasing":0,"duration":10},{"duration":0}],"scaleFrame":[{"tweenEasing":0,"duration":25},{"tweenEasing":0,"duration":10},{"duration":0}],"name":"tz","rotateFrame":[{"tweenEasing":0,"duration":25},{"tweenEasing":0,"duration":10},{"duration":0}]},{"translateFrame":[{"tweenEasing":0,"duration":25},{"tweenEasing":0,"duration":10},{"duration":0}],"scaleFrame":[{"tweenEasing":0,"duration":25},{"tweenEasing":0,"duration":10},{"duration":0}],"name":"st1","rotateFrame":[{"tweenEasing":0,"duration":15},{"tweenEasing":0,"duration":5,"rotate":6.7086},{"tweenEasing":0,"duration":5,"rotate":-28.1481},{"tweenEasing":0,"duration":10,"rotate":-28.1481},{"duration":0}]},{"translateFrame":[{"tweenEasing":0,"duration":25},{"tweenEasing":0,"duration":10},{"duration":0}],"scaleFrame":[{"tweenEasing":0,"duration":25},{"tweenEasing":0,"duration":10},{"duration":0}],"name":"ha","rotateFrame":[{"tweenEasing":0,"duration":15},{"tweenEasing":0,"duration":5,"rotate":6.7086},{"tweenEasing":0,"duration":5,"rotate":6.7086},{"tweenEasing":0,"duration":10,"rotate":6.7086},{"duration":0}]},{"translateFrame":[{"tweenEasing":0,"duration":25},{"tweenEasing":0,"duration":10},{"duration":0}],"scaleFrame":[{"tweenEasing":0,"duration":25},{"tweenEasing":0,"duration":10},{"duration":0}],"name":"sya","rotateFrame":[{"tweenEasing":0,"duration":15},{"tweenEasing":0,"duration":10,"rotate":-262.6777},{"tweenEasing":0,"duration":10,"rotate":6.7086},{"duration":0}]},{"translateFrame":[{"tweenEasing":0,"duration":25},{"tweenEasing":0,"duration":10},{"duration":0}],"scaleFrame":[{"tweenEasing":0,"duration":25},{"tweenEasing":0,"duration":10},{"duration":0}],"name":"sza","rotateFrame":[{"tweenEasing":0,"duration":15},{"tweenEasing":0,"duration":5,"rotate":6.7086},{"tweenEasing":0,"duration":5,"rotate":244.2253},{"tweenEasing":0,"duration":10,"rotate":244.2253},{"duration":0}]},{"translateFrame":[{"tweenEasing":0,"duration":25},{"tweenEasing":0,"duration":10},{"duration":0}],"scaleFrame":[{"tweenEasing":0,"duration":25},{"tweenEasing":0,"duration":10},{"duration":0}],"name":"tya","rotateFrame":[{"tweenEasing":0,"duration":25},{"tweenEasing":0,"duration":10},{"duration":0}]},{"translateFrame":[{"tweenEasing":0,"duration":25},{"tweenEasing":0,"duration":10},{"duration":0}],"scaleFrame":[{"tweenEasing":0,"duration":25},{"tweenEasing":0,"duration":10},{"duration":0}],"name":"tza","rotateFrame":[{"tweenEasing":0,"duration":25},{"tweenEasing":0,"duration":10},{"duration":0}]},{"translateFrame":[{"tweenEasing":0,"duration":15},{"tweenEasing":0,"y":40.4983,"duration":5,"x":-31.3698},{"tweenEasing":0,"y":67.6981,"duration":5,"x":-50.478},{"tweenEasing":0,"y":179.2369,"duration":10,"x":-26.8366},{"duration":0}],"scaleFrame":[{"tweenEasing":0,"duration":25},{"tweenEasing":0,"duration":10},{"duration":0}],"name":"bb","rotateFrame":[{"tweenEasing":0,"duration":15},{"tweenEasing":0,"duration":5,"rotate":42.6492},{"tweenEasing":0,"duration":5,"rotate":256.9832},{"tweenEasing":0,"duration":10,"rotate":174.073},{"duration":0}]},{"translateFrame":[{"tweenEasing":0,"duration":25},{"tweenEasing":0,"duration":10},{"duration":0}],"scaleFrame":[{"tweenEasing":0,"duration":25},{"tweenEasing":0,"duration":10},{"duration":0}],"name":"syb","rotateFrame":[{"tweenEasing":0,"duration":15},{"tweenEasing":0,"duration":10,"rotate":6.6457},{"tweenEasing":0,"duration":10,"rotate":6.5828},{"duration":0}]},{"translateFrame":[{"tweenEasing":0,"duration":25},{"tweenEasing":0,"duration":10},{"duration":0}],"scaleFrame":[{"tweenEasing":0,"duration":25},{"tweenEasing":0,"duration":10},{"duration":0}],"name":"tyb","rotateFrame":[{"tweenEasing":0,"duration":25},{"tweenEasing":0,"duration":10},{"duration":0}]},{"translateFrame":[{"tweenEasing":0,"duration":25},{"tweenEasing":0,"duration":10},{"duration":0}],"scaleFrame":[{"tweenEasing":0,"duration":25},{"tweenEasing":0,"duration":10},{"duration":0}],"name":"tzb","rotateFrame":[{"tweenEasing":0,"duration":25},{"tweenEasing":0,"duration":10},{"duration":0}]},{"translateFrame":[{"tweenEasing":0,"duration":25},{"tweenEasing":0,"duration":10},{"duration":0}],"scaleFrame":[{"tweenEasing":0,"duration":25},{"tweenEasing":0,"duration":10},{"duration":0}],"name":"szb","rotateFrame":[{"tweenEasing":0,"duration":15},{"tweenEasing":0,"duration":5,"rotate":102.1688},{"tweenEasing":0,"duration":5,"rotate":102.043},{"tweenEasing":0,"duration":10,"rotate":102.043},{"duration":0}]}],"ffd":[],"duration":35,"name":"7","ik":[],"playTimes":0},{"slot":[{"colorFrame":[],"displayFrame":[],"name":"sza"},{"colorFrame":[],"displayFrame":[],"name":"szb"},{"colorFrame":[],"displayFrame":[],"name":"bb"},{"colorFrame":[],"displayFrame":[],"name":"tzb"},{"colorFrame":[],"displayFrame":[],"name":"tza"},{"colorFrame":[],"displayFrame":[],"name":"tz"},{"colorFrame":[],"displayFrame":[],"name":"tyb"},{"colorFrame":[],"displayFrame":[],"name":"tya"},{"colorFrame":[],"displayFrame":[],"name":"ty"},{"colorFrame":[],"displayFrame":[],"name":"st"},{"colorFrame":[],"displayFrame":[],"name":"syb"},{"colorFrame":[],"displayFrame":[],"name":"sya"},{"colorFrame":[],"displayFrame":[{"value":2,"duration":60}],"name":"ha"}],"frame":[],"bone":[{"translateFrame":[],"scaleFrame":[],"name":"root","rotateFrame":[]},{"translateFrame":[{"tweenEasing":0,"duration":10},{"tweenEasing":0,"duration":10},{"tweenEasing":0,"duration":10},{"tweenEasing":0,"duration":10},{"tweenEasing":0,"duration":10},{"tweenEasing":0,"duration":10},{"duration":0}],"scaleFrame":[{"tweenEasing":0,"duration":10},{"tweenEasing":0,"duration":10},{"tweenEasing":0,"duration":10},{"tweenEasing":0,"duration":10},{"tweenEasing":0,"duration":10},{"tweenEasing":0,"duration":10},{"duration":0}],"name":"bone","rotateFrame":[{"tweenEasing":0,"duration":10},{"tweenEasing":0,"duration":10},{"tweenEasing":0,"duration":10},{"tweenEasing":0,"duration":10},{"tweenEasing":0,"duration":10},{"tweenEasing":0,"duration":10},{"duration":0}]},{"translateFrame":[{"tweenEasing":0,"duration":10},{"tweenEasing":0,"duration":10,"x":9.2068},{"tweenEasing":0,"y":10.2754,"duration":10,"x":4.6034},{"tweenEasing":0,"duration":10},{"tweenEasing":0,"y":1.3,"duration":10},{"tweenEasing":0,"y":13.7949,"duration":10},{"duration":0}],"scaleFrame":[{"tweenEasing":0,"duration":10},{"tweenEasing":0,"duration":10},{"tweenEasing":0,"duration":10},{"tweenEasing":0,"duration":10},{"tweenEasing":0,"duration":10},{"tweenEasing":0,"duration":10},{"duration":0}],"name":"st","rotateFrame":[{"tweenEasing":0,"duration":60},{"duration":0}]},{"translateFrame":[{"tweenEasing":0,"duration":10},{"tweenEasing":0,"duration":10},{"tweenEasing":0,"duration":10},{"tweenEasing":0,"duration":8},{"tweenEasing":0,"y":-9.8496,"duration":7,"x":12.2459},{"tweenEasing":0,"y":-9.9442,"duration":15,"x":13.5578},{"duration":0}],"scaleFrame":[{"tweenEasing":0,"duration":10},{"tweenEasing":0,"duration":10},{"tweenEasing":0,"duration":10},{"tweenEasing":0,"duration":8},{"tweenEasing":0,"duration":7},{"tweenEasing":0,"duration":15},{"duration":0}],"name":"ty","rotateFrame":[{"tweenEasing":0,"duration":10,"rotate":-7.1205},{"tweenEasing":0,"duration":10,"rotate":13.8321},{"tweenEasing":0,"duration":10,"rotate":15.7812},{"tweenEasing":0,"duration":8,"rotate":-7.1205},{"tweenEasing":0,"duration":7,"rotate":-46.9918},{"tweenEasing":0,"duration":15,"rotate":-43.0957},{"duration":0,"rotate":-7.1205}]},{"translateFrame":[{"tweenEasing":0,"duration":7},{"tweenEasing":0,"y":-16.7291,"duration":7,"x":3.4095},{"tweenEasing":0,"y":-8.9488,"duration":16,"x":4.6497},{"tweenEasing":0,"duration":10},{"tweenEasing":0,"duration":10},{"tweenEasing":0,"y":-3.9824,"duration":10,"x":-11.0672},{"duration":0}],"scaleFrame":[{"tweenEasing":0,"duration":7},{"tweenEasing":0,"duration":7},{"tweenEasing":0,"duration":16},{"tweenEasing":0,"duration":10},{"tweenEasing":0,"duration":10},{"tweenEasing":0,"duration":10},{"duration":0}],"name":"tz","rotateFrame":[{"tweenEasing":0,"duration":7,"rotate":13.7095},{"tweenEasing":0,"duration":7,"rotate":-13.753},{"tweenEasing":0,"duration":16,"rotate":-3.1097},{"tweenEasing":0,"duration":10,"rotate":13.7095},{"tweenEasing":0,"duration":10,"rotate":44.8753},{"tweenEasing":0,"duration":10,"rotate":61.5756},{"duration":0,"rotate":13.7095}]},{"translateFrame":[{"tweenEasing":0,"duration":15},{"tweenEasing":0,"duration":15},{"tweenEasing":0,"duration":15},{"tweenEasing":0,"duration":15},{"duration":0}],"scaleFrame":[{"tweenEasing":0,"duration":15},{"tweenEasing":0,"duration":15},{"tweenEasing":0,"duration":15},{"tweenEasing":0,"duration":15},{"duration":0}],"name":"st1","rotateFrame":[{"tweenEasing":0,"duration":15},{"tweenEasing":0,"duration":15,"rotate":9.2622},{"tweenEasing":0,"duration":15},{"tweenEasing":0,"duration":15,"rotate":9.2622},{"duration":0}]},{"translateFrame":[{"tweenEasing":0,"duration":10},{"tweenEasing":0,"duration":10},{"tweenEasing":0,"duration":10},{"tweenEasing":0,"duration":10},{"tweenEasing":0,"duration":10},{"tweenEasing":0,"duration":10},{"duration":0}],"scaleFrame":[{"tweenEasing":0,"duration":10},{"tweenEasing":0,"duration":10},{"tweenEasing":0,"duration":10},{"tweenEasing":0,"duration":10},{"tweenEasing":0,"duration":10},{"tweenEasing":0,"duration":10},{"duration":0}],"name":"ha","rotateFrame":[{"tweenEasing":0,"duration":10},{"tweenEasing":0,"duration":10},{"tweenEasing":0,"duration":10},{"tweenEasing":0,"duration":10},{"tweenEasing":0,"duration":10},{"tweenEasing":0,"duration":10},{"duration":0}]},{"translateFrame":[{"tweenEasing":0,"duration":10},{"tweenEasing":0,"duration":10},{"tweenEasing":0,"duration":10},{"tweenEasing":0,"duration":10},{"tweenEasing":0,"duration":10},{"tweenEasing":0,"duration":10},{"duration":0}],"scaleFrame":[{"tweenEasing":0,"duration":10},{"tweenEasing":0,"duration":10},{"tweenEasing":0,"duration":10},{"tweenEasing":0,"duration":10},{"tweenEasing":0,"duration":10},{"tweenEasing":0,"duration":10},{"duration":0}],"name":"sya","rotateFrame":[{"tweenEasing":0,"duration":10},{"tweenEasing":0,"duration":10},{"tweenEasing":0,"duration":10},{"tweenEasing":0,"duration":10},{"tweenEasing":0,"duration":10},{"tweenEasing":0,"duration":10},{"duration":0}]},{"translateFrame":[{"tweenEasing":0,"duration":10},{"tweenEasing":0,"duration":10},{"tweenEasing":0,"duration":10},{"tweenEasing":0,"duration":10},{"tweenEasing":0,"duration":10},{"tweenEasing":0,"duration":10},{"duration":0}],"scaleFrame":[{"tweenEasing":0,"duration":10},{"tweenEasing":0,"duration":10},{"tweenEasing":0,"duration":10},{"tweenEasing":0,"duration":10},{"tweenEasing":0,"duration":10},{"tweenEasing":0,"duration":10},{"duration":0}],"name":"sza","rotateFrame":[{"tweenEasing":0,"duration":10},{"tweenEasing":0,"duration":10},{"tweenEasing":0,"duration":10},{"tweenEasing":0,"duration":10},{"tweenEasing":0,"duration":10},{"tweenEasing":0,"duration":10},{"duration":0}]},{"translateFrame":[{"tweenEasing":0,"duration":10},{"tweenEasing":0,"duration":10},{"tweenEasing":0,"duration":10},{"tweenEasing":0,"duration":10},{"tweenEasing":0,"duration":10},{"tweenEasing":0,"duration":10},{"duration":0}],"scaleFrame":[{"tweenEasing":0,"duration":10},{"tweenEasing":0,"duration":10},{"tweenEasing":0,"duration":10},{"tweenEasing":0,"duration":10},{"tweenEasing":0,"duration":10},{"tweenEasing":0,"duration":10},{"duration":0}],"name":"tya","rotateFrame":[{"tweenEasing":0,"duration":10,"rotate":-8.3197},{"tweenEasing":0,"duration":10,"rotate":-12.0919},{"tweenEasing":0,"duration":10,"rotate":-0.8516},{"tweenEasing":0,"duration":8,"rotate":-8.3197},{"tweenEasing":0,"duration":2,"rotate":21.3314},{"tweenEasing":0,"duration":10,"rotate":8.4939},{"tweenEasing":0,"duration":10,"rotate":23.9149},{"duration":0,"rotate":-8.3197}]},{"translateFrame":[{"tweenEasing":0,"y":-0.4618,"duration":10,"x":-3.2556},{"tweenEasing":0,"y":-0.4618,"duration":10,"x":-3.2556},{"tweenEasing":0,"y":-0.4618,"duration":10,"x":-3.2556},{"tweenEasing":0,"y":-0.4618,"duration":10,"x":-3.2556},{"tweenEasing":0,"y":-0.4618,"duration":10,"x":-3.2556},{"tweenEasing":0,"y":-0.4618,"duration":10,"x":-3.2556},{"y":-0.4618,"duration":0,"x":-3.2556}],"scaleFrame":[{"tweenEasing":0,"duration":10},{"tweenEasing":0,"duration":10},{"tweenEasing":0,"duration":10},{"tweenEasing":0,"duration":10},{"tweenEasing":0,"duration":10},{"tweenEasing":0,"duration":10},{"duration":0}],"name":"tza","rotateFrame":[{"tweenEasing":0,"duration":10},{"tweenEasing":0,"duration":10,"rotate":15.7231},{"tweenEasing":0,"duration":10,"rotate":16.1622},{"tweenEasing":0,"duration":10},{"tweenEasing":0,"duration":10,"rotate":-12.6676},{"tweenEasing":0,"duration":10,"rotate":-12.6676},{"duration":0}]},{"translateFrame":[{"tweenEasing":0,"duration":10},{"tweenEasing":0,"duration":10},{"tweenEasing":0,"duration":10},{"tweenEasing":0,"duration":10},{"tweenEasing":0,"duration":10},{"tweenEasing":0,"duration":10},{"duration":0}],"scaleFrame":[{"tweenEasing":0,"duration":10},{"tweenEasing":0,"duration":10},{"tweenEasing":0,"duration":10},{"tweenEasing":0,"duration":10},{"tweenEasing":0,"duration":10},{"tweenEasing":0,"duration":10},{"duration":0}],"name":"bb","rotateFrame":[{"tweenEasing":0,"duration":10},{"tweenEasing":0,"duration":10},{"tweenEasing":0,"duration":10},{"tweenEasing":0,"duration":10},{"tweenEasing":0,"duration":10},{"tweenEasing":0,"duration":10},{"duration":0}]},{"translateFrame":[{"tweenEasing":0,"duration":10},{"tweenEasing":0,"duration":10},{"tweenEasing":0,"duration":10},{"tweenEasing":0,"duration":10},{"tweenEasing":0,"duration":10},{"tweenEasing":0,"duration":10},{"duration":0}],"scaleFrame":[{"tweenEasing":0,"duration":10},{"tweenEasing":0,"duration":10},{"tweenEasing":0,"duration":10},{"tweenEasing":0,"duration":10},{"tweenEasing":0,"duration":10},{"tweenEasing":0,"duration":10},{"duration":0}],"name":"syb","rotateFrame":[{"tweenEasing":0,"duration":10},{"tweenEasing":0,"duration":10},{"tweenEasing":0,"duration":10},{"tweenEasing":0,"duration":10},{"tweenEasing":0,"duration":10},{"tweenEasing":0,"duration":10},{"duration":0}]},{"translateFrame":[{"tweenEasing":0,"duration":10},{"tweenEasing":0,"duration":10},{"tweenEasing":0,"duration":10},{"tweenEasing":0,"duration":10},{"tweenEasing":0,"duration":10},{"tweenEasing":0,"duration":10},{"duration":0}],"scaleFrame":[{"tweenEasing":0,"duration":10},{"tweenEasing":0,"duration":10},{"tweenEasing":0,"duration":10},{"tweenEasing":0,"duration":10},{"tweenEasing":0,"duration":10},{"tweenEasing":0,"duration":10},{"duration":0}],"name":"tyb","rotateFrame":[{"tweenEasing":0,"duration":10,"rotate":12.128},{"tweenEasing":0,"duration":10,"rotate":8.0808},{"tweenEasing":0,"duration":10,"rotate":-7.2799},{"tweenEasing":0,"duration":10,"rotate":12.128},{"tweenEasing":0,"duration":10,"rotate":12.128},{"tweenEasing":0,"duration":10,"rotate":24.4327},{"duration":0,"rotate":12.128}]},{"translateFrame":[{"tweenEasing":0,"y":-1.182,"duration":10,"x":-11.117},{"tweenEasing":0,"y":-1.182,"duration":10,"x":-11.117},{"tweenEasing":0,"y":-1.182,"duration":10,"x":-11.117},{"tweenEasing":0,"y":-1.182,"duration":10,"x":-11.117},{"tweenEasing":0,"y":-1.182,"duration":10,"x":-11.117},{"tweenEasing":0,"y":-1.182,"duration":10,"x":-11.117},{"y":-1.182,"duration":0,"x":-11.117}],"scaleFrame":[{"tweenEasing":0,"duration":10},{"tweenEasing":0,"duration":10},{"tweenEasing":0,"duration":10},{"tweenEasing":0,"duration":10},{"tweenEasing":0,"duration":10},{"tweenEasing":0,"duration":10},{"duration":0}],"name":"tzb","rotateFrame":[{"tweenEasing":0,"duration":10,"rotate":-12.9096},{"tweenEasing":0,"duration":10,"rotate":-12.9096},{"tweenEasing":0,"duration":10,"rotate":-12.9096},{"tweenEasing":0,"duration":10,"rotate":-12.9096},{"tweenEasing":0,"duration":10,"rotate":-12.9096},{"tweenEasing":0,"duration":10,"rotate":-34.2587},{"duration":0,"rotate":-12.9096}]},{"translateFrame":[{"tweenEasing":0,"duration":10},{"tweenEasing":0,"duration":10},{"tweenEasing":0,"duration":10},{"tweenEasing":0,"duration":10},{"tweenEasing":0,"duration":10},{"tweenEasing":0,"duration":10},{"duration":0}],"scaleFrame":[{"tweenEasing":0,"duration":10},{"tweenEasing":0,"duration":10},{"tweenEasing":0,"duration":10},{"tweenEasing":0,"duration":10},{"tweenEasing":0,"duration":10},{"tweenEasing":0,"duration":10},{"duration":0}],"name":"szb","rotateFrame":[{"tweenEasing":0,"duration":10},{"tweenEasing":0,"duration":10},{"tweenEasing":0,"duration":10},{"tweenEasing":0,"duration":10},{"tweenEasing":0,"duration":10},{"tweenEasing":0,"duration":10},{"duration":0}]}],"ffd":[],"duration":60,"name":"8","ik":[],"playTimes":0}],"ik":[],"frameRate":60}]}