{"frameRate":60,"isGlobal":0,"name":"8sdlr","version":"5.5","armature":[{"aabb":{"width":283.2418701204936,"y":-420.37170318891276,"height":421.91035641787494,"x":-185.57755096787798},"skin":[{"name":"","slot":[{"display":[{"path":"tza","type":"image","name":"tza","transform":{"skY":-82.2648,"y":1.8173,"skX":-82.2648,"x":38.0854}}],"name":"tza"},{"display":[{"path":"sb","type":"image","name":"sb","transform":{"skY":-60.326,"y":-3.7096,"skX":-60.326,"x":65.3176}}],"name":"sb"},{"display":[{"vertices":[-71.5,-87,-71.5,-4.35,-71.5,87,-1.45,87,71.5,87,71.5,-3.1,71.5,-87,-1.45,-87],"path":"st","weights":[2,2,0.24938029615829369,6,0.7506197038417064,2,2,0.468372065724776,6,0.5316279342752238,2,2,0.6858056718782557,6,0.3141943281217443,2,2,0.961278626256852,6,0.03872137374314795,2,2,0.6981779079321091,6,0.30182209206789096,2,2,0.4884596619573792,6,0.5115403380426208,2,2,0.2906063042624598,6,0.7093936957375403,2,2,0.06983130033103045,6,0.9301686996689694],"userEdges":[],"name":"st","edges":[0,1,1,2,2,3,3,4,4,5,5,6,6,7,7,0],"bonePose":[2,-0.03094202529994661,-0.999521180901304,0.999521180901304,-0.03094202529994661,104.95,-147.5,6,-0.03898308412675705,-0.9992398706776896,0.9992398706776896,-0.03898308412675705,102.45,-214.45],"type":"mesh","transform":{"skY":92.2341,"y":2.6593,"skX":92.2341,"x":3.2111},"uvs":[0,0,0,0.475,0,1,0.48986,1,1,1,1,0.48218,1,0,0.48986,0],"width":143,"height":174,"slotPose":[1,-6.9388939039072276e-18,6.9388939039072276e-18,1,104.98214285714285,-217.76228829160533],"triangles":[1,3,5,7,1,5,7,5,6,5,3,4,0,1,7,1,2,3]}],"name":"st"},{"display":[{"path":"sa","type":"image","name":"sa","transform":{"skY":-112.1322,"y":9.9156,"skX":-112.1322,"x":51.79}}],"name":"sa"},{"display":[{"path":"sta","type":"image","name":"sta","transform":{"skY":92.2341,"y":-10.3548,"skX":92.2341,"x":67.6227}}],"name":"sta"},{"display":[{"path":"ha","type":"image","name":"ha","transform":{"skY":92.1375,"y":-13.0793,"skX":92.1375,"x":41.8133}}],"name":"ha"},{"display":[{"path":"tzb","type":"image","name":"tzb","transform":{"skY":-84.6678,"y":-2.353,"skX":-84.6678,"x":22.2041}}],"name":"tzb"},{"display":[{"path":"tya","type":"image","name":"tya","transform":{"skY":-94.7723,"y":3.6011,"skX":-94.7723,"x":33.7675}}],"name":"tya"},{"display":[{"path":"b","type":"image","name":"b","transform":{"skY":-178.3994,"y":7.7483,"skX":-178.3994,"x":79.0797}}],"name":"b"},{"display":[{"path":"tyb","type":"image","name":"tyb","transform":{"skY":-88.8662,"y":-5.8125,"skX":-88.8662,"x":17.7888}}],"name":"tyb"}]}],"animation":[{"frame":[],"duration":80,"bone":[{"translateFrame":[{"duration":80}],"scaleFrame":[{"duration":80}],"name":"root","rotateFrame":[{"duration":80}]},{"translateFrame":[{"tweenEasing":0,"duration":40},{"tweenEasing":0,"duration":40},{"duration":0}],"scaleFrame":[{"tweenEasing":0,"duration":40},{"tweenEasing":0,"duration":40},{"duration":0}],"name":"bone","rotateFrame":[{"tweenEasing":0,"duration":40},{"tweenEasing":0,"duration":40},{"duration":0}]},{"translateFrame":[{"tweenEasing":0,"duration":40},{"tweenEasing":0,"y":-3.65,"duration":40},{"duration":0}],"scaleFrame":[{"tweenEasing":0,"duration":40},{"tweenEasing":0,"duration":40},{"duration":0}],"name":"st","rotateFrame":[{"tweenEasing":0,"duration":40},{"tweenEasing":0,"duration":40},{"duration":0}]},{"translateFrame":[{"tweenEasing":0,"duration":40},{"tweenEasing":0,"duration":40},{"duration":0}],"scaleFrame":[{"tweenEasing":0,"duration":40},{"tweenEasing":0,"y":1.05,"duration":40,"x":1.05},{"duration":0}],"name":"st1","rotateFrame":[{"tweenEasing":0,"duration":40},{"tweenEasing":0,"duration":40},{"duration":0}]},{"translateFrame":[{"tweenEasing":0,"duration":40},{"tweenEasing":0,"duration":40},{"duration":0}],"scaleFrame":[{"tweenEasing":0,"duration":40},{"tweenEasing":0,"y":0.95,"duration":40,"x":0.95},{"duration":0}],"name":"sa","rotateFrame":[{"tweenEasing":0,"duration":40},{"tweenEasing":0,"duration":40,"rotate":-4.8036},{"duration":0}]},{"translateFrame":[{"tweenEasing":0,"duration":40},{"tweenEasing":0,"duration":40},{"duration":0}],"scaleFrame":[{"tweenEasing":0,"duration":40},{"tweenEasing":0,"y":0.95,"duration":40,"x":0.95},{"duration":0}],"name":"sb","rotateFrame":[{"tweenEasing":0,"duration":40},{"tweenEasing":0,"duration":40,"rotate":2.896},{"duration":0}]},{"translateFrame":[{"tweenEasing":0,"duration":40},{"tweenEasing":0,"duration":40},{"duration":0}],"scaleFrame":[{"tweenEasing":0,"duration":40},{"tweenEasing":0,"y":0.95,"duration":40,"x":0.95},{"duration":0}],"name":"ha","rotateFrame":[{"tweenEasing":0,"duration":40},{"tweenEasing":0,"duration":40,"rotate":-3.9675},{"duration":0}]},{"translateFrame":[{"tweenEasing":0,"duration":40},{"tweenEasing":0,"y":-0.048,"duration":40,"x":-1.5493},{"duration":0}],"scaleFrame":[{"tweenEasing":0,"duration":40},{"tweenEasing":0,"duration":40},{"duration":0}],"name":"tya","rotateFrame":[{"tweenEasing":0,"duration":40},{"tweenEasing":0,"duration":40},{"duration":0}]},{"translateFrame":[{"tweenEasing":0,"duration":40},{"tweenEasing":0,"y":-0.1747,"duration":40,"x":2.0927},{"duration":0}],"scaleFrame":[{"tweenEasing":0,"duration":40},{"tweenEasing":0,"duration":40},{"duration":0}],"name":"tyb","rotateFrame":[{"tweenEasing":0,"duration":40},{"tweenEasing":0,"duration":40},{"duration":0}]},{"translateFrame":[{"tweenEasing":0,"duration":40},{"tweenEasing":0,"y":-0.048,"duration":40,"x":-1.5493},{"duration":0}],"scaleFrame":[{"tweenEasing":0,"duration":40},{"tweenEasing":0,"duration":40},{"duration":0}],"name":"tza","rotateFrame":[{"tweenEasing":0,"duration":40},{"tweenEasing":0,"duration":40},{"duration":0}]},{"translateFrame":[{"tweenEasing":0,"duration":40},{"tweenEasing":0,"y":0.2827,"duration":40,"x":2.0809},{"duration":0}],"scaleFrame":[{"tweenEasing":0,"duration":40},{"tweenEasing":0,"duration":40},{"duration":0}],"name":"tzb","rotateFrame":[{"tweenEasing":0,"duration":40},{"tweenEasing":0,"duration":40},{"duration":0}]},{"translateFrame":[{"curve":[0.5,0,0.5,1],"duration":40},{"curve":[0.5,0,0.5,1],"duration":40},{"duration":0}],"scaleFrame":[{"curve":[0.5,0,0.5,1],"duration":40},{"curve":[0.5,0,0.5,1],"duration":40},{"duration":0}],"name":"b","rotateFrame":[{"duration":40,"curve":[0.5,0,0.5,1]},{"rotate":-6.5663,"duration":40,"curve":[0.5,0,0.5,1]},{"duration":0}]}],"slot":[{"colorFrame":[],"displayFrame":[],"name":"b"},{"colorFrame":[],"displayFrame":[],"name":"tza"},{"colorFrame":[],"displayFrame":[],"name":"tzb"},{"colorFrame":[],"displayFrame":[],"name":"tya"},{"colorFrame":[],"displayFrame":[],"name":"tyb"},{"colorFrame":[],"displayFrame":[],"name":"sb"},{"colorFrame":[],"displayFrame":[],"name":"st"},{"colorFrame":[],"displayFrame":[],"name":"sa"},{"colorFrame":[],"displayFrame":[],"name":"sta"},{"colorFrame":[],"displayFrame":[],"name":"ha"}],"ffd":[],"ik":[],"name":"1","playTimes":0},{"frame":[],"duration":120,"bone":[{"translateFrame":[{"duration":120}],"scaleFrame":[{"duration":120}],"name":"root","rotateFrame":[{"duration":120}]},{"translateFrame":[{"tweenEasing":0,"duration":45},{"tweenEasing":0,"duration":75},{"duration":0}],"scaleFrame":[{"tweenEasing":0,"duration":45},{"tweenEasing":0,"duration":75},{"duration":0}],"name":"bone","rotateFrame":[{"tweenEasing":0,"duration":45},{"tweenEasing":0,"duration":75},{"duration":0}]},{"translateFrame":[{"tweenEasing":0,"duration":10},{"tweenEasing":0,"y":-12.1617,"duration":10},{"tweenEasing":0,"y":51.8744,"duration":5,"x":246.1814},{"curve":[0,0,0.5,1],"y":67.3105,"duration":5,"x":258.8109},{"curve":[0,0,0.5,1],"y":58.0105,"duration":10,"x":298.7783},{"tweenEasing":0,"y":67.3105,"duration":5,"x":334.5878},{"tweenEasing":0,"y":67.3105,"duration":75,"x":334.5878},{"y":67.3105,"duration":0,"x":334.5878}],"scaleFrame":[{"tweenEasing":0,"duration":10},{"tweenEasing":0,"duration":10},{"tweenEasing":0,"duration":5},{"curve":[0,0,0.5,1],"duration":5},{"curve":[0,0,0.5,1],"duration":10},{"tweenEasing":0,"duration":5},{"tweenEasing":0,"duration":75},{"duration":0}],"name":"st","rotateFrame":[{"tweenEasing":0,"duration":10},{"tweenEasing":0,"duration":10,"rotate":21.9636},{"tweenEasing":0,"duration":5,"rotate":80.5335},{"rotate":80.5335,"duration":5,"curve":[0,0,0.5,1]},{"rotate":80.5335,"duration":10,"curve":[0,0,0.5,1]},{"tweenEasing":0,"duration":5,"rotate":80.5335},{"tweenEasing":0,"duration":75,"rotate":80.5335},{"duration":0,"rotate":80.5335}]},{"translateFrame":[{"tweenEasing":0,"duration":10},{"tweenEasing":0,"duration":10},{"tweenEasing":0,"duration":10},{"tweenEasing":0,"duration":10},{"tweenEasing":0,"duration":5},{"tweenEasing":0,"duration":75},{"duration":0}],"scaleFrame":[{"tweenEasing":0,"duration":10},{"tweenEasing":0,"duration":10},{"tweenEasing":0,"duration":10},{"tweenEasing":0,"duration":10},{"tweenEasing":0,"duration":5},{"tweenEasing":0,"duration":75},{"duration":0}],"name":"tya","rotateFrame":[{"tweenEasing":0,"duration":10},{"tweenEasing":0,"duration":10,"rotate":24.1514},{"tweenEasing":0,"duration":10,"rotate":31.5556},{"tweenEasing":0,"duration":10,"rotate":11.7843},{"tweenEasing":0,"duration":5,"rotate":-20.4454},{"tweenEasing":0,"duration":75,"rotate":-20.4454},{"duration":0,"rotate":-20.4454}]},{"translateFrame":[{"tweenEasing":0,"duration":10},{"tweenEasing":0,"duration":10},{"tweenEasing":0,"duration":10},{"tweenEasing":0,"duration":10},{"tweenEasing":0,"duration":5},{"tweenEasing":0,"duration":75},{"duration":0}],"scaleFrame":[{"tweenEasing":0,"duration":10},{"tweenEasing":0,"duration":10},{"tweenEasing":0,"duration":10},{"tweenEasing":0,"duration":10},{"tweenEasing":0,"duration":5},{"tweenEasing":0,"duration":75},{"duration":0}],"name":"tza","rotateFrame":[{"tweenEasing":0,"duration":10},{"tweenEasing":0,"duration":10,"rotate":-22.931},{"tweenEasing":0,"duration":10,"rotate":6.1632},{"tweenEasing":0,"duration":10,"rotate":-13.6082},{"tweenEasing":0,"duration":5,"rotate":-353.8693},{"tweenEasing":0,"duration":75,"rotate":-353.8693},{"duration":0,"rotate":-353.8693}]},{"translateFrame":[{"tweenEasing":0,"duration":40},{"tweenEasing":0,"y":29.6754,"duration":5,"x":0.7794},{"tweenEasing":0,"y":29.6754,"duration":75,"x":0.7794},{"y":29.6754,"duration":0,"x":0.7794}],"scaleFrame":[{"tweenEasing":0,"duration":40},{"tweenEasing":0,"duration":5},{"tweenEasing":0,"duration":75},{"duration":0}],"name":"b","rotateFrame":[{"tweenEasing":0,"duration":40},{"tweenEasing":0,"duration":5,"rotate":4.3077},{"tweenEasing":0,"duration":75,"rotate":4.3077},{"duration":0,"rotate":4.3077}]},{"translateFrame":[{"tweenEasing":0,"duration":10},{"tweenEasing":0,"duration":35},{"tweenEasing":0,"duration":75},{"duration":0}],"scaleFrame":[{"tweenEasing":0,"duration":10},{"tweenEasing":0,"duration":35},{"tweenEasing":0,"duration":75},{"duration":0}],"name":"st1","rotateFrame":[{"tweenEasing":0,"duration":10},{"tweenEasing":0,"duration":35,"rotate":21.9636},{"tweenEasing":0,"duration":75,"rotate":21.9636},{"duration":0,"rotate":21.9636}]},{"translateFrame":[{"tweenEasing":0,"duration":20},{"tweenEasing":0,"y":7.7265,"duration":10,"x":-4.3667},{"tweenEasing":0,"y":7.7265,"duration":10,"x":-4.3667},{"tweenEasing":0,"y":7.7265,"duration":5,"x":-4.3667},{"tweenEasing":0,"y":7.7265,"duration":75,"x":-4.3667},{"y":7.7265,"duration":0,"x":-4.3667}],"scaleFrame":[{"tweenEasing":0,"duration":20},{"tweenEasing":0,"duration":10},{"tweenEasing":0,"duration":10},{"tweenEasing":0,"duration":5},{"tweenEasing":0,"duration":75},{"duration":0}],"name":"tzb","rotateFrame":[{"tweenEasing":0,"duration":20},{"tweenEasing":0,"duration":10,"rotate":33.051},{"tweenEasing":0,"duration":10,"rotate":13.2796},{"tweenEasing":0,"duration":5,"rotate":21.8738},{"tweenEasing":0,"duration":75,"rotate":21.8738},{"duration":0,"rotate":21.8738}]},{"translateFrame":[{"tweenEasing":0,"duration":20},{"tweenEasing":0,"duration":20},{"tweenEasing":0,"duration":5},{"tweenEasing":0,"duration":75},{"duration":0}],"scaleFrame":[{"tweenEasing":0,"duration":20},{"tweenEasing":0,"duration":20},{"tweenEasing":0,"duration":5},{"tweenEasing":0,"duration":75},{"duration":0}],"name":"ha","rotateFrame":[{"tweenEasing":0,"duration":20},{"tweenEasing":0,"duration":20,"rotate":-37.6278},{"tweenEasing":0,"duration":5,"rotate":-54.4109},{"tweenEasing":0,"duration":75,"rotate":-30.7934},{"duration":0,"rotate":-30.7934}]},{"translateFrame":[{"tweenEasing":0,"duration":10},{"tweenEasing":0,"duration":10},{"tweenEasing":0,"duration":10},{"tweenEasing":0,"duration":10},{"tweenEasing":0,"duration":5},{"tweenEasing":0,"duration":75},{"duration":0}],"scaleFrame":[{"tweenEasing":0,"duration":10},{"tweenEasing":0,"duration":10},{"tweenEasing":0,"duration":10},{"tweenEasing":0,"duration":10},{"tweenEasing":0,"duration":5},{"tweenEasing":0,"duration":75},{"duration":0}],"name":"sb","rotateFrame":[{"tweenEasing":0,"duration":10},{"tweenEasing":0,"duration":10,"rotate":-97.9084},{"tweenEasing":0,"duration":10,"rotate":-141.7357},{"tweenEasing":0,"duration":10,"rotate":-154.7516},{"tweenEasing":0,"duration":5,"rotate":-156.8965},{"tweenEasing":0,"duration":75,"rotate":-156.8965},{"duration":0,"rotate":-156.8965}]},{"translateFrame":[{"tweenEasing":0,"duration":10},{"tweenEasing":0,"y":2.9407,"duration":20,"x":0.7582},{"tweenEasing":0,"y":8.8221,"duration":10,"x":2.2747},{"tweenEasing":0,"y":11.7628,"duration":5,"x":3.033},{"tweenEasing":0,"y":11.7628,"duration":75,"x":3.033},{"y":11.7628,"duration":0,"x":3.033}],"scaleFrame":[{"tweenEasing":0,"duration":10},{"tweenEasing":0,"duration":20},{"tweenEasing":0,"duration":10},{"tweenEasing":0,"duration":5},{"tweenEasing":0,"duration":75},{"duration":0}],"name":"sa","rotateFrame":[{"tweenEasing":0,"duration":10},{"tweenEasing":0,"duration":20,"rotate":24.9431},{"tweenEasing":0,"duration":10,"rotate":-11.8746},{"tweenEasing":0,"duration":5,"rotate":-53.9977},{"tweenEasing":0,"duration":75,"rotate":-53.9977},{"duration":0,"rotate":-53.9977}]},{"translateFrame":[{"tweenEasing":0,"duration":20},{"tweenEasing":0,"duration":10},{"tweenEasing":0,"duration":15},{"tweenEasing":0,"duration":75},{"duration":0}],"scaleFrame":[{"tweenEasing":0,"duration":20},{"tweenEasing":0,"duration":10},{"tweenEasing":0,"duration":15},{"tweenEasing":0,"duration":75},{"duration":0}],"name":"tyb","rotateFrame":[{"tweenEasing":0,"duration":20},{"tweenEasing":0,"duration":10,"rotate":16.1442},{"tweenEasing":0,"duration":15,"rotate":-3.6272},{"tweenEasing":0,"duration":75,"rotate":-3.6272},{"duration":0,"rotate":-3.6272}]}],"slot":[{"colorFrame":[],"displayFrame":[],"name":"b"},{"colorFrame":[],"displayFrame":[],"name":"tza"},{"colorFrame":[],"displayFrame":[],"name":"tzb"},{"colorFrame":[],"displayFrame":[],"name":"tya"},{"colorFrame":[],"displayFrame":[],"name":"tyb"},{"colorFrame":[],"displayFrame":[],"name":"sb"},{"colorFrame":[],"displayFrame":[],"name":"st"},{"colorFrame":[],"displayFrame":[],"name":"sa"},{"colorFrame":[],"displayFrame":[],"name":"sta"},{"colorFrame":[],"displayFrame":[],"name":"ha"}],"ffd":[],"ik":[],"name":"2","zOrder":{"frame":[{"tweenEasing":null,"duration":76,"zOrder":[]},{"tweenEasing":null,"duration":44,"zOrder":[]}]},"playTimes":0},{"frame":[],"duration":121,"bone":[{"translateFrame":[{"duration":121}],"scaleFrame":[{"duration":121}],"name":"root","rotateFrame":[{"duration":121}]},{"translateFrame":[{"tweenEasing":0,"duration":49},{"tweenEasing":0,"duration":72},{"duration":0}],"scaleFrame":[{"tweenEasing":0,"duration":49},{"tweenEasing":0,"duration":72},{"duration":0}],"name":"bone","rotateFrame":[{"tweenEasing":0,"duration":49},{"tweenEasing":0,"duration":72},{"duration":0}]},{"translateFrame":[{"tweenEasing":0,"y":67.3105,"duration":49,"x":334.5878},{"tweenEasing":0,"y":67.3105,"duration":9,"x":334.5878},{"tweenEasing":0,"y":67.3105,"duration":16,"x":334.5878},{"curve":[0,0,0.5,1],"y":58.0105,"duration":7,"x":298.7783},{"curve":[0,0,0.5,1],"y":67.3105,"duration":10,"x":258.8109},{"tweenEasing":0,"y":51.8744,"duration":13,"x":246.1814},{"tweenEasing":0,"y":-12.1617,"duration":17},{"duration":0}],"scaleFrame":[{"tweenEasing":0,"duration":49},{"tweenEasing":0,"duration":9},{"tweenEasing":0,"duration":16},{"curve":[0,0,0.5,1],"duration":7},{"curve":[0,0,0.5,1],"duration":10},{"tweenEasing":0,"duration":13},{"tweenEasing":0,"duration":17},{"duration":0}],"name":"st","rotateFrame":[{"tweenEasing":0,"duration":49,"rotate":80.5335},{"tweenEasing":0,"duration":9,"rotate":80.5335},{"tweenEasing":0,"duration":16,"rotate":80.5335},{"rotate":80.5335,"duration":7,"curve":[0,0,0.5,1]},{"rotate":80.5335,"duration":10,"curve":[0,0,0.5,1]},{"tweenEasing":0,"duration":13,"rotate":80.5335},{"tweenEasing":0,"duration":17,"rotate":21.9636},{"duration":0}]},{"translateFrame":[{"tweenEasing":0,"duration":49},{"tweenEasing":0,"duration":9},{"tweenEasing":0,"duration":16},{"tweenEasing":0,"duration":17},{"tweenEasing":0,"duration":13},{"tweenEasing":0,"duration":17},{"duration":0}],"scaleFrame":[{"tweenEasing":0,"duration":49},{"tweenEasing":0,"duration":9},{"tweenEasing":0,"duration":16},{"tweenEasing":0,"duration":17},{"tweenEasing":0,"duration":13},{"tweenEasing":0,"duration":17},{"duration":0}],"name":"tya","rotateFrame":[{"tweenEasing":0,"duration":49,"rotate":-20.4454},{"tweenEasing":0,"duration":9,"rotate":-20.4454},{"tweenEasing":0,"duration":16,"rotate":-20.4454},{"tweenEasing":0,"duration":17,"rotate":11.7843},{"tweenEasing":0,"duration":13,"rotate":31.5556},{"tweenEasing":0,"duration":17,"rotate":24.1514},{"duration":0}]},{"translateFrame":[{"tweenEasing":0,"duration":49},{"tweenEasing":0,"duration":9},{"tweenEasing":0,"duration":16},{"tweenEasing":0,"duration":17},{"tweenEasing":0,"duration":13},{"tweenEasing":0,"duration":17},{"duration":0}],"scaleFrame":[{"tweenEasing":0,"duration":49},{"tweenEasing":0,"duration":9},{"tweenEasing":0,"duration":16},{"tweenEasing":0,"duration":17},{"tweenEasing":0,"duration":13},{"tweenEasing":0,"duration":17},{"duration":0}],"name":"tza","rotateFrame":[{"tweenEasing":0,"duration":49,"rotate":-353.8693},{"tweenEasing":0,"duration":9,"rotate":-353.8693},{"tweenEasing":0,"duration":16,"rotate":-353.8693},{"tweenEasing":0,"duration":17,"rotate":-13.6082},{"tweenEasing":0,"duration":13,"rotate":6.1632},{"tweenEasing":0,"duration":17,"rotate":-22.931},{"duration":0}]},{"translateFrame":[{"tweenEasing":0,"y":29.6754,"duration":49,"x":0.7794},{"tweenEasing":0,"y":29.6754,"duration":9,"x":0.7794},{"tweenEasing":0,"y":29.6754,"duration":63,"x":0.7794},{"duration":0}],"scaleFrame":[{"tweenEasing":0,"duration":49},{"tweenEasing":0,"duration":9},{"tweenEasing":0,"duration":63},{"duration":0}],"name":"b","rotateFrame":[{"tweenEasing":0,"duration":49,"rotate":4.3077},{"tweenEasing":0,"duration":9,"rotate":4.3077},{"tweenEasing":0,"duration":63,"rotate":4.3077},{"duration":0}]},{"translateFrame":[{"tweenEasing":0,"duration":49},{"tweenEasing":0,"duration":55},{"tweenEasing":0,"duration":17},{"duration":0}],"scaleFrame":[{"tweenEasing":0,"duration":49},{"tweenEasing":0,"duration":55},{"tweenEasing":0,"duration":17},{"duration":0}],"name":"st1","rotateFrame":[{"tweenEasing":0,"duration":49,"rotate":21.9636},{"tweenEasing":0,"duration":55,"rotate":21.9636},{"tweenEasing":0,"duration":17,"rotate":21.9636},{"duration":0}]},{"translateFrame":[{"tweenEasing":0,"y":7.7265,"duration":49,"x":-4.3667},{"tweenEasing":0,"y":7.7265,"duration":9,"x":-4.3667},{"tweenEasing":0,"y":7.7265,"duration":16,"x":-4.3667},{"tweenEasing":0,"y":7.7265,"duration":17,"x":-4.3667},{"tweenEasing":0,"y":7.7265,"duration":30,"x":-4.3667},{"duration":0}],"scaleFrame":[{"tweenEasing":0,"duration":49},{"tweenEasing":0,"duration":9},{"tweenEasing":0,"duration":16},{"tweenEasing":0,"duration":17},{"tweenEasing":0,"duration":30},{"duration":0}],"name":"tzb","rotateFrame":[{"tweenEasing":0,"duration":49,"rotate":21.8738},{"tweenEasing":0,"duration":9,"rotate":21.8738},{"tweenEasing":0,"duration":16,"rotate":21.8738},{"tweenEasing":0,"duration":17,"rotate":13.2796},{"tweenEasing":0,"duration":30,"rotate":33.051},{"duration":0}]},{"translateFrame":[{"tweenEasing":0,"duration":49},{"tweenEasing":0,"duration":9},{"tweenEasing":0,"duration":33},{"tweenEasing":0,"duration":30},{"duration":0}],"scaleFrame":[{"tweenEasing":0,"duration":49},{"tweenEasing":0,"duration":9},{"tweenEasing":0,"duration":33},{"tweenEasing":0,"duration":30},{"duration":0}],"name":"ha","rotateFrame":[{"tweenEasing":0,"duration":49,"rotate":-30.7934},{"tweenEasing":0,"duration":9,"rotate":-30.7934},{"tweenEasing":0,"duration":33,"rotate":-54.4109},{"tweenEasing":0,"duration":30,"rotate":-37.6278},{"duration":0}]},{"translateFrame":[{"tweenEasing":0,"duration":49},{"tweenEasing":0,"duration":9},{"tweenEasing":0,"duration":16},{"tweenEasing":0,"duration":17},{"tweenEasing":0,"duration":13},{"tweenEasing":0,"duration":17},{"duration":0}],"scaleFrame":[{"tweenEasing":0,"duration":49},{"tweenEasing":0,"duration":9},{"tweenEasing":0,"duration":16},{"tweenEasing":0,"duration":17},{"tweenEasing":0,"duration":13},{"tweenEasing":0,"duration":17},{"duration":0}],"name":"sb","rotateFrame":[{"tweenEasing":0,"duration":49,"rotate":-156.8965},{"tweenEasing":0,"duration":9,"rotate":-156.8965},{"tweenEasing":0,"duration":16,"rotate":-156.8965},{"tweenEasing":0,"duration":17,"rotate":-154.7516},{"tweenEasing":0,"duration":13,"rotate":-141.7357},{"tweenEasing":0,"duration":17,"rotate":-97.9084},{"duration":0}]},{"translateFrame":[{"tweenEasing":0,"y":11.7628,"duration":49,"x":3.033},{"tweenEasing":0,"y":11.7628,"duration":9,"x":3.033},{"tweenEasing":0,"y":11.7628,"duration":16,"x":3.033},{"tweenEasing":0,"y":8.7754,"duration":30,"x":2.2627},{"tweenEasing":0,"y":3.1741,"duration":17,"x":0.8184},{"duration":0}],"scaleFrame":[{"tweenEasing":0,"duration":49},{"tweenEasing":0,"duration":9},{"tweenEasing":0,"duration":16},{"tweenEasing":0,"duration":30},{"tweenEasing":0,"duration":17},{"duration":0}],"name":"sa","rotateFrame":[{"tweenEasing":0,"duration":49,"rotate":-53.9977},{"tweenEasing":0,"duration":9,"rotate":-53.9977},{"tweenEasing":0,"duration":16,"rotate":-53.9977},{"tweenEasing":0,"duration":30,"rotate":-11.8746},{"tweenEasing":0,"duration":17,"rotate":24.9431},{"duration":0}]},{"translateFrame":[{"tweenEasing":0,"duration":49},{"tweenEasing":0,"duration":25},{"tweenEasing":0,"duration":17},{"tweenEasing":0,"duration":30},{"duration":0}],"scaleFrame":[{"tweenEasing":0,"duration":49},{"tweenEasing":0,"duration":25},{"tweenEasing":0,"duration":17},{"tweenEasing":0,"duration":30},{"duration":0}],"name":"tyb","rotateFrame":[{"tweenEasing":0,"duration":49,"rotate":-3.6272},{"tweenEasing":0,"duration":25,"rotate":-3.6272},{"tweenEasing":0,"duration":17,"rotate":-3.6272},{"tweenEasing":0,"duration":30,"rotate":16.1442},{"duration":0}]}],"slot":[{"colorFrame":[],"displayFrame":[],"name":"b"},{"colorFrame":[],"displayFrame":[],"name":"tza"},{"colorFrame":[],"displayFrame":[],"name":"tzb"},{"colorFrame":[],"displayFrame":[],"name":"tya"},{"colorFrame":[],"displayFrame":[],"name":"tyb"},{"colorFrame":[],"displayFrame":[],"name":"sb"},{"colorFrame":[],"displayFrame":[],"name":"st"},{"colorFrame":[],"displayFrame":[],"name":"sa"},{"colorFrame":[],"displayFrame":[],"name":"sta"},{"colorFrame":[],"displayFrame":[],"name":"ha"}],"ffd":[],"ik":[],"name":"3","zOrder":{"frame":[{"tweenEasing":null,"duration":29,"zOrder":[]},{"tweenEasing":null,"duration":92,"zOrder":[]}]},"playTimes":0},{"frame":[],"duration":80,"bone":[{"translateFrame":[{"duration":80}],"scaleFrame":[{"duration":80}],"name":"root","rotateFrame":[{"duration":80}]},{"translateFrame":[{"tweenEasing":0,"duration":80},{"duration":0}],"scaleFrame":[{"tweenEasing":0,"duration":80},{"duration":0}],"name":"bone","rotateFrame":[{"tweenEasing":0,"duration":80},{"duration":0}]},{"translateFrame":[{"tweenEasing":0,"y":67.3105,"duration":40,"x":334.5878},{"tweenEasing":0,"y":67.3105,"duration":40,"x":334.5878},{"y":67.3105,"duration":0,"x":334.5878}],"scaleFrame":[{"tweenEasing":0,"duration":40},{"tweenEasing":0,"duration":40},{"duration":0}],"name":"st","rotateFrame":[{"tweenEasing":0,"duration":40,"rotate":80.5335},{"tweenEasing":0,"duration":40,"rotate":79.6386},{"duration":0,"rotate":80.5335}]},{"translateFrame":[{"tweenEasing":0,"duration":40},{"tweenEasing":0,"duration":40},{"duration":0}],"scaleFrame":[{"tweenEasing":0,"duration":40},{"tweenEasing":0,"duration":40},{"duration":0}],"name":"tya","rotateFrame":[{"tweenEasing":0,"duration":40,"rotate":-20.4454},{"tweenEasing":0,"duration":40,"rotate":-19.8363},{"duration":0,"rotate":-20.4454}]},{"translateFrame":[{"tweenEasing":0,"duration":40},{"tweenEasing":0,"duration":40},{"duration":0}],"scaleFrame":[{"tweenEasing":0,"duration":40},{"tweenEasing":0,"duration":40},{"duration":0}],"name":"tza","rotateFrame":[{"tweenEasing":0,"duration":40,"rotate":-353.8693},{"tweenEasing":0,"duration":40,"rotate":-353.0835},{"duration":0,"rotate":-353.8693}]},{"translateFrame":[{"tweenEasing":0,"y":29.6754,"duration":80,"x":0.7794},{"y":29.6754,"duration":0,"x":0.7794}],"scaleFrame":[{"tweenEasing":0,"duration":80},{"duration":0}],"name":"b","rotateFrame":[{"tweenEasing":0,"duration":80,"rotate":4.3077},{"duration":0,"rotate":4.3077}]},{"translateFrame":[{"tweenEasing":0,"duration":40},{"tweenEasing":0,"duration":40},{"duration":0}],"scaleFrame":[{"tweenEasing":0,"duration":40},{"tweenEasing":0,"duration":40},{"duration":0}],"name":"st1","rotateFrame":[{"tweenEasing":0,"duration":40,"rotate":21.9636},{"tweenEasing":0,"duration":40,"rotate":23.0614},{"duration":0,"rotate":21.9636}]},{"translateFrame":[{"tweenEasing":0,"y":7.7265,"duration":80,"x":-4.3667},{"y":7.7265,"duration":0,"x":-4.3667}],"scaleFrame":[{"tweenEasing":0,"duration":80},{"duration":0}],"name":"tzb","rotateFrame":[{"tweenEasing":0,"duration":80,"rotate":21.8738},{"duration":0,"rotate":21.8738}]},{"translateFrame":[{"tweenEasing":0,"duration":40},{"tweenEasing":0,"duration":40},{"duration":0}],"scaleFrame":[{"tweenEasing":0,"duration":40},{"tweenEasing":0,"duration":40},{"duration":0}],"name":"ha","rotateFrame":[{"tweenEasing":0,"duration":40,"rotate":-30.7934},{"tweenEasing":0,"duration":40,"rotate":-30.4906},{"duration":0,"rotate":-30.7934}]},{"translateFrame":[{"tweenEasing":0,"duration":80},{"duration":0}],"scaleFrame":[{"tweenEasing":0,"duration":80},{"duration":0}],"name":"sb","rotateFrame":[{"tweenEasing":0,"duration":80,"rotate":-156.8965},{"duration":0,"rotate":-156.8965}]},{"translateFrame":[{"tweenEasing":0,"y":11.7628,"duration":80,"x":3.033},{"y":11.7628,"duration":0,"x":3.033}],"scaleFrame":[{"tweenEasing":0,"duration":80},{"duration":0}],"name":"sa","rotateFrame":[{"tweenEasing":0,"duration":80,"rotate":-53.9977},{"duration":0,"rotate":-53.9977}]},{"translateFrame":[{"tweenEasing":0,"duration":80},{"duration":0}],"scaleFrame":[{"tweenEasing":0,"duration":80},{"duration":0}],"name":"tyb","rotateFrame":[{"tweenEasing":0,"duration":80,"rotate":-3.6272},{"duration":0,"rotate":-3.6272}]}],"slot":[{"colorFrame":[],"displayFrame":[],"name":"b"},{"colorFrame":[],"displayFrame":[],"name":"tza"},{"colorFrame":[],"displayFrame":[],"name":"tzb"},{"colorFrame":[],"displayFrame":[],"name":"tya"},{"colorFrame":[],"displayFrame":[],"name":"tyb"},{"colorFrame":[],"displayFrame":[],"name":"sb"},{"colorFrame":[],"displayFrame":[],"name":"st"},{"colorFrame":[],"displayFrame":[],"name":"sa"},{"colorFrame":[],"displayFrame":[],"name":"sta"},{"colorFrame":[],"displayFrame":[],"name":"ha"}],"ffd":[],"ik":[],"name":"4","zOrder":{"frame":[{"tweenEasing":null,"duration":80,"zOrder":[]}]},"playTimes":0}],"type":"Armature","frameRate":60,"bone":[{"name":"root","transform":{}},{"transform":{},"name":"bone","parent":"root"},{"length":53,"transform":{"skY":-91.7731,"y":-113.4753,"skX":-91.7731,"x":-15.717},"parent":"bone","name":"st"},{"length":54,"transform":{"skY":-173.4545,"y":-20.2743,"skX":-173.4545,"x":12.8446},"parent":"st","name":"tya"},{"length":64,"transform":{"skY":174.0379,"y":36.9289,"skX":174.0379,"x":14.7398},"parent":"st","name":"tza"},{"length":59,"transform":{"skY":-89.8274,"y":-0.1574,"skX":-89.8274,"x":62.6332},"parent":"st","name":"b"},{"length":62,"transform":{"skY":-0.461,"y":-0.4272,"skX":-0.461,"x":66.9953},"parent":"st","name":"st1"},{"length":48,"transform":{"skY":2.4031,"y":0.6662,"skX":2.4031,"x":69.5431},"parent":"tza","name":"tzb"},{"length":77,"transform":{"skY":0.0967,"y":-9.7133,"skX":0.0967,"x":78.088},"parent":"st1","name":"ha"},{"length":65,"transform":{"skY":152.5602,"y":36.6947,"skX":152.5602,"x":60.155},"parent":"st1","name":"sb"},{"length":69,"transform":{"skY":-155.6336,"y":-58.5894,"skX":-155.6336,"x":41.9527},"parent":"st1","name":"sa"},{"length":42,"transform":{"skY":-5.9061,"y":0.521,"skX":-5.9061,"x":68.8822},"parent":"tya","name":"tyb"}],"defaultActions":[{"gotoAndPlay":"1"}],"slot":[{"name":"b","parent":"b","color":{}},{"z":1,"name":"tza","parent":"tza","color":{}},{"z":2,"name":"tzb","parent":"tzb","color":{}},{"z":3,"name":"tya","parent":"tya","color":{}},{"z":4,"name":"tyb","parent":"tyb","color":{}},{"z":5,"name":"sb","parent":"sb","color":{}},{"z":6,"name":"st","parent":"st1","color":{}},{"z":7,"name":"sa","parent":"sa","color":{}},{"z":8,"name":"sta","parent":"st1","color":{}},{"z":9,"name":"ha","parent":"ha","color":{}}],"ik":[],"name":"8sdlr"}]}