{"width":512,"imagePath":"8sdlr_tex.png","height":512,"name":"8sdlr","SubTexture":[{"width":177,"y":245,"height":178,"name":"b","x":1},{"width":46,"y":100,"height":95,"name":"tza","x":196},{"width":67,"y":421,"height":80,"name":"tzb","x":180},{"width":48,"y":1,"height":97,"name":"tya","x":196},{"width":70,"y":384,"height":78,"name":"tyb","x":435},{"width":92,"y":245,"height":137,"name":"sb","x":325},{"width":143,"y":245,"height":174,"name":"st","x":180},{"width":77,"y":245,"height":132,"name":"sa","x":419},{"width":108,"y":384,"height":67,"name":"sta","x":325},{"width":193,"y":1,"height":242,"name":"ha","x":1}]}