{"frameRate":60,"isGlobal":0,"name":"laoren1","version":"5.0","armature":[{"skin":[{"name":"","slot":[{"display":[{"path":"tou","type":"image","name":"tou","transform":{"skY":90,"y":3.321,"skX":90,"x":26.2798}}],"name":"tou"},{"display":[{"path":"zj","type":"image","name":"zj","transform":{"skY":-87.6088,"y":-4.2684,"skX":-87.6088,"x":18.0895}}],"name":"zj"},{"display":[{"path":"zs","type":"image","name":"zs","transform":{"skY":-72.867,"y":0.081,"skX":-72.867,"x":15.8999}}],"name":"zs"},{"display":[{"path":"yj","type":"image","name":"yj","transform":{"skY":-92.6088,"y":-4.1958,"skX":-92.6088,"x":15.326}}],"name":"yj"},{"display":[{"path":"ys","type":"image","name":"ys","transform":{"skY":-93.1798,"y":-1.7901,"skX":-93.1798,"x":18.2294}}],"name":"ys"},{"display":[{"path":"st","type":"image","name":"st","transform":{"skY":91.1597,"y":-1.2801,"skX":91.1597,"x":-2.1188}}],"name":"st"}]}],"animation":[{"frame":[],"duration":80,"bone":[{"frame":[{"duration":80,"transform":{}}],"name":"root"},{"frame":[{"duration":80,"transform":{}}],"name":"bone"},{"frame":[{"tweenEasing":0,"duration":40,"transform":{}},{"tweenEasing":0,"duration":40,"transform":{"y":-2.9}},{"duration":0,"transform":{}}],"name":"st"},{"frame":[{"duration":40,"transform":{},"curve":[0.5,0,0.5,1]},{"duration":1,"transform":{}},{"duration":39,"transform":{"scY":-1}},{"duration":0,"transform":{}}],"name":"tou"},{"frame":[{"duration":40,"transform":{},"curve":[0.5,0,0.5,1]},{"duration":40,"transform":{"skY":16.4736,"skX":16.4736},"curve":[0.5,0,0.5,1]},{"duration":0,"transform":{}}],"name":"ys"},{"frame":[{"duration":40,"transform":{},"curve":[0.5,0,0.5,1]},{"duration":40,"transform":{"skY":-5.678,"skX":-5.678},"curve":[0.5,0,0.5,1]},{"duration":0,"transform":{}}],"name":"zs"},{"frame":[{"tweenEasing":0,"duration":40,"transform":{}},{"tweenEasing":0,"duration":40,"transform":{"y":-0.0587,"x":-2.8994}},{"duration":0,"transform":{}}],"name":"yj"},{"frame":[{"tweenEasing":0,"duration":40,"transform":{}},{"tweenEasing":0,"duration":40,"transform":{"y":-0.0587,"x":-2.8994}},{"duration":0,"transform":{}}],"name":"zj"}],"ik":[],"slot":[],"ffd":[],"name":"1","playTimes":0},{"frame":[],"duration":80,"bone":[{"frame":[{"duration":80,"transform":{}}],"name":"root"},{"frame":[{"duration":80,"transform":{}}],"name":"bone"},{"frame":[{"tweenEasing":0,"duration":40,"transform":{}},{"tweenEasing":0,"duration":40,"transform":{"y":-2.9}},{"duration":0,"transform":{}}],"name":"st"},{"frame":[{"duration":40,"transform":{},"curve":[0.5,0,0.5,1]},{"duration":40,"transform":{"skY":4.6842,"skX":4.6842},"curve":[0.5,0,0.5,1]},{"duration":0,"transform":{}}],"name":"tou"},{"frame":[{"duration":40,"transform":{},"curve":[0.5,0,0.5,1]},{"duration":40,"transform":{"skY":16.4736,"skX":16.4736},"curve":[0.5,0,0.5,1]},{"duration":0,"transform":{}}],"name":"ys"},{"frame":[{"duration":40,"transform":{},"curve":[0.5,0,0.5,1]},{"duration":40,"transform":{"skY":-5.678,"skX":-5.678},"curve":[0.5,0,0.5,1]},{"duration":0,"transform":{}}],"name":"zs"},{"frame":[{"tweenEasing":0,"duration":40,"transform":{}},{"tweenEasing":0,"duration":40,"transform":{"y":-0.0587,"x":-2.8994}},{"duration":0,"transform":{}}],"name":"yj"},{"frame":[{"tweenEasing":0,"duration":40,"transform":{}},{"tweenEasing":0,"duration":40,"transform":{"y":-0.0587,"x":-2.8994}},{"duration":0,"transform":{}}],"name":"zj"}],"ik":[],"slot":[],"ffd":[],"name":"2","playTimes":0}],"type":"Armature","name":"laoren1","defaultActions":[{"gotoAndPlay":"1"}],"ik":[],"aabb":{"width":68,"y":-156.07981541447913,"height":158.77545218309194,"x":-28.278999628771587},"slot":[{"name":"zs","parent":"zs","color":{}},{"z":1,"name":"zj","parent":"zj","color":{}},{"z":2,"name":"yj","parent":"yj","color":{}},{"z":3,"name":"st","parent":"st","color":{}},{"z":4,"name":"ys","parent":"ys","color":{}},{"z":5,"name":"tou","parent":"tou","color":{}}],"frameRate":60,"bone":[{"name":"root","transform":{}},{"transform":{},"name":"bone","parent":"root"},{"length":24,"transform":{"skY":-91.1597,"y":-64.05,"skX":-91.1597,"x":2.4},"parent":"bone","name":"st"},{"length":20,"transform":{"skY":1.1597,"y":0.6628,"skX":1.1597,"x":32.7433},"parent":"st","name":"tou"},{"length":17,"transform":{"skY":-175.6605,"y":-12.4436,"skX":-175.6605,"x":20.206},"parent":"st","name":"ys"},{"length":20,"transform":{"skY":164.0267,"y":10.371,"skX":164.0267,"x":20.6943},"parent":"st","name":"zs"},{"length":20,"transform":{"skY":-176.2315,"y":-6.8615,"skX":-176.2315,"x":-32.6178},"parent":"st","name":"yj"},{"length":22,"transform":{"skY":178.7685,"y":8.8237,"skX":178.7685,"x":-31.0349},"parent":"st","name":"zj"}]}]}