{"width":1024,"imagePath":"jiqiren_tex.png","height":1024,"name":"jiqiren","SubTexture":[{"width":40,"y":1,"height":42,"name":"t1","x":969},{"width":23,"y":817,"height":16,"name":"t2","x":325},{"width":40,"y":747,"height":68,"name":"st","x":292},{"width":23,"y":852,"height":53,"name":"s2","x":129},{"width":8,"y":934,"height":23,"name":"s1","x":319},{"width":56,"y":934,"height":47,"name":"h","x":344},{"width":33,"y":841,"height":106,"name":"wenduji","x":250},{"width":60,"y":211,"height":102,"name":"yaowan","x":950},{"width":90,"y":841,"height":128,"name":"huasa","x":158},{"frameY":-12,"y":109,"frameWidth":196,"frameX":-3,"frameHeight":132,"width":183,"height":107,"name":"dq0030","x":1},{"frameY":-21,"y":747,"frameWidth":196,"frameX":-2,"frameHeight":132,"width":132,"height":92,"name":"dq0009","x":158},{"frameY":-12,"y":1,"frameWidth":196,"frameX":-1,"frameHeight":132,"width":189,"height":106,"name":"dq0031","x":1},{"frameY":-21,"y":840,"frameWidth":196,"frameX":-3,"frameHeight":132,"width":131,"height":92,"name":"dq0010","x":292},{"frameY":-12,"y":1,"frameWidth":196,"frameX":-2,"frameHeight":132,"width":188,"height":106,"name":"dq0032","x":584},{"frameY":-13,"y":732,"frameWidth":196,"frameX":-2,"frameHeight":132,"width":155,"height":106,"name":"dq0011","x":359},{"frameY":-13,"y":414,"frameWidth":196,"frameX":-2,"frameHeight":132,"width":175,"height":103,"name":"dq0033","x":732},{"frameY":-13,"y":624,"frameWidth":196,"frameX":-2,"frameHeight":132,"width":155,"height":106,"name":"dq0012","x":359},{"frameY":-13,"y":519,"frameWidth":196,"frameX":-3,"frameHeight":132,"width":174,"height":103,"name":"dq0034","x":365},{"frameY":-12,"y":519,"frameWidth":196,"frameX":-3,"frameHeight":132,"width":166,"height":107,"name":"dq0013","x":541},{"frameY":-13,"y":431,"frameWidth":196,"frameX":-2,"frameHeight":132,"width":180,"height":101,"name":"dq0035","x":183},{"frameY":-12,"y":635,"frameWidth":196,"frameX":-3,"frameHeight":132,"width":166,"height":107,"name":"dq0014","x":1},{"frameY":-13,"y":532,"frameWidth":196,"frameX":-2,"frameHeight":132,"width":180,"height":101,"name":"dq0036","x":1},{"frameY":-12,"y":310,"frameWidth":196,"frameX":-1,"frameHeight":132,"width":173,"height":106,"name":"dq0015","x":368},{"frameY":-14,"y":313,"frameWidth":196,"frameX":-3,"frameHeight":132,"width":185,"height":99,"name":"dq0037","x":730},{"frameY":-12,"y":218,"frameWidth":196,"frameX":-2,"frameHeight":132,"width":172,"height":106,"name":"dq0016","x":1},{"frameY":-14,"y":418,"frameWidth":196,"frameX":-3,"frameHeight":132,"width":185,"height":99,"name":"dq0038","x":368},{"frameY":-13,"y":414,"frameWidth":196,"frameX":-2,"frameHeight":132,"width":175,"height":103,"name":"dq0017","x":555},{"frameY":-16,"y":106,"frameWidth":196,"frameX":-1,"frameHeight":132,"width":192,"height":100,"name":"dq0039","x":377},{"frameY":-13,"y":534,"frameWidth":196,"frameX":-3,"frameHeight":132,"width":174,"height":103,"name":"dq0018","x":183},{"frameY":-16,"y":208,"frameWidth":196,"frameX":-2,"frameHeight":132,"width":191,"height":100,"name":"dq0040","x":377},{"frameY":-13,"y":326,"frameWidth":196,"frameX":-2,"frameHeight":132,"width":180,"height":101,"name":"dq0019","x":1},{"frameY":-16,"y":1,"frameWidth":196,"frameX":-2,"frameHeight":132,"width":194,"height":103,"name":"dq0041","x":192},{"frameY":-13,"y":429,"frameWidth":196,"frameX":-2,"frameHeight":132,"width":180,"height":101,"name":"dq0020","x":1},{"frameY":-16,"y":1,"frameWidth":196,"frameX":-3,"frameHeight":132,"width":193,"height":103,"name":"dq0042","x":774},{"frameY":-14,"y":313,"frameWidth":196,"frameX":-3,"frameHeight":132,"width":185,"height":99,"name":"dq0021","x":543},{"frameY":-13,"y":744,"frameWidth":196,"frameX":-2,"frameHeight":132,"width":155,"height":106,"name":"dq0043","x":1},{"frameY":-14,"y":211,"frameWidth":196,"frameX":-3,"frameHeight":132,"width":185,"height":99,"name":"dq0022","x":763},{"frameY":-67,"y":817,"frameWidth":196,"frameX":-3,"frameHeight":132,"width":31,"height":15,"name":"dq0001","x":292},{"frameY":-13,"y":639,"frameWidth":196,"frameX":-2,"frameHeight":132,"width":155,"height":106,"name":"dq0044","x":169},{"frameY":-16,"y":109,"frameWidth":196,"frameX":-1,"frameHeight":132,"width":192,"height":100,"name":"dq0023","x":571},{"frameY":-64,"y":949,"frameWidth":196,"frameX":-3,"frameHeight":132,"width":67,"height":17,"name":"dq0002","x":250},{"frameY":-16,"y":211,"frameWidth":196,"frameX":-2,"frameHeight":132,"width":191,"height":100,"name":"dq0024","x":570},{"frameY":-56,"y":983,"frameWidth":196,"frameX":-2,"frameHeight":132,"width":89,"height":25,"name":"dq0003","x":344},{"frameY":-16,"y":1,"frameWidth":196,"frameX":-2,"frameHeight":132,"width":194,"height":103,"name":"dq0025","x":388},{"frameY":-56,"y":934,"frameWidth":196,"frameX":-2,"frameHeight":132,"width":89,"height":24,"name":"dq0004","x":402},{"frameY":-16,"y":106,"frameWidth":196,"frameX":-3,"frameHeight":132,"width":193,"height":103,"name":"dq0026","x":774},{"frameY":-47,"y":971,"frameWidth":196,"frameX":-3,"frameHeight":132,"width":106,"height":44,"name":"dq0005","x":236},{"frameY":-13,"y":323,"frameWidth":196,"frameX":-2,"frameHeight":132,"width":180,"height":106,"name":"dq0027","x":186},{"frameY":-47,"y":971,"frameWidth":196,"frameX":-3,"frameHeight":132,"width":106,"height":44,"name":"dq0006","x":128},{"frameY":-13,"y":215,"frameWidth":196,"frameX":-2,"frameHeight":132,"width":180,"height":106,"name":"dq0028","x":186},{"frameY":-31,"y":852,"frameWidth":196,"frameX":-1,"frameHeight":132,"width":126,"height":74,"name":"dq0007","x":1},{"frameY":-12,"y":106,"frameWidth":196,"frameX":-3,"frameHeight":132,"width":183,"height":107,"name":"dq0029","x":192},{"frameY":-31,"y":928,"frameWidth":196,"frameX":-2,"frameHeight":132,"width":125,"height":74,"name":"dq0008","x":1}]}