{"width":512,"SubTexture":[{"width":13,"y":403,"height":30,"name":"6","x":318},{"width":32,"y":642,"height":18,"name":"5","x":291},{"width":37,"y":703,"height":24,"name":"4","x":266},{"width":50,"y":584,"height":56,"name":"3","x":266},{"width":24,"y":662,"height":19,"name":"2","x":291},{"width":23,"y":642,"height":59,"name":"1","x":266},{"frameY":0,"y":1,"frameWidth":379,"frameX":0,"frameHeight":248,"width":379,"height":203,"name":"aaa0007","x":1},{"frameY":-20,"y":206,"frameWidth":379,"frameX":-14,"frameHeight":248,"width":355,"height":195,"name":"aaa0005","x":1},{"frameY":-96,"y":584,"frameWidth":379,"frameX":-59,"frameHeight":248,"width":263,"height":152,"name":"aaa0001","x":1},{"frameY":-49,"y":403,"frameWidth":379,"frameX":-35,"frameHeight":248,"width":315,"height":179,"name":"aaa0003","x":1}],"imagePath":"yy19_tex.png","name":"yy19","height":1024}