{"SubTexture":[{"width":64,"y":405,"height":70,"name":"b2","x":640},{"width":14,"y":120,"height":27,"name":"t4","x":382},{"width":24,"y":120,"height":15,"name":"t5","x":398},{"width":41,"y":397,"height":43,"name":"t2","x":370},{"width":35,"y":120,"height":28,"name":"s3","x":296},{"width":16,"y":120,"height":26,"name":"t3","x":364},{"width":24,"y":309,"height":15,"name":"t6","x":149},{"width":39,"y":467,"height":43,"name":"t1","x":775},{"width":67,"y":407,"height":65,"name":"st","x":571},{"width":52,"y":358,"height":37,"name":"s1","x":370},{"width":78,"y":403,"height":62,"name":"b1","x":777},{"width":114,"y":358,"height":117,"name":"h1","x":254},{"width":176,"y":380,"height":118,"name":"h","x":1},{"width":123,"y":1,"height":117,"name":"h2","x":296},{"width":29,"y":120,"height":23,"name":"s2","x":333},{"width":64,"y":404,"height":74,"name":"koushao","x":709},{"width":145,"y":1,"height":149,"name":"shubao","x":149},{"y":202,"frameX":-29,"frameHeight":241,"frameY":-7,"width":66,"frameWidth":153,"height":199,"name":"a0016","x":777},{"y":203,"frameX":-27,"frameHeight":241,"frameY":-7,"width":66,"frameWidth":153,"height":199,"name":"a0014","x":709},{"y":1,"frameX":-28,"frameHeight":241,"frameY":-7,"width":65,"frameWidth":153,"height":199,"name":"a0015","x":778},{"y":1,"frameX":-30,"frameHeight":241,"frameY":-7,"width":69,"frameWidth":153,"height":203,"name":"a0008","x":500},{"y":206,"frameX":-29,"frameHeight":241,"frameY":-7,"width":70,"frameWidth":153,"height":203,"name":"a0009","x":499},{"y":1,"frameX":-27,"frameHeight":241,"frameY":-8,"width":72,"frameWidth":153,"height":203,"name":"a0010","x":426},{"y":203,"frameX":-29,"frameHeight":241,"frameY":-7,"width":67,"frameWidth":153,"height":200,"name":"a0003","x":640},{"y":1,"frameX":-29,"frameHeight":241,"frameY":-7,"width":66,"frameWidth":153,"height":199,"name":"a0001","x":710},{"y":1,"frameX":-28,"frameHeight":241,"frameY":-7,"width":66,"frameWidth":153,"height":200,"name":"a0004","x":642},{"y":1,"frameX":-28,"frameHeight":241,"frameY":-8,"width":69,"frameWidth":153,"height":200,"name":"a0002","x":571},{"y":1,"frameX":-27,"frameHeight":241,"frameY":-7,"width":65,"frameWidth":153,"height":201,"name":"a0005","x":845},{"y":152,"frameX":-26,"frameHeight":241,"frameY":-7,"width":74,"frameWidth":153,"height":204,"name":"a0011","x":350},{"y":203,"frameX":-27,"frameHeight":241,"frameY":-7,"width":67,"frameWidth":153,"height":202,"name":"a0006","x":571},{"y":152,"frameX":-24,"frameHeight":241,"frameY":-7,"width":79,"frameWidth":153,"height":204,"name":"a0012","x":269},{"y":206,"frameX":-28,"frameHeight":241,"frameY":-7,"width":71,"frameWidth":153,"height":203,"name":"a0007","x":426},{"y":309,"frameX":-26,"frameHeight":241,"frameY":-7,"width":73,"frameWidth":153,"height":201,"name":"a0013","x":179},{"width":118,"y":152,"height":155,"name":"xiaochui","x":149},{"width":146,"y":1,"height":377,"name":"qiqiu2","x":1}],"width":1024,"imagePath":"7yv_tex.png","height":512,"name":"7yv"}