{"frameRate":60,"isGlobal":0,"name":"7yv","version":"5.5","armature":[{"animation":[{"slot":[{"colorFrame":[],"name":"b2","displayFrame":[]},{"colorFrame":[],"name":"t4","displayFrame":[]},{"colorFrame":[],"name":"t5","displayFrame":[]},{"colorFrame":[],"name":"t2","displayFrame":[]},{"colorFrame":[],"name":"s3","displayFrame":[]},{"colorFrame":[],"name":"t3","displayFrame":[]},{"colorFrame":[],"name":"t6","displayFrame":[]},{"colorFrame":[],"name":"t1","displayFrame":[]},{"colorFrame":[],"name":"st","displayFrame":[]},{"colorFrame":[],"name":"s1","displayFrame":[]},{"colorFrame":[],"name":"b1","displayFrame":[]},{"colorFrame":[],"name":"h","displayFrame":[{"value":1,"duration":35}]},{"colorFrame":[],"name":"s2","displayFrame":[]},{"colorFrame":[],"name":"koushao","displayFrame":[]},{"colorFrame":[],"name":"shubao","displayFrame":[]},{"colorFrame":[],"name":"a0001","displayFrame":[]},{"colorFrame":[],"name":"a00011","displayFrame":[]},{"colorFrame":[],"name":"xiaochui","displayFrame":[]},{"colorFrame":[],"name":"qiqiu2","displayFrame":[{"value":-1,"duration":12},{"duration":23}]}],"frame":[],"ffd":[],"duration":35,"zOrder":{"frame":[{"zOrder":[],"tweenEasing":null,"duration":9},{"zOrder":[12,-4],"tweenEasing":null,"duration":26}]},"bone":[{"rotateFrame":[],"scaleFrame":[],"translateFrame":[],"name":"root"},{"rotateFrame":[{"tweenEasing":0,"duration":25},{"tweenEasing":0,"duration":5},{"tweenEasing":0,"duration":5},{"duration":0}],"scaleFrame":[{"tweenEasing":0,"duration":25},{"tweenEasing":0,"duration":5},{"tweenEasing":0,"duration":5},{"duration":0}],"translateFrame":[{"tweenEasing":0,"duration":25},{"tweenEasing":0,"duration":5},{"tweenEasing":0,"duration":5},{"duration":0}],"name":"bone"},{"rotateFrame":[{"tweenEasing":0,"duration":9},{"tweenEasing":0,"duration":7,"rotate":11.8885},{"tweenEasing":0,"duration":14,"rotate":11.8885},{"tweenEasing":0,"duration":5,"rotate":-8.0493},{"duration":0}],"scaleFrame":[{"tweenEasing":0,"duration":16},{"tweenEasing":0,"duration":14},{"tweenEasing":0,"duration":5},{"duration":0}],"translateFrame":[{"tweenEasing":0,"duration":16},{"tweenEasing":0,"duration":14},{"tweenEasing":0,"duration":5},{"duration":0}],"name":"st"},{"rotateFrame":[{"tweenEasing":0,"duration":25},{"tweenEasing":0,"duration":5},{"tweenEasing":0,"duration":5},{"duration":0}],"scaleFrame":[{"tweenEasing":0,"duration":25},{"tweenEasing":0,"duration":5},{"tweenEasing":0,"duration":5},{"duration":0}],"translateFrame":[{"y":-0.4667,"tweenEasing":0,"duration":25},{"y":-0.4667,"tweenEasing":0,"duration":5},{"y":-0.4667,"tweenEasing":0,"duration":5},{"y":-0.4667,"duration":0}],"name":"st1"},{"rotateFrame":[{"tweenEasing":0,"duration":25,"rotate":-5.6336},{"tweenEasing":0,"duration":5,"rotate":-30.842},{"tweenEasing":0,"duration":5,"rotate":-22.129},{"duration":0,"rotate":-5.6336}],"scaleFrame":[{"tweenEasing":0,"duration":25},{"tweenEasing":0,"duration":5},{"tweenEasing":0,"duration":5},{"duration":0}],"translateFrame":[{"tweenEasing":0,"duration":25},{"tweenEasing":0,"duration":5},{"tweenEasing":0,"duration":5},{"duration":0}],"name":"s1"},{"rotateFrame":[{"tweenEasing":0,"duration":25},{"tweenEasing":0,"duration":5},{"tweenEasing":0,"duration":5},{"duration":0}],"scaleFrame":[{"tweenEasing":0,"duration":25},{"tweenEasing":0,"duration":5},{"tweenEasing":0,"duration":5},{"duration":0}],"translateFrame":[{"tweenEasing":0,"duration":25},{"tweenEasing":0,"duration":5},{"tweenEasing":0,"duration":5},{"duration":0}],"name":"h"},{"rotateFrame":[{"tweenEasing":0,"duration":9},{"tweenEasing":0,"duration":16,"rotate":-8.3261},{"tweenEasing":0,"duration":5,"rotate":-8.3261},{"tweenEasing":0,"duration":5},{"duration":0}],"scaleFrame":[{"tweenEasing":0,"duration":25},{"tweenEasing":0,"duration":5},{"tweenEasing":0,"duration":5},{"duration":0}],"translateFrame":[{"tweenEasing":0,"duration":25},{"tweenEasing":0,"duration":5},{"tweenEasing":0,"duration":5},{"duration":0}],"name":"b1"},{"rotateFrame":[{"tweenEasing":0,"duration":9,"rotate":5.169},{"tweenEasing":0,"duration":6,"rotate":12.0178},{"tweenEasing":0,"duration":10,"rotate":30.9974},{"tweenEasing":0,"duration":5,"rotate":-17.6655},{"tweenEasing":0,"duration":5,"rotate":18.9429},{"duration":0,"rotate":-39.326}],"scaleFrame":[{"tweenEasing":0,"duration":25},{"tweenEasing":0,"duration":5},{"tweenEasing":0,"duration":5},{"duration":0}],"translateFrame":[{"tweenEasing":0,"duration":25},{"tweenEasing":0,"duration":5},{"y":0.8742,"tweenEasing":0,"duration":5,"x":-2.6545},{"duration":0}],"name":"s3"},{"rotateFrame":[{"tweenEasing":0,"duration":25},{"tweenEasing":0,"duration":5},{"tweenEasing":0,"duration":5},{"duration":0}],"scaleFrame":[{"tweenEasing":0,"duration":25},{"tweenEasing":0,"duration":5},{"tweenEasing":0,"duration":5},{"duration":0}],"translateFrame":[{"tweenEasing":0,"duration":25},{"tweenEasing":0,"duration":5},{"tweenEasing":0,"duration":5},{"duration":0}],"name":"t1"},{"rotateFrame":[{"tweenEasing":0,"duration":25},{"tweenEasing":0,"duration":5},{"tweenEasing":0,"duration":5},{"duration":0}],"scaleFrame":[{"tweenEasing":0,"duration":25},{"tweenEasing":0,"duration":5},{"tweenEasing":0,"duration":5},{"duration":0}],"translateFrame":[{"tweenEasing":0,"duration":25},{"tweenEasing":0,"duration":5},{"tweenEasing":0,"duration":5},{"duration":0}],"name":"t2"},{"rotateFrame":[{"tweenEasing":0,"duration":25},{"tweenEasing":0,"duration":5},{"tweenEasing":0,"duration":5},{"duration":0}],"scaleFrame":[{"tweenEasing":0,"duration":25},{"tweenEasing":0,"duration":5},{"tweenEasing":0,"duration":5},{"duration":0}],"translateFrame":[{"tweenEasing":0,"duration":25},{"tweenEasing":0,"duration":5},{"tweenEasing":0,"duration":5},{"duration":0}],"name":"t3"},{"rotateFrame":[{"tweenEasing":0,"duration":9},{"tweenEasing":0,"duration":16,"rotate":175.1366},{"tweenEasing":0,"duration":5,"rotate":175.1366},{"tweenEasing":0,"duration":5,"rotate":124.0785},{"duration":0,"rotate":124.0785}],"scaleFrame":[{"tweenEasing":0,"duration":25},{"tweenEasing":0,"duration":5},{"tweenEasing":0,"duration":5},{"duration":0}],"translateFrame":[{"tweenEasing":0,"duration":9},{"y":-3.6781,"tweenEasing":0,"duration":16,"x":4.7589},{"y":-3.6781,"tweenEasing":0,"duration":5,"x":4.7589},{"y":-4.2221,"tweenEasing":0,"duration":5,"x":9.7539},{"y":-4.2221,"duration":0,"x":9.7539}],"name":"s2"},{"rotateFrame":[{"tweenEasing":0,"duration":25},{"tweenEasing":0,"duration":5},{"tweenEasing":0,"duration":5},{"duration":0}],"scaleFrame":[{"tweenEasing":0,"duration":25},{"tweenEasing":0,"duration":5},{"tweenEasing":0,"duration":5},{"duration":0}],"translateFrame":[{"tweenEasing":0,"duration":25},{"tweenEasing":0,"duration":5},{"tweenEasing":0,"duration":5},{"duration":0}],"name":"b2"},{"rotateFrame":[{"tweenEasing":0,"duration":25},{"tweenEasing":0,"duration":5},{"tweenEasing":0,"duration":5},{"duration":0}],"scaleFrame":[{"tweenEasing":0,"duration":25},{"tweenEasing":0,"duration":5},{"tweenEasing":0,"duration":5},{"duration":0}],"translateFrame":[{"tweenEasing":0,"duration":25},{"tweenEasing":0,"duration":5},{"tweenEasing":0,"duration":5},{"duration":0}],"name":"t4"},{"rotateFrame":[{"tweenEasing":0,"duration":25},{"tweenEasing":0,"duration":5},{"tweenEasing":0,"duration":5},{"duration":0}],"scaleFrame":[{"tweenEasing":0,"duration":25},{"tweenEasing":0,"duration":5},{"tweenEasing":0,"duration":5},{"duration":0}],"translateFrame":[{"tweenEasing":0,"duration":25},{"tweenEasing":0,"duration":5},{"tweenEasing":0,"duration":5},{"duration":0}],"name":"t5"},{"rotateFrame":[{"tweenEasing":0,"duration":25},{"tweenEasing":0,"duration":5},{"tweenEasing":0,"duration":5},{"duration":0}],"scaleFrame":[{"tweenEasing":0,"duration":25},{"tweenEasing":0,"duration":5},{"tweenEasing":0,"duration":5},{"duration":0}],"translateFrame":[{"tweenEasing":0,"duration":25},{"tweenEasing":0,"duration":5},{"tweenEasing":0,"duration":5},{"duration":0}],"name":"t6"},{"rotateFrame":[{"duration":25},{"tweenEasing":0,"duration":5},{"tweenEasing":0,"duration":5,"rotate":-58.3875},{"duration":0,"rotate":-58.3875}],"scaleFrame":[{"duration":25},{"tweenEasing":0,"duration":5},{"tweenEasing":0,"duration":5},{"duration":0}],"translateFrame":[{"duration":25},{"tweenEasing":0,"duration":5},{"tweenEasing":0,"duration":5},{"duration":0}],"name":"koushao"},{"rotateFrame":[],"scaleFrame":[],"translateFrame":[],"name":"shubao"},{"rotateFrame":[],"scaleFrame":[],"translateFrame":[],"name":"a0001"},{"rotateFrame":[],"scaleFrame":[],"translateFrame":[],"name":"a00011"},{"rotateFrame":[{"duration":35},{"duration":0}],"scaleFrame":[{"duration":35},{"duration":0}],"translateFrame":[{"duration":35},{"duration":0}],"name":"qiqiu2"}],"playTimes":0,"name":"9","ik":[]},{"slot":[{"colorFrame":[{"duration":30}],"name":"b2","displayFrame":[{"value":-1,"duration":30}]},{"colorFrame":[{"duration":30}],"name":"t4","displayFrame":[{"duration":30}]},{"colorFrame":[{"duration":30}],"name":"t5","displayFrame":[{"duration":30}]},{"colorFrame":[{"duration":30}],"name":"t2","displayFrame":[{"duration":30}]},{"colorFrame":[{"tweenEasing":0,"duration":15},{"tweenEasing":0,"duration":15},{"duration":0}],"name":"s3","displayFrame":[{"duration":15},{"duration":15},{"duration":0}]},{"colorFrame":[{"duration":30}],"name":"t3","displayFrame":[{"duration":30}]},{"colorFrame":[{"duration":30}],"name":"t6","displayFrame":[{"duration":30}]},{"colorFrame":[{"duration":30}],"name":"t1","displayFrame":[{"duration":30}]},{"colorFrame":[{"duration":30}],"name":"st","displayFrame":[{"duration":30}]},{"colorFrame":[{"tweenEasing":0,"duration":30},{"duration":0}],"name":"s1","displayFrame":[{"duration":30},{"duration":0}]},{"colorFrame":[{"duration":30}],"name":"b1","displayFrame":[{"value":-1,"duration":30}]},{"colorFrame":[{"duration":30}],"name":"h","displayFrame":[{"value":2,"duration":30}]},{"colorFrame":[{"tweenEasing":0,"duration":30},{"duration":0}],"name":"s2","displayFrame":[{"duration":30},{"duration":0}]},{"colorFrame":[{"duration":30}],"name":"koushao","displayFrame":[{"value":-1,"duration":30}]},{"colorFrame":[{"duration":30}],"name":"shubao","displayFrame":[{"value":-1,"duration":30}]},{"colorFrame":[],"name":"a0001","displayFrame":[{"duration":2},{"value":1,"duration":2},{"value":2,"duration":2},{"value":3,"duration":2},{"value":4,"duration":2},{"value":5,"duration":2},{"value":6,"duration":2},{"value":7,"duration":2},{"value":8,"duration":2},{"value":9,"duration":2},{"value":10,"duration":2},{"value":11,"duration":2},{"value":12,"duration":2},{"value":13,"duration":2},{"value":14,"duration":2},{"value":15,"duration":0}]},{"colorFrame":[],"name":"a00011","displayFrame":[{"duration":2},{"value":1,"duration":2},{"value":2,"duration":2},{"value":3,"duration":2},{"value":4,"duration":2},{"value":5,"duration":2},{"value":6,"duration":2},{"value":7,"duration":2},{"value":8,"duration":2},{"value":9,"duration":2},{"value":10,"duration":2},{"value":11,"duration":2},{"value":12,"duration":2},{"value":13,"duration":2},{"value":14,"duration":2},{"value":15,"duration":0}]},{"colorFrame":[],"name":"xiaochui","displayFrame":[]},{"colorFrame":[],"name":"qiqiu2","displayFrame":[]}],"frame":[],"ffd":[],"duration":30,"bone":[{"rotateFrame":[],"scaleFrame":[],"translateFrame":[],"name":"root"},{"rotateFrame":[{"duration":30}],"scaleFrame":[{"duration":30}],"translateFrame":[],"name":"bone"},{"rotateFrame":[{"duration":30}],"scaleFrame":[{"duration":30}],"translateFrame":[{"y":23.9571,"duration":30}],"name":"shubao"},{"rotateFrame":[{"duration":30}],"scaleFrame":[{"duration":30}],"translateFrame":[{"duration":30}],"name":"st1"},{"rotateFrame":[{"duration":30}],"scaleFrame":[{"duration":30}],"translateFrame":[{"duration":30}],"name":"st"},{"rotateFrame":[{"tweenEasing":0,"duration":15,"rotate":-32.8984},{"tweenEasing":0,"duration":15,"rotate":-16.0995},{"duration":0,"rotate":-32.8984}],"scaleFrame":[{"tweenEasing":0,"duration":30},{"duration":0}],"translateFrame":[{"tweenEasing":0,"duration":30},{"duration":0}],"name":"s1"},{"rotateFrame":[{"duration":30}],"scaleFrame":[{"duration":30}],"translateFrame":[{"duration":30}],"name":"b1"},{"rotateFrame":[{"tweenEasing":0,"duration":15},{"tweenEasing":0,"duration":15,"rotate":-18.0711},{"duration":0}],"scaleFrame":[{"tweenEasing":0,"duration":15},{"tweenEasing":0,"duration":15},{"duration":0}],"translateFrame":[{"tweenEasing":0,"duration":15},{"tweenEasing":0,"duration":15},{"duration":0}],"name":"s3"},{"rotateFrame":[{"duration":30}],"scaleFrame":[{"duration":30}],"translateFrame":[{"duration":30}],"name":"t1"},{"rotateFrame":[{"duration":30}],"scaleFrame":[{"duration":30}],"translateFrame":[{"duration":30}],"name":"h"},{"rotateFrame":[{"duration":30}],"scaleFrame":[{"duration":30}],"translateFrame":[{"duration":30}],"name":"t2"},{"rotateFrame":[{"tweenEasing":0,"duration":15},{"tweenEasing":0,"duration":15,"rotate":-14.7418},{"duration":0}],"scaleFrame":[{"tweenEasing":0,"duration":30},{"duration":0}],"translateFrame":[{"tweenEasing":0,"duration":30},{"duration":0}],"name":"s2"},{"rotateFrame":[{"duration":30}],"scaleFrame":[{"duration":30}],"translateFrame":[{"y":0.4788,"duration":30,"x":-1.0675}],"name":"b2"},{"rotateFrame":[{"duration":30}],"scaleFrame":[{"duration":30}],"translateFrame":[{"duration":30}],"name":"t4"},{"rotateFrame":[{"duration":30}],"scaleFrame":[{"duration":30}],"translateFrame":[{"duration":30}],"name":"t3"},{"rotateFrame":[{"duration":30}],"scaleFrame":[{"duration":30}],"translateFrame":[{"duration":30}],"name":"t6"},{"rotateFrame":[{"duration":30}],"scaleFrame":[{"duration":30}],"translateFrame":[{"duration":30}],"name":"koushao"},{"rotateFrame":[{"duration":30}],"scaleFrame":[{"duration":30}],"translateFrame":[{"duration":30}],"name":"t5"},{"rotateFrame":[],"scaleFrame":[],"translateFrame":[],"name":"a0001"},{"rotateFrame":[],"scaleFrame":[],"translateFrame":[],"name":"a00011"},{"rotateFrame":[],"scaleFrame":[],"translateFrame":[],"name":"qiqiu2"}],"playTimes":0,"name":"10","ik":[]},{"slot":[{"colorFrame":[],"name":"b2","displayFrame":[]},{"colorFrame":[],"name":"t4","displayFrame":[]},{"colorFrame":[],"name":"s3","displayFrame":[]},{"colorFrame":[],"name":"t3","displayFrame":[]},{"colorFrame":[],"name":"t5","displayFrame":[]},{"colorFrame":[],"name":"t6","displayFrame":[]},{"colorFrame":[],"name":"t2","displayFrame":[]},{"colorFrame":[],"name":"t1","displayFrame":[]},{"colorFrame":[],"name":"st","displayFrame":[]},{"colorFrame":[],"name":"s1","displayFrame":[]},{"colorFrame":[],"name":"b1","displayFrame":[]},{"colorFrame":[],"name":"h","displayFrame":[{"value":1,"duration":60}]},{"colorFrame":[],"name":"s2","displayFrame":[]},{"colorFrame":[],"name":"koushao","displayFrame":[]},{"colorFrame":[],"name":"shubao","displayFrame":[]},{"colorFrame":[],"name":"a0001","displayFrame":[]},{"colorFrame":[],"name":"a00011","displayFrame":[]},{"colorFrame":[],"name":"xiaochui","displayFrame":[]},{"colorFrame":[],"name":"qiqiu2","displayFrame":[{"duration":60}]}],"frame":[],"ffd":[],"duration":60,"bone":[{"rotateFrame":[],"scaleFrame":[],"translateFrame":[],"name":"root"},{"rotateFrame":[{"tweenEasing":0,"duration":30},{"tweenEasing":0,"duration":30},{"duration":0}],"scaleFrame":[{"tweenEasing":0,"duration":30},{"tweenEasing":0,"duration":30},{"duration":0}],"translateFrame":[{"tweenEasing":0,"duration":30},{"y":-13.5861,"tweenEasing":0,"duration":30},{"duration":0}],"name":"bone"},{"rotateFrame":[{"tweenEasing":0,"duration":30},{"tweenEasing":0,"duration":30},{"duration":0}],"scaleFrame":[{"tweenEasing":0,"duration":30},{"y":1.05,"tweenEasing":0,"duration":30,"x":1.05},{"duration":0}],"translateFrame":[{"tweenEasing":0,"duration":30},{"y":-2.51,"tweenEasing":0,"duration":30},{"duration":0}],"name":"st"},{"rotateFrame":[{"tweenEasing":0,"duration":10,"rotate":-5.6336},{"tweenEasing":0,"duration":30},{"tweenEasing":0,"duration":20,"rotate":-16.9007},{"duration":0,"rotate":-5.6336}],"scaleFrame":[{"tweenEasing":0,"duration":30},{"y":0.95,"tweenEasing":0,"duration":30,"x":0.95},{"duration":0}],"translateFrame":[{"tweenEasing":0,"duration":30},{"tweenEasing":0,"duration":30},{"duration":0}],"name":"s1"},{"rotateFrame":[{"tweenEasing":0,"duration":30,"rotate":-39.326},{"tweenEasing":0,"duration":30,"rotate":-39.326},{"duration":0,"rotate":-39.326}],"scaleFrame":[{"tweenEasing":0,"duration":30},{"y":0.95,"tweenEasing":0,"duration":30,"x":0.95},{"duration":0}],"translateFrame":[{"tweenEasing":0,"duration":30},{"tweenEasing":0,"duration":30},{"duration":0}],"name":"s3"},{"rotateFrame":[{"tweenEasing":0,"duration":30,"rotate":124.0785},{"tweenEasing":0,"duration":30,"rotate":124.0785},{"duration":0,"rotate":124.0785}],"scaleFrame":[{"tweenEasing":0,"duration":30},{"tweenEasing":0,"duration":30},{"duration":0}],"translateFrame":[{"y":-4.2221,"tweenEasing":0,"duration":30,"x":9.7539},{"y":-4.2221,"tweenEasing":0,"duration":30,"x":9.7539},{"y":-4.2221,"duration":0,"x":9.7539}],"name":"s2"},{"rotateFrame":[{"tweenEasing":0,"duration":30},{"tweenEasing":0,"duration":30,"rotate":1.2347},{"duration":0}],"scaleFrame":[{"tweenEasing":0,"duration":30},{"y":0.95,"tweenEasing":0,"duration":30,"x":0.95},{"duration":0}],"translateFrame":[{"tweenEasing":0,"duration":30},{"tweenEasing":0,"duration":30,"x":0.7027},{"duration":0}],"name":"h"},{"rotateFrame":[{"tweenEasing":0,"duration":30},{"tweenEasing":0,"duration":30},{"duration":0}],"scaleFrame":[{"tweenEasing":0,"duration":30},{"y":0.95,"tweenEasing":0,"duration":30,"x":0.95},{"duration":0}],"translateFrame":[{"tweenEasing":0,"duration":30},{"tweenEasing":0,"duration":30},{"duration":0}],"name":"b1"},{"rotateFrame":[{"tweenEasing":0,"duration":30},{"tweenEasing":0,"duration":30},{"duration":0}],"scaleFrame":[{"tweenEasing":0,"duration":30},{"tweenEasing":0,"duration":30},{"duration":0}],"translateFrame":[{"y":-0.4667,"tweenEasing":0,"duration":5},{"tweenEasing":0,"duration":30},{"y":-2.8,"tweenEasing":0,"duration":25},{"y":-0.4667,"duration":0}],"name":"st1"},{"rotateFrame":[{"tweenEasing":0,"duration":10},{"tweenEasing":0,"duration":30,"rotate":6.413},{"tweenEasing":0,"duration":20,"rotate":-5.7977},{"duration":0}],"scaleFrame":[{"tweenEasing":0,"duration":30},{"tweenEasing":0,"duration":30},{"duration":0}],"translateFrame":[{"tweenEasing":0,"duration":30},{"y":0.0286,"tweenEasing":0,"duration":30,"x":0.8395},{"duration":0}],"name":"t1"},{"rotateFrame":[{"tweenEasing":0,"duration":15},{"tweenEasing":0,"duration":30},{"tweenEasing":0,"duration":15},{"duration":0}],"scaleFrame":[{"tweenEasing":0,"duration":30},{"tweenEasing":0,"duration":30},{"duration":0}],"translateFrame":[{"tweenEasing":0,"duration":30},{"y":-0.0417,"tweenEasing":0,"duration":30,"x":0.839},{"duration":0}],"name":"t3"},{"rotateFrame":[{"tweenEasing":0,"duration":30},{"tweenEasing":0,"duration":30},{"duration":0}],"scaleFrame":[{"tweenEasing":0,"duration":30},{"tweenEasing":0,"duration":30},{"duration":0}],"translateFrame":[{"tweenEasing":0,"duration":30},{"y":-0.1302,"tweenEasing":0,"duration":30,"x":0.8299},{"duration":0}],"name":"t6"},{"rotateFrame":[{"tweenEasing":0,"duration":10},{"tweenEasing":0,"duration":30,"rotate":7.7977},{"tweenEasing":0,"duration":20,"rotate":-6.3251},{"duration":0}],"scaleFrame":[{"tweenEasing":0,"duration":30},{"tweenEasing":0,"duration":30},{"duration":0}],"translateFrame":[{"tweenEasing":0,"duration":30},{"y":0.0286,"tweenEasing":0,"duration":30,"x":0.8395},{"duration":0}],"name":"t2"},{"rotateFrame":[{"tweenEasing":0,"duration":15},{"tweenEasing":0,"duration":30},{"tweenEasing":0,"duration":15},{"duration":0}],"scaleFrame":[{"tweenEasing":0,"duration":30},{"tweenEasing":0,"duration":30},{"duration":0}],"translateFrame":[{"tweenEasing":0,"duration":30},{"y":0.0487,"tweenEasing":0,"duration":30,"x":0.8386},{"duration":0}],"name":"t4"},{"rotateFrame":[{"tweenEasing":0,"duration":30},{"tweenEasing":0,"duration":30},{"duration":0}],"scaleFrame":[{"tweenEasing":0,"duration":30},{"tweenEasing":0,"duration":30},{"duration":0}],"translateFrame":[{"tweenEasing":0,"duration":30},{"y":0.0193,"tweenEasing":0,"duration":30,"x":0.8398},{"duration":0}],"name":"t5"},{"rotateFrame":[{"tweenEasing":0,"duration":30},{"tweenEasing":0,"duration":30},{"duration":0}],"scaleFrame":[{"tweenEasing":0,"duration":30},{"tweenEasing":0,"duration":30},{"duration":0}],"translateFrame":[{"tweenEasing":0,"duration":30},{"tweenEasing":0,"duration":30},{"duration":0}],"name":"b2"},{"rotateFrame":[{"tweenEasing":0,"duration":30,"rotate":-58.3875},{"tweenEasing":0,"duration":30,"rotate":-58.3875},{"duration":0,"rotate":-58.3875}],"scaleFrame":[{"tweenEasing":0,"duration":30},{"tweenEasing":0,"duration":30},{"duration":0}],"translateFrame":[{"tweenEasing":0,"duration":30},{"tweenEasing":0,"duration":30},{"duration":0}],"name":"koushao"},{"rotateFrame":[],"scaleFrame":[],"translateFrame":[],"name":"shubao"},{"rotateFrame":[],"scaleFrame":[],"translateFrame":[],"name":"a0001"},{"rotateFrame":[],"scaleFrame":[],"translateFrame":[],"name":"a00011"},{"rotateFrame":[{"tweenEasing":0,"duration":30},{"tweenEasing":0,"duration":30},{"duration":0}],"scaleFrame":[{"tweenEasing":0,"duration":30},{"tweenEasing":0,"duration":30},{"duration":0}],"translateFrame":[{"tweenEasing":0,"duration":30},{"tweenEasing":0,"duration":30},{"duration":0}],"name":"qiqiu2"}],"playTimes":0,"name":"11","ik":[]}],"defaultActions":[{"gotoAndPlay":"9"}],"type":"Armature","frameRate":60,"slot":[{"name":"b2","parent":"b2","color":{}},{"z":1,"name":"t4","parent":"t4","color":{}},{"z":2,"name":"t5","parent":"t5","color":{}},{"z":3,"name":"t2","parent":"t2","color":{}},{"z":4,"name":"s3","parent":"s3","color":{}},{"z":5,"name":"t3","parent":"t3","color":{}},{"z":6,"name":"t6","parent":"t6","color":{}},{"z":7,"name":"t1","parent":"t1","color":{}},{"z":8,"name":"st","parent":"st1","color":{}},{"z":9,"name":"s1","parent":"s1","color":{}},{"z":10,"name":"b1","parent":"b1","color":{}},{"z":11,"displayIndex":1,"name":"h","parent":"h","color":{}},{"z":12,"name":"s2","parent":"s2","color":{}},{"z":13,"displayIndex":-1,"name":"koushao","parent":"koushao","color":{}},{"z":14,"displayIndex":-1,"name":"shubao","parent":"shubao","color":{}},{"z":15,"displayIndex":-1,"name":"a0001","parent":"a0001","color":{}},{"z":16,"displayIndex":-1,"name":"a00011","parent":"a00011","color":{}},{"z":17,"displayIndex":-1,"name":"xiaochui","parent":"koushao","color":{}},{"z":18,"displayIndex":-1,"name":"qiqiu2","parent":"qiqiu2","color":{}}],"skin":[{"name":"","slot":[{"display":[{"path":"a0001","type":"image","name":"a0001","transform":{"y":-4.9588,"skX":-90.8825,"skY":-90.8825,"x":111.1084}},{"path":"a0002","type":"image","name":"a0002","transform":{"y":-4.9588,"skX":-90.8825,"skY":-90.8825,"x":111.1084}},{"path":"a0003","type":"image","name":"a0003","transform":{"y":-4.9588,"skX":-90.8825,"skY":-90.8825,"x":111.1084}},{"path":"a0004","type":"image","name":"a0004","transform":{"y":-4.9588,"skX":-90.8825,"skY":-90.8825,"x":111.1084}},{"path":"a0005","type":"image","name":"a0005","transform":{"y":-4.9588,"skX":-90.8825,"skY":-90.8825,"x":111.1084}},{"path":"a0006","type":"image","name":"a0006","transform":{"y":-4.9588,"skX":-90.8825,"skY":-90.8825,"x":111.1084}},{"path":"a0007","type":"image","name":"a0007","transform":{"y":-4.9588,"skX":-90.8825,"skY":-90.8825,"x":111.1084}},{"path":"a0008","type":"image","name":"a0008","transform":{"y":-4.9588,"skX":-90.8825,"skY":-90.8825,"x":111.1084}},{"path":"a0009","type":"image","name":"a0009","transform":{"y":-4.9588,"skX":-90.8825,"skY":-90.8825,"x":111.1084}},{"path":"a0010","type":"image","name":"a0010","transform":{"y":-4.9588,"skX":-90.8825,"skY":-90.8825,"x":111.1084}},{"path":"a0011","type":"image","name":"a0011","transform":{"y":-4.9588,"skX":-90.8825,"skY":-90.8825,"x":111.1084}},{"path":"a0012","type":"image","name":"a0012","transform":{"y":-4.9588,"skX":-90.8825,"skY":-90.8825,"x":111.1084}},{"path":"a0013","type":"image","name":"a0013","transform":{"y":-4.9588,"skX":-90.8825,"skY":-90.8825,"x":111.1084}},{"path":"a0014","type":"image","name":"a0014","transform":{"y":-4.9588,"skX":-90.8825,"skY":-90.8825,"x":111.1084}},{"path":"a0015","type":"image","name":"a0015","transform":{"y":-4.9588,"skX":-90.8825,"skY":-90.8825,"x":111.1084}},{"path":"a0016","type":"image","name":"a0016","transform":{"y":-4.9588,"skX":-90.8825,"skY":-90.8825,"x":111.1084}}],"name":"a00011"},{"display":[{"path":"t3","type":"image","name":"t3","transform":{"y":1.5171,"skX":-98.9149,"skY":-98.9149,"x":5.8142}}],"name":"t3"},{"display":[{"path":"t6","type":"image","name":"t6","transform":{"y":1.4549,"skX":-4.6281,"skY":-4.6281,"x":1.1256}}],"name":"t6"},{"display":[{"path":"t1","type":"image","name":"t1","transform":{"y":0.7028,"skX":-92.8431,"skY":-92.8431,"x":7.4102}}],"name":"t1"},{"display":[{"path":"b2","type":"image","name":"b2","transform":{"y":1.8518,"skX":-91.4065,"skY":-91.4065,"x":20.3182}}],"name":"b2"},{"display":[{"path":"s1","type":"image","name":"s1","transform":{"y":2.9384,"skX":-146.1363,"skY":-146.1363,"x":22.4343}}],"name":"s1"},{"display":[{"path":"koushao","type":"image","name":"koushao","transform":{"y":1.3536,"skX":126.3778,"skY":126.3778,"scX":0.661,"scY":0.661,"x":14.7447}}],"name":"koushao"},{"display":[{"path":"t5","type":"image","name":"t5","transform":{"y":-1.0244,"x":3.2695}}],"name":"t5"},{"display":[{"path":"h","type":"image","name":"h","transform":{"y":-8.0671,"skX":91.7851,"skY":91.7851,"x":55.7654}},{"path":"h2","type":"image","name":"h2","transform":{"y":-2.4181,"skX":93.1579,"skY":93.1579,"x":53.9574}},{"path":"h1","type":"image","name":"h1","transform":{"y":-9.3391,"skX":90,"skY":90,"x":57.3943}}],"name":"h"},{"display":[{"path":"a0001","type":"image","name":"a0001","transform":{"y":-4.9588,"skX":-90.8825,"skY":-90.8825,"x":111.1084}},{"path":"a0002","type":"image","name":"a0002","transform":{"y":-4.9588,"skX":-90.8825,"skY":-90.8825,"x":111.1084}},{"path":"a0003","type":"image","name":"a0003","transform":{"y":-4.9588,"skX":-90.8825,"skY":-90.8825,"x":111.1084}},{"path":"a0004","type":"image","name":"a0004","transform":{"y":-4.9588,"skX":-90.8825,"skY":-90.8825,"x":111.1084}},{"path":"a0005","type":"image","name":"a0005","transform":{"y":-4.9588,"skX":-90.8825,"skY":-90.8825,"x":111.1084}},{"path":"a0006","type":"image","name":"a0006","transform":{"y":-4.9588,"skX":-90.8825,"skY":-90.8825,"x":111.1084}},{"path":"a0007","type":"image","name":"a0007","transform":{"y":-4.9588,"skX":-90.8825,"skY":-90.8825,"x":111.1084}},{"path":"a0008","type":"image","name":"a0008","transform":{"y":-4.9588,"skX":-90.8825,"skY":-90.8825,"x":111.1084}},{"path":"a0009","type":"image","name":"a0009","transform":{"y":-4.9588,"skX":-90.8825,"skY":-90.8825,"x":111.1084}},{"path":"a0010","type":"image","name":"a0010","transform":{"y":-4.9588,"skX":-90.8825,"skY":-90.8825,"x":111.1084}},{"path":"a0011","type":"image","name":"a0011","transform":{"y":-4.9588,"skX":-90.8825,"skY":-90.8825,"x":111.1084}},{"path":"a0012","type":"image","name":"a0012","transform":{"y":-4.9588,"skX":-90.8825,"skY":-90.8825,"x":111.1084}},{"path":"a0013","type":"image","name":"a0013","transform":{"y":-4.9588,"skX":-90.8825,"skY":-90.8825,"x":111.1084}},{"path":"a0014","type":"image","name":"a0014","transform":{"y":-4.9588,"skX":-90.8825,"skY":-90.8825,"x":111.1084}},{"path":"a0015","type":"image","name":"a0015","transform":{"y":-4.9588,"skX":-90.8825,"skY":-90.8825,"x":111.1084}},{"path":"a0016","type":"image","name":"a0016","transform":{"y":-4.9588,"skX":-90.8825,"skY":-90.8825,"x":111.1084}}],"name":"a0001"},{"display":[{"path":"s3","type":"image","name":"s3","transform":{"y":0.7899,"skX":-29.669,"skY":-29.669,"x":12.0429}}],"name":"s3"},{"display":[{"path":"xiaochui","type":"image","name":"xiaochui","transform":{"y":5.9036,"skX":115.4528,"skY":115.4528,"x":72.512}}],"name":"xiaochui"},{"display":[{"path":"qiqiu2","type":"image","name":"qiqiu2","transform":{"y":8.4952,"skX":92.138,"skY":92.138,"x":186.4116}}],"name":"qiqiu2"},{"display":[{"vertices":[-33.5,-32.5,-33.5,-0.6,-33.5,32.5,0.95,32.5,33.55,32.25,33.55,-2.05,33.55,-32.5,0.65,-32.5,-1.34,1],"triangles":[6,7,5,7,8,5,5,8,4,8,3,4,1,2,8,0,1,8,0,8,7,8,2,3],"uvs":[0,0,0,0.49077,0,1,0.51418,1,1.00075,0.99615,1.00075,0.46846,1.00075,0,0.5097,0,0.47994,0.51538],"userEdges":[],"bonePose":[3,0.03403599592592028,0.9994206076429132,-0.9994206076429132,0.03403599592592028,4.544620030626504,-66.43394368823016,4,6.123233995736766e-17,-1,1,6.123233995736766e-17,3.69462003062651,-76.08394368823016],"path":"st","slotPose":[1,0,0,1,0.9940855043463026,-77.64948724534186],"type":"mesh","transform":{"y":3.1667,"skX":-88.0495,"skY":-88.0495,"x":-11.3299},"width":67,"edges":[0,1,1,2,2,3,3,4,4,5,5,6,6,7,7,0],"height":65,"name":"st","weights":[2,3,0.01,4,0.99,2,3,0.4642432186882278,4,0.5357567813117722,2,3,0.95,4,0.05,1,3,1,1,3,1,2,3,0.4693600592306898,4,0.5306399407693102,1,4,1,1,4,1,2,3,0.46,4,0.54]}],"name":"st"},{"display":[{"path":"s2","type":"image","name":"s2","transform":{"y":0.697,"skX":149.9257,"skY":149.9257,"x":12.6838}}],"name":"s2"},{"display":[{"path":"t4","type":"image","name":"t4","transform":{"y":0.5424,"skX":-88.6831,"skY":-88.6831,"x":5.7862}}],"name":"t4"},{"display":[{"path":"b1","type":"image","name":"b1","transform":{"y":-19.7103,"skX":-114.1568,"skY":-114.1568,"x":15.8727}}],"name":"b1"},{"display":[{"path":"shubao","type":"image","name":"shubao","transform":{"y":0.1588,"skX":97.7083,"skY":97.7083,"scX":0.6304,"scY":0.6304,"x":2.9967}}],"name":"shubao"},{"display":[{"path":"t2","type":"image","name":"t2","transform":{"y":-1.9016,"skX":-86.6754,"skY":-86.6754,"x":9.0276}}],"name":"t2"}]}],"aabb":{"width":128.36825661381255,"y":-218.48978837988773,"height":221.23144896684522,"x":-69.8214010156845},"bone":[{"name":"root","transform":{}},{"transform":{},"name":"bone","parent":"root"},{"length":24,"transform":{"y":-59.8224,"skX":-97.7083,"skY":-97.7083,"x":0.1838},"parent":"root","name":"shubao"},{"length":16,"transform":{"y":-66.4339,"skX":88.0495,"skY":88.0495,"x":4.5446},"parent":"bone","name":"st1"},{"length":23,"transform":{"y":-76.0839,"skX":-90,"skY":-90,"x":3.6946},"parent":"bone","name":"st"},{"length":28,"transform":{"y":12.0167,"skX":119.669,"skY":119.669,"x":17.806},"parent":"st","name":"s3"},{"length":47,"transform":{"y":-21,"skX":-155.8432,"skY":-155.8432,"x":16.75},"parent":"st","name":"b1"},{"length":22,"transform":{"y":-27.25,"skX":-123.8637,"skY":-123.8637,"x":16.45},"parent":"st","name":"s1"},{"length":22,"transform":{"y":16.8084,"skX":4.7935,"skY":4.7935,"x":17.5881},"parent":"st1","name":"t1"},{"length":36,"transform":{"y":-2.55,"skX":-1.7851,"skY":-1.7851,"x":30.05},"parent":"st","name":"h"},{"length":24,"transform":{"y":-7.925,"skX":-1.3742,"skY":-1.3742,"x":17.0296},"parent":"st1","name":"t2"},{"length":11,"transform":{"y":26.09,"skX":-179.5146,"skY":-179.5146,"scX":0.8,"scY":-1,"x":36.6979},"parent":"h","name":"a00011"},{"length":22,"transform":{"y":-1.5763,"skX":-22.7503,"skY":-22.7503,"x":0.373},"parent":"b1","name":"b2"},{"length":13,"transform":{"y":1.095,"skX":2.0077,"skY":2.0077,"x":28.3342},"parent":"t2","name":"t4"},{"length":11,"transform":{"y":-11.4531,"skX":-179.5146,"skY":-179.5146,"scX":0.8,"x":37.8679},"parent":"h","name":"a0001"},{"length":12,"transform":{"y":-1.5942,"skX":6.0719,"skY":6.0719,"x":26.053},"parent":"t1","name":"t3"},{"length":22,"transform":{"y":2.3003,"skX":-179.5946,"skY":-179.5946,"x":18.2859},"parent":"s3","name":"s2"},{"length":10,"transform":{"y":-2.2858,"skX":-94.2868,"skY":-94.2868,"x":14.5718},"parent":"t3","name":"t6"},{"length":18,"transform":{"y":-0.1197,"skX":14.5168,"skY":14.5168,"x":17.4059},"parent":"s2","name":"koushao"},{"length":9,"transform":{"y":0.1046,"skX":-88.6831,"skY":-88.6831,"x":17.6022},"parent":"t4","name":"t5"},{"inheritRotation":false,"length":18,"transform":{"y":0.1742,"skX":-92.6408,"skY":-92.6408,"x":2.4292},"parent":"koushao","name":"qiqiu2"}],"name":"7yv","ik":[]}]}