{"frameRate":60,"isGlobal":0,"name":"laonong","version":"5.0","armature":[{"skin":[{"name":"","slot":[{"display":[{"path":"zs","type":"image","name":"zs","transform":{"y":2.0329,"skY":-72.7545,"skX":-72.7545,"x":39.7747}}],"name":"zs"},{"display":[{"path":"yt","type":"image","name":"yt","transform":{"y":0.5873,"skY":-92.9232,"skX":-92.9232,"x":28.4303}}],"name":"yt"},{"display":[{"path":"ys","type":"image","name":"ys","transform":{"y":6.279,"skY":-110.453,"skX":-110.453,"x":64.8812}}],"name":"ys"},{"display":[{"path":"st","type":"image","name":"st","transform":{"y":0.9329,"skY":91.2778,"skX":91.2778,"x":20.5064}}],"name":"st"},{"display":[{"path":"tou","type":"image","name":"tou","transform":{"y":1.037,"skY":90.7813,"skX":90.7813,"x":59.3836}}],"name":"tou"},{"display":[{"path":"zt","type":"image","name":"zt","transform":{"y":-0.5781,"skY":-87.1087,"skX":-87.1087,"x":24.6733}}],"name":"zt"}]}],"animation":[{"frame":[],"duration":60,"bone":[{"frame":[{"duration":60,"transform":{}}],"name":"root"},{"frame":[{"duration":60,"transform":{}}],"name":"bone"},{"frame":[{"tweenEasing":0,"duration":30,"transform":{}},{"tweenEasing":0,"duration":30,"transform":{"y":-1.32}},{"duration":0,"transform":{}}],"name":"st"},{"frame":[{"tweenEasing":0,"duration":30,"transform":{}},{"tweenEasing":0,"duration":30,"transform":{"skY":6.8818,"skX":6.8818}},{"duration":0,"transform":{}}],"name":"zs"},{"frame":[{"tweenEasing":0,"duration":30,"transform":{}},{"tweenEasing":0,"duration":30,"transform":{"skY":-3.7813,"skX":-3.7813}},{"duration":0,"transform":{}}],"name":"ys"},{"frame":[{"tweenEasing":0,"duration":30,"transform":{}},{"tweenEasing":0,"duration":30,"transform":{"y":0.0147,"x":0.6598}},{"duration":0,"transform":{}}],"name":"tou"},{"frame":[{"tweenEasing":0,"duration":30,"transform":{}},{"tweenEasing":0,"duration":30,"transform":{"y":-0.0112,"x":-1.65}},{"duration":0,"transform":{}}],"name":"yt"},{"frame":[{"tweenEasing":0,"duration":30,"transform":{}},{"tweenEasing":0,"duration":30,"transform":{"y":-0.0112,"x":-1.65}},{"duration":0,"transform":{}}],"name":"zt"}],"slot":[],"ffd":[],"ik":[],"name":"1","playTimes":0},{"frame":[],"duration":60,"bone":[{"frame":[{"duration":60,"transform":{}}],"name":"root"},{"frame":[{"duration":60,"transform":{}}],"name":"bone"},{"frame":[{"tweenEasing":0,"duration":30,"transform":{}},{"tweenEasing":0,"duration":30,"transform":{"y":-1.32}},{"duration":0,"transform":{}}],"name":"st"},{"frame":[{"tweenEasing":0,"duration":10,"transform":{}},{"tweenEasing":0,"duration":40,"transform":{"skY":-63.9277,"skX":-63.9277}},{"tweenEasing":0,"duration":10,"transform":{"skY":-63.9277,"skX":-63.9277}},{"duration":0,"transform":{}}],"name":"zs"},{"frame":[{"tweenEasing":0,"duration":30,"transform":{}},{"tweenEasing":0,"duration":30,"transform":{"skY":-3.7813,"skX":-3.7813}},{"duration":0,"transform":{}}],"name":"ys"},{"frame":[{"tweenEasing":0,"duration":30,"transform":{}},{"tweenEasing":0,"duration":30,"transform":{"y":0.0147,"x":0.6598}},{"duration":0,"transform":{}}],"name":"tou"},{"frame":[{"tweenEasing":0,"duration":30,"transform":{}},{"tweenEasing":0,"duration":30,"transform":{"y":-0.0112,"x":-1.65}},{"duration":0,"transform":{}}],"name":"yt"},{"frame":[{"tweenEasing":0,"duration":30,"transform":{}},{"tweenEasing":0,"duration":30,"transform":{"y":-0.0112,"x":-1.65}},{"duration":0,"transform":{}}],"name":"zt"}],"slot":[],"ffd":[],"ik":[],"name":"2","playTimes":0}],"type":"Armature","name":"laonong","bone":[{"name":"root","transform":{}},{"transform":{},"name":"bone","parent":"root"},{"length":13,"transform":{"y":-120.0895,"skY":-91.2778,"skX":-91.2778,"x":2.6987},"parent":"bone","name":"st"},{"length":23,"transform":{"y":31.8973,"skY":164.0323,"skX":164.0323,"x":44.055},"parent":"st","name":"zs"},{"length":13,"transform":{"y":-29.8878,"skY":-158.2692,"skX":-158.2692,"x":46.8516},"parent":"st","name":"ys"},{"length":22,"transform":{"y":1.9939,"skY":0.4965,"skX":0.4965,"x":66.0088},"parent":"st","name":"tou"},{"length":23,"transform":{"y":-16.7815,"skY":-175.799,"skX":-175.799,"x":-43.2215},"parent":"st","name":"yt"},{"length":24,"transform":{"y":14.0675,"skY":178.3865,"skX":178.3865,"x":-42.6668},"parent":"st","name":"zt"}],"aabb":{"width":185.2289569390841,"y":-311.01852807510437,"height":320.8773005628831,"x":-92.28152007909497},"slot":[{"name":"zt","parent":"zt","color":{}},{"z":1,"name":"zs","parent":"zs","color":{}},{"z":2,"name":"yt","parent":"yt","color":{}},{"z":3,"name":"ys","parent":"ys","color":{}},{"z":4,"name":"st","parent":"st","color":{}},{"z":5,"name":"tou","parent":"tou","color":{}}],"ik":[],"frameRate":60,"defaultActions":[{"gotoAndPlay":"1"}]}]}