{"width":512,"imagePath":"baobiao_tex.png","height":256,"name":"baobiao","SubTexture":[{"width":24,"y":123,"height":36,"name":"szc","x":229},{"width":68,"y":122,"height":114,"name":"sza","x":102},{"width":25,"y":195,"height":35,"name":"syc","x":50},{"width":47,"y":138,"height":112,"name":"sya","x":1},{"width":45,"y":169,"height":24,"name":"tzc","x":50},{"width":42,"y":1,"height":120,"name":"tza","x":229},{"width":46,"y":138,"height":29,"name":"tyc","x":50},{"width":55,"y":122,"height":122,"name":"tya","x":172},{"width":104,"y":1,"height":119,"name":"st","x":102},{"width":99,"y":1,"height":135,"name":"ha","x":1}]}