{"frameRate":60,"isGlobal":0,"name":"baobiao","version":"5.5","armature":[{"skin":[{"name":"","slot":[{"display":[{"path":"sza","type":"image","name":"sza","transform":{"skY":-67.0043,"y":6.8459,"skX":-67.0043,"x":45.8508}}],"name":"sza"},{"display":[{"path":"st","type":"image","name":"st","transform":{"skY":90,"y":-11.5585,"skX":90,"x":51.0643}}],"name":"st"},{"display":[{"path":"tya","type":"image","name":"tya","transform":{"skY":-94.8322,"y":-2.7238,"skX":-94.8322,"x":20.3566}}],"name":"tya"},{"display":[{"path":"tyc","type":"image","name":"tyc","transform":{"skY":-12.5641,"y":-2.3957,"skX":-12.5641,"x":11.4612}}],"name":"tyc"},{"display":[{"path":"ha","type":"image","name":"ha","transform":{"skY":90,"y":-6.2595,"skX":90,"x":62.7138}}],"name":"ha"},{"display":[{"path":"tza","type":"image","name":"tza","transform":{"skY":-81.6795,"y":5.2434,"skX":-81.6795,"x":30.4354}}],"name":"tza"},{"display":[{"path":"szc","type":"image","name":"szc","transform":{"skY":-107.0785,"y":4.9564,"skX":-107.0785,"x":13.5241}}],"name":"szc"},{"display":[{"path":"tzc","type":"image","name":"tzc","transform":{"y":-2.3765,"x":11.0818}}],"name":"tzc"},{"display":[{"path":"sya","type":"image","name":"sya","transform":{"skY":-106.9457,"y":-3.8082,"skX":-106.9457,"x":47.9072}}],"name":"sya"},{"display":[{"path":"syc","type":"image","name":"syc","transform":{"skY":-63.3751,"y":-1.9431,"skX":-63.3751,"x":12.2681}}],"name":"syc"}]}],"ik":[],"animation":[{"frame":[],"duration":95,"bone":[{"translateFrame":[{"duration":95}],"scaleFrame":[{"duration":95}],"name":"root","rotateFrame":[{"duration":95}]},{"translateFrame":[{"tweenEasing":0,"duration":30},{"tweenEasing":0,"duration":10},{"tweenEasing":0,"duration":20},{"tweenEasing":0,"duration":35},{"duration":0}],"scaleFrame":[{"tweenEasing":0,"duration":30},{"tweenEasing":0,"duration":10},{"tweenEasing":0,"duration":20},{"tweenEasing":0,"duration":35},{"duration":0}],"name":"bone","rotateFrame":[{"tweenEasing":0,"duration":30},{"tweenEasing":0,"duration":10},{"tweenEasing":0,"duration":20},{"tweenEasing":0,"duration":35},{"duration":0}]},{"translateFrame":[{"tweenEasing":0,"duration":20},{"tweenEasing":0,"duration":10},{"tweenEasing":0,"duration":10},{"tweenEasing":0,"duration":20},{"tweenEasing":0,"duration":35},{"duration":0}],"scaleFrame":[{"tweenEasing":0,"duration":20},{"tweenEasing":0,"duration":10},{"tweenEasing":0,"duration":10},{"tweenEasing":0,"duration":20},{"tweenEasing":0,"duration":35},{"duration":0}],"name":"st","rotateFrame":[{"tweenEasing":0,"duration":20},{"tweenEasing":0,"duration":10,"rotate":-7.5207},{"tweenEasing":0,"duration":10},{"tweenEasing":0,"duration":20},{"tweenEasing":0,"duration":35,"rotate":9.6313},{"duration":0,"rotate":9.6313}]},{"translateFrame":[{"tweenEasing":0,"duration":20},{"tweenEasing":0,"duration":10},{"tweenEasing":0,"duration":10},{"tweenEasing":0,"duration":20},{"tweenEasing":0,"duration":35},{"duration":0}],"scaleFrame":[{"tweenEasing":0,"duration":20},{"tweenEasing":0,"duration":10},{"tweenEasing":0,"duration":10},{"tweenEasing":0,"duration":20},{"tweenEasing":0,"duration":35},{"duration":0}],"name":"ha","rotateFrame":[{"tweenEasing":0,"duration":20},{"tweenEasing":0,"duration":10,"rotate":-5.5237},{"tweenEasing":0,"duration":10},{"tweenEasing":0,"duration":20},{"tweenEasing":0,"duration":35,"rotate":8.445},{"duration":0,"rotate":8.445}]},{"translateFrame":[{"tweenEasing":0,"duration":20},{"tweenEasing":0,"y":-3.9673,"duration":10,"x":-8.1502},{"tweenEasing":0,"duration":5},{"tweenEasing":0,"duration":5},{"tweenEasing":0,"duration":20},{"tweenEasing":0,"y":-6.4662,"duration":35,"x":-6.098},{"y":-6.4662,"duration":0,"x":-6.098}],"scaleFrame":[{"tweenEasing":0,"duration":20},{"tweenEasing":0,"duration":10},{"tweenEasing":0,"duration":5},{"tweenEasing":0,"duration":5},{"tweenEasing":0,"duration":20},{"tweenEasing":0,"duration":35},{"duration":0}],"name":"sza","rotateFrame":[{"tweenEasing":0,"duration":20},{"tweenEasing":0,"duration":10,"rotate":-93.4535},{"tweenEasing":0,"duration":5,"rotate":-36.8452},{"tweenEasing":0,"duration":5,"rotate":-44.045},{"tweenEasing":0,"duration":20,"rotate":-36.8452},{"tweenEasing":0,"duration":35,"rotate":-53.0671},{"duration":0,"rotate":-53.0671}]},{"translateFrame":[{"tweenEasing":0,"duration":20},{"tweenEasing":0,"duration":10},{"tweenEasing":0,"duration":5},{"tweenEasing":0,"duration":5},{"tweenEasing":0,"duration":20},{"tweenEasing":0,"duration":35},{"duration":0}],"scaleFrame":[{"tweenEasing":0,"duration":20},{"tweenEasing":0,"duration":10},{"tweenEasing":0,"duration":5},{"tweenEasing":0,"duration":5},{"tweenEasing":0,"duration":20},{"tweenEasing":0,"duration":35},{"duration":0}],"name":"szc","rotateFrame":[{"tweenEasing":0,"duration":20},{"tweenEasing":0,"duration":10,"rotate":-15.2104},{"tweenEasing":0,"duration":5,"rotate":-36.8452},{"tweenEasing":0,"duration":5,"rotate":-44.045},{"tweenEasing":0,"duration":20,"rotate":-36.8452},{"tweenEasing":0,"duration":35,"rotate":-36.8452},{"duration":0,"rotate":-36.8452}]},{"translateFrame":[{"tweenEasing":0,"duration":30},{"tweenEasing":0,"duration":10},{"tweenEasing":0,"duration":20},{"tweenEasing":0,"duration":35},{"duration":0}],"scaleFrame":[{"tweenEasing":0,"duration":30},{"tweenEasing":0,"duration":10},{"tweenEasing":0,"duration":20},{"tweenEasing":0,"duration":35},{"duration":0}],"name":"sya","rotateFrame":[{"tweenEasing":0,"duration":30},{"tweenEasing":0,"duration":10},{"tweenEasing":0,"duration":20,"rotate":4.8171},{"tweenEasing":0,"duration":35,"rotate":14.4512},{"duration":0,"rotate":14.4512}]},{"translateFrame":[{"tweenEasing":0,"duration":30},{"tweenEasing":0,"duration":10},{"tweenEasing":0,"duration":20},{"tweenEasing":0,"duration":35},{"duration":0}],"scaleFrame":[{"tweenEasing":0,"duration":30},{"tweenEasing":0,"duration":10},{"tweenEasing":0,"duration":20},{"tweenEasing":0,"duration":35},{"duration":0}],"name":"syc","rotateFrame":[{"tweenEasing":0,"duration":30},{"tweenEasing":0,"duration":10},{"tweenEasing":0,"duration":20},{"tweenEasing":0,"duration":35},{"duration":0}]},{"translateFrame":[{"tweenEasing":0,"duration":20},{"tweenEasing":0,"duration":10},{"tweenEasing":0,"duration":10},{"tweenEasing":0,"duration":20},{"tweenEasing":0,"duration":35},{"duration":0}],"scaleFrame":[{"tweenEasing":0,"duration":20},{"tweenEasing":0,"duration":10},{"tweenEasing":0,"duration":10},{"tweenEasing":0,"duration":20},{"tweenEasing":0,"duration":35},{"duration":0}],"name":"tya","rotateFrame":[{"tweenEasing":0,"duration":20},{"tweenEasing":0,"duration":10,"rotate":8.9525},{"tweenEasing":0,"duration":10},{"tweenEasing":0,"duration":20},{"tweenEasing":0,"duration":35,"rotate":-9.3672},{"duration":0,"rotate":-9.3672}]},{"translateFrame":[{"tweenEasing":0,"duration":30},{"tweenEasing":0,"duration":10},{"tweenEasing":0,"duration":20},{"tweenEasing":0,"duration":35},{"duration":0}],"scaleFrame":[{"tweenEasing":0,"duration":30},{"tweenEasing":0,"duration":10},{"tweenEasing":0,"duration":20},{"tweenEasing":0,"duration":35},{"duration":0}],"name":"tyc","rotateFrame":[{"tweenEasing":0,"duration":30},{"tweenEasing":0,"duration":10},{"tweenEasing":0,"duration":20},{"tweenEasing":0,"duration":35},{"duration":0}]},{"translateFrame":[{"tweenEasing":0,"duration":20},{"tweenEasing":0,"duration":10},{"tweenEasing":0,"duration":10},{"tweenEasing":0,"duration":20},{"tweenEasing":0,"duration":35},{"duration":0}],"scaleFrame":[{"tweenEasing":0,"duration":20},{"tweenEasing":0,"duration":10},{"tweenEasing":0,"duration":10},{"tweenEasing":0,"duration":20},{"tweenEasing":0,"duration":35},{"duration":0}],"name":"tza","rotateFrame":[{"tweenEasing":0,"duration":20},{"tweenEasing":0,"duration":10,"rotate":8.9216},{"tweenEasing":0,"duration":10},{"tweenEasing":0,"duration":20},{"tweenEasing":0,"duration":35,"rotate":-7.6442},{"duration":0,"rotate":-7.6442}]},{"translateFrame":[{"tweenEasing":0,"duration":30},{"tweenEasing":0,"duration":10},{"tweenEasing":0,"duration":20},{"tweenEasing":0,"duration":35},{"duration":0}],"scaleFrame":[{"tweenEasing":0,"duration":30},{"tweenEasing":0,"duration":10},{"tweenEasing":0,"duration":20},{"tweenEasing":0,"duration":35},{"duration":0}],"name":"tzc","rotateFrame":[{"tweenEasing":0,"duration":30},{"tweenEasing":0,"duration":10},{"tweenEasing":0,"duration":20},{"tweenEasing":0,"duration":35},{"duration":0}]}],"ik":[],"slot":[{"colorFrame":[],"displayFrame":[],"name":"szc"},{"colorFrame":[],"displayFrame":[],"name":"sza"},{"colorFrame":[],"displayFrame":[],"name":"syc"},{"colorFrame":[],"displayFrame":[],"name":"sya"},{"colorFrame":[],"displayFrame":[],"name":"tzc"},{"colorFrame":[],"displayFrame":[],"name":"tza"},{"colorFrame":[],"displayFrame":[],"name":"tyc"},{"colorFrame":[],"displayFrame":[],"name":"tya"},{"colorFrame":[],"displayFrame":[],"name":"st"},{"colorFrame":[],"displayFrame":[],"name":"ha"}],"ffd":[],"name":"1","playTimes":0},{"frame":[],"duration":91,"bone":[{"translateFrame":[{"duration":91}],"scaleFrame":[{"duration":91}],"name":"root","rotateFrame":[{"duration":91}]},{"translateFrame":[{"tweenEasing":0,"duration":14},{"tweenEasing":0,"duration":4},{"tweenEasing":0,"duration":9},{"tweenEasing":0,"duration":23},{"tweenEasing":0,"duration":10},{"tweenEasing":0,"duration":20},{"tweenEasing":0,"duration":11},{"duration":0}],"scaleFrame":[{"tweenEasing":0,"duration":14},{"tweenEasing":0,"duration":4},{"tweenEasing":0,"duration":9},{"tweenEasing":0,"duration":23},{"tweenEasing":0,"duration":10},{"tweenEasing":0,"duration":20},{"tweenEasing":0,"duration":11},{"duration":0}],"name":"bone","rotateFrame":[{"tweenEasing":0,"duration":14},{"tweenEasing":0,"duration":4},{"tweenEasing":0,"duration":9},{"tweenEasing":0,"duration":23},{"tweenEasing":0,"duration":10},{"tweenEasing":0,"duration":20},{"tweenEasing":0,"duration":11},{"duration":0}]},{"translateFrame":[{"tweenEasing":0,"duration":14},{"tweenEasing":0,"duration":4},{"tweenEasing":0,"duration":9},{"tweenEasing":0,"duration":23},{"tweenEasing":0,"duration":10},{"tweenEasing":0,"duration":20},{"tweenEasing":0,"duration":11},{"duration":0}],"scaleFrame":[{"tweenEasing":0,"duration":14},{"tweenEasing":0,"duration":4},{"tweenEasing":0,"duration":9},{"tweenEasing":0,"duration":23},{"tweenEasing":0,"duration":10},{"tweenEasing":0,"duration":20},{"tweenEasing":0,"duration":11},{"duration":0}],"name":"st","rotateFrame":[{"tweenEasing":0,"duration":14},{"tweenEasing":0,"duration":4,"rotate":4.8532},{"tweenEasing":0,"duration":9,"rotate":-7.5207},{"tweenEasing":0,"duration":23,"rotate":-7.5207},{"tweenEasing":0,"duration":10,"rotate":-7.5207},{"tweenEasing":0,"duration":20},{"tweenEasing":0,"duration":11,"rotate":9.6313},{"duration":0}]},{"translateFrame":[{"tweenEasing":0,"duration":14},{"tweenEasing":0,"duration":4},{"tweenEasing":0,"duration":9},{"tweenEasing":0,"duration":23},{"tweenEasing":0,"duration":10},{"tweenEasing":0,"duration":20},{"tweenEasing":0,"duration":11},{"duration":0}],"scaleFrame":[{"tweenEasing":0,"duration":14},{"tweenEasing":0,"duration":4},{"tweenEasing":0,"duration":9},{"tweenEasing":0,"duration":23},{"tweenEasing":0,"duration":10},{"tweenEasing":0,"duration":20},{"tweenEasing":0,"duration":11},{"duration":0}],"name":"ha","rotateFrame":[{"tweenEasing":0,"duration":14},{"tweenEasing":0,"duration":4,"rotate":5.954},{"tweenEasing":0,"duration":9,"rotate":-12.4349},{"tweenEasing":0,"duration":23,"rotate":-5.5237},{"tweenEasing":0,"duration":10,"rotate":-5.5237},{"tweenEasing":0,"duration":20},{"tweenEasing":0,"duration":11,"rotate":8.445},{"duration":0}]},{"translateFrame":[{"tweenEasing":0,"y":-12.1458,"duration":14,"x":-4.1201},{"tweenEasing":0,"y":-12.1458,"duration":4,"x":-4.1201},{"tweenEasing":0,"y":-3.9673,"duration":9,"x":-8.1502},{"tweenEasing":0,"y":-3.9673,"duration":23,"x":-8.1502},{"tweenEasing":0,"y":-3.9673,"duration":5,"x":-8.1502},{"tweenEasing":0,"y":-1.9837,"duration":5,"x":-4.0751},{"tweenEasing":0,"duration":10},{"tweenEasing":0,"y":-3.2331,"duration":10,"x":-3.049},{"tweenEasing":0,"y":-6.4662,"duration":11,"x":-6.098},{"duration":0}],"scaleFrame":[{"tweenEasing":0,"y":-1,"duration":14},{"tweenEasing":0,"y":-1,"duration":4},{"tweenEasing":0,"y":-1,"duration":9},{"y":-1,"duration":23},{"tweenEasing":0,"duration":5},{"tweenEasing":0,"duration":5},{"tweenEasing":0,"duration":10},{"tweenEasing":0,"duration":10},{"tweenEasing":0,"duration":11},{"duration":0}],"name":"sza","rotateFrame":[{"tweenEasing":0,"duration":14,"rotate":15.1674},{"tweenEasing":0,"duration":4,"rotate":21.1214},{"tweenEasing":0,"duration":9,"rotate":-142.242},{"tweenEasing":0,"duration":23,"rotate":-121.7261},{"tweenEasing":0,"duration":5,"rotate":-121.7261},{"tweenEasing":0,"duration":5,"rotate":-44.045},{"tweenEasing":0,"duration":10,"rotate":-36.8452},{"tweenEasing":0,"duration":10,"rotate":-3.7801},{"tweenEasing":0,"duration":11,"rotate":-1.9801},{"duration":0}]},{"translateFrame":[{"tweenEasing":0,"duration":14},{"tweenEasing":0,"duration":4},{"tweenEasing":0,"duration":9},{"tweenEasing":0,"duration":23},{"tweenEasing":0,"duration":5},{"tweenEasing":0,"duration":5},{"tweenEasing":0,"duration":20},{"tweenEasing":0,"duration":11},{"duration":0}],"scaleFrame":[{"tweenEasing":0,"duration":14},{"tweenEasing":0,"duration":4},{"tweenEasing":0,"duration":9},{"tweenEasing":0,"duration":23},{"tweenEasing":0,"duration":5},{"tweenEasing":0,"duration":5},{"tweenEasing":0,"duration":20},{"tweenEasing":0,"duration":11},{"duration":0}],"name":"szc","rotateFrame":[{"tweenEasing":0,"duration":14},{"tweenEasing":0,"duration":4},{"tweenEasing":0,"duration":9,"rotate":-15.2104},{"tweenEasing":0,"duration":23,"rotate":-15.2104},{"tweenEasing":0,"duration":5,"rotate":-15.2104},{"tweenEasing":0,"duration":5,"rotate":-44.045},{"tweenEasing":0,"duration":20,"rotate":-36.8452},{"tweenEasing":0,"duration":11,"rotate":-36.8452},{"duration":0}]},{"translateFrame":[{"tweenEasing":0,"duration":14},{"tweenEasing":0,"duration":4},{"tweenEasing":0,"duration":9},{"tweenEasing":0,"duration":23},{"tweenEasing":0,"duration":10},{"tweenEasing":0,"duration":20},{"tweenEasing":0,"duration":11},{"duration":0}],"scaleFrame":[{"tweenEasing":0,"duration":14},{"tweenEasing":0,"duration":4},{"tweenEasing":0,"duration":9},{"tweenEasing":0,"duration":23},{"tweenEasing":0,"duration":10},{"tweenEasing":0,"duration":20},{"tweenEasing":0,"duration":11},{"duration":0}],"name":"sya","rotateFrame":[{"tweenEasing":0,"duration":14},{"tweenEasing":0,"duration":4,"rotate":5.954},{"tweenEasing":0,"duration":9,"rotate":-6.9113},{"tweenEasing":0,"duration":23},{"tweenEasing":0,"duration":10},{"tweenEasing":0,"duration":20,"rotate":4.8171},{"tweenEasing":0,"duration":11,"rotate":14.4512},{"duration":0}]},{"translateFrame":[{"tweenEasing":0,"duration":14},{"tweenEasing":0,"duration":4},{"tweenEasing":0,"duration":9},{"tweenEasing":0,"duration":23},{"tweenEasing":0,"duration":10},{"tweenEasing":0,"duration":20},{"tweenEasing":0,"duration":11},{"duration":0}],"scaleFrame":[{"tweenEasing":0,"duration":14},{"tweenEasing":0,"duration":4},{"tweenEasing":0,"duration":9},{"tweenEasing":0,"duration":23},{"tweenEasing":0,"duration":10},{"tweenEasing":0,"duration":20},{"tweenEasing":0,"duration":11},{"duration":0}],"name":"syc","rotateFrame":[{"tweenEasing":0,"duration":14},{"tweenEasing":0,"duration":4},{"tweenEasing":0,"duration":9},{"tweenEasing":0,"duration":23},{"tweenEasing":0,"duration":10},{"tweenEasing":0,"duration":20},{"tweenEasing":0,"duration":11},{"duration":0}]},{"translateFrame":[{"tweenEasing":0,"duration":14},{"tweenEasing":0,"duration":4},{"tweenEasing":0,"duration":9},{"tweenEasing":0,"duration":23},{"tweenEasing":0,"duration":10},{"tweenEasing":0,"duration":20},{"tweenEasing":0,"duration":11},{"duration":0}],"scaleFrame":[{"tweenEasing":0,"duration":14},{"tweenEasing":0,"duration":4},{"tweenEasing":0,"duration":9},{"tweenEasing":0,"duration":23},{"tweenEasing":0,"duration":10},{"tweenEasing":0,"duration":20},{"tweenEasing":0,"duration":11},{"duration":0}],"name":"tya","rotateFrame":[{"tweenEasing":0,"duration":14},{"tweenEasing":0,"duration":4,"rotate":-6.8813},{"tweenEasing":0,"duration":9,"rotate":8.9525},{"tweenEasing":0,"duration":23,"rotate":8.9525},{"tweenEasing":0,"duration":10,"rotate":8.9525},{"tweenEasing":0,"duration":20},{"tweenEasing":0,"duration":11,"rotate":-9.3672},{"duration":0}]},{"translateFrame":[{"tweenEasing":0,"duration":14},{"tweenEasing":0,"duration":4},{"tweenEasing":0,"duration":9},{"tweenEasing":0,"duration":23},{"tweenEasing":0,"duration":10},{"tweenEasing":0,"duration":20},{"tweenEasing":0,"duration":11},{"duration":0}],"scaleFrame":[{"tweenEasing":0,"duration":14},{"tweenEasing":0,"duration":4},{"tweenEasing":0,"duration":9},{"tweenEasing":0,"duration":23},{"tweenEasing":0,"duration":10},{"tweenEasing":0,"duration":20},{"tweenEasing":0,"duration":11},{"duration":0}],"name":"tyc","rotateFrame":[{"tweenEasing":0,"duration":14},{"tweenEasing":0,"duration":4},{"tweenEasing":0,"duration":9},{"tweenEasing":0,"duration":23},{"tweenEasing":0,"duration":10},{"tweenEasing":0,"duration":20},{"tweenEasing":0,"duration":11},{"duration":0}]},{"translateFrame":[{"tweenEasing":0,"duration":14},{"tweenEasing":0,"duration":4},{"tweenEasing":0,"duration":9},{"tweenEasing":0,"duration":23},{"tweenEasing":0,"duration":10},{"tweenEasing":0,"duration":20},{"tweenEasing":0,"duration":11},{"duration":0}],"scaleFrame":[{"tweenEasing":0,"duration":14},{"tweenEasing":0,"duration":4},{"tweenEasing":0,"duration":9},{"tweenEasing":0,"duration":23},{"tweenEasing":0,"duration":10},{"tweenEasing":0,"duration":20},{"tweenEasing":0,"duration":11},{"duration":0}],"name":"tza","rotateFrame":[{"tweenEasing":0,"duration":14},{"tweenEasing":0,"duration":4,"rotate":-6.7542},{"tweenEasing":0,"duration":9,"rotate":8.9216},{"tweenEasing":0,"duration":23,"rotate":8.9216},{"tweenEasing":0,"duration":10,"rotate":8.9216},{"tweenEasing":0,"duration":20},{"tweenEasing":0,"duration":11,"rotate":-7.6442},{"duration":0}]},{"translateFrame":[{"tweenEasing":0,"duration":14},{"tweenEasing":0,"duration":4},{"tweenEasing":0,"duration":9},{"tweenEasing":0,"duration":23},{"tweenEasing":0,"duration":10},{"tweenEasing":0,"duration":20},{"tweenEasing":0,"duration":11},{"duration":0}],"scaleFrame":[{"tweenEasing":0,"duration":14},{"tweenEasing":0,"duration":4},{"tweenEasing":0,"duration":9},{"tweenEasing":0,"duration":23},{"tweenEasing":0,"duration":10},{"tweenEasing":0,"duration":20},{"tweenEasing":0,"duration":11},{"duration":0}],"name":"tzc","rotateFrame":[{"tweenEasing":0,"duration":14},{"tweenEasing":0,"duration":4},{"tweenEasing":0,"duration":9},{"tweenEasing":0,"duration":23},{"tweenEasing":0,"duration":10},{"tweenEasing":0,"duration":20},{"tweenEasing":0,"duration":11},{"duration":0}]}],"ik":[],"slot":[{"colorFrame":[],"displayFrame":[],"name":"szc"},{"colorFrame":[],"displayFrame":[],"name":"sza"},{"colorFrame":[],"displayFrame":[],"name":"syc"},{"colorFrame":[],"displayFrame":[],"name":"sya"},{"colorFrame":[],"displayFrame":[],"name":"tzc"},{"colorFrame":[],"displayFrame":[],"name":"tza"},{"colorFrame":[],"displayFrame":[],"name":"tyc"},{"colorFrame":[],"displayFrame":[],"name":"tya"},{"colorFrame":[],"displayFrame":[],"name":"st"},{"colorFrame":[],"displayFrame":[],"name":"ha"}],"ffd":[],"name":"2","playTimes":0}],"type":"Armature","frameRate":60,"bone":[{"name":"root","transform":{}},{"transform":{},"name":"bone","parent":"root"},{"length":42,"transform":{"skY":-90,"y":-111.2063,"skX":-90,"x":7.0292},"parent":"bone","name":"st"},{"length":45,"transform":{"y":7.6748,"x":98.382},"parent":"st","name":"ha"},{"length":68,"transform":{"skY":157.0043,"y":40.3169,"skX":157.0043,"x":89.0543},"parent":"st","name":"sza"},{"length":53,"transform":{"skY":171.6795,"y":22.1737,"skX":171.6795,"x":-10.6314},"parent":"st","name":"tza"},{"length":59,"transform":{"skY":-163.0543,"y":-51.9678,"skX":-163.0543,"x":87.3064},"parent":"st","name":"sya"},{"length":45,"transform":{"skY":-175.1678,"y":-15.5378,"skX":-175.1678,"x":-15.9951},"parent":"st","name":"tya"},{"length":26,"transform":{"skY":-82.2681,"y":7.5447,"skX":-82.2681,"x":87.0319},"parent":"tya","name":"tyc"},{"length":22,"transform":{"skY":-81.6795,"y":8.063,"skX":-81.6795,"x":92.1398},"parent":"tza","name":"tzc"},{"length":21,"transform":{"skY":-43.5705,"y":-10.6321,"skX":-43.5705,"x":99.5668},"parent":"sya","name":"syc"},{"length":26,"transform":{"skY":40.0742,"y":4.4627,"skX":40.0742,"x":98.1646},"parent":"sza","name":"szc"}],"aabb":{"width":171.71541402195112,"y":-339.8021,"height":345.3327547375146,"x":-78.75903167027329},"slot":[{"name":"szc","parent":"szc","color":{}},{"z":1,"name":"sza","parent":"sza","color":{}},{"z":2,"name":"syc","parent":"syc","color":{}},{"z":3,"name":"sya","parent":"sya","color":{}},{"z":4,"name":"tzc","parent":"tzc","color":{}},{"z":5,"name":"tza","parent":"tza","color":{}},{"z":6,"name":"tyc","parent":"tyc","color":{}},{"z":7,"name":"tya","parent":"tya","color":{}},{"z":8,"name":"st","parent":"st","color":{}},{"z":9,"name":"ha","parent":"ha","color":{}}],"defaultActions":[{"gotoAndPlay":"1"}],"name":"baobiao"}]}