{"frameRate":60,"isGlobal":0,"name":"shoupiao","version":"5.0","armature":[{"defaultActions":[{"gotoAndPlay":"1"}],"skin":[{"name":"","slot":[{"display":[{"path":"h1","type":"image","name":"h1","transform":{"skY":90.718,"y":3.5143,"skX":90.718,"x":51.287}}],"name":"h1"},{"display":[{"path":"sz","type":"image","name":"sz","transform":{"skY":-120.3301,"y":-1.1579,"skX":-120.3301,"x":27.6639}}],"name":"sz"},{"display":[{"path":"ty","type":"image","name":"ty","transform":{"skY":-84.9364,"y":4.3643,"skX":-84.9364,"x":32.405}}],"name":"ty"},{"display":[{"path":"tz","type":"image","name":"tz","transform":{"skY":-87.022,"y":7.0744,"skX":-87.022,"x":36.5235}}],"name":"tz"},{"display":[{"path":"h","type":"image","name":"h","transform":{"skY":-22.8737,"y":3.708,"skX":-22.8737,"x":-2.631}}],"name":"h"},{"display":[{"path":"st","type":"image","name":"st","transform":{"skY":91.8779,"y":0.7291,"skX":91.8779,"x":14.8045}}],"name":"st"},{"display":[{"path":"sy","type":"image","name":"sy","transform":{"skY":-58.711,"y":-13.7691,"skX":-58.711,"x":19.3462}}],"name":"sy"}]}],"type":"Armature","ik":[],"bone":[{"name":"root","transform":{}},{"transform":{},"name":"bone","parent":"root"},{"length":15,"transform":{"skY":-91.8779,"y":-112.3606,"skX":-91.8779,"x":2.0989},"parent":"bone","name":"st"},{"length":19,"transform":{"skY":1.1599,"y":3.5385,"skX":1.1599,"x":66.1124},"parent":"st","name":"h1"},{"length":7,"transform":{"skY":150.5889,"y":22.6473,"skX":150.5889,"x":33.7301},"parent":"st","name":"sy"},{"length":8,"transform":{"skY":-147.792,"y":-27.3379,"skX":-147.792,"x":34.0887},"parent":"st","name":"sz"},{"length":8,"transform":{"skY":178.8999,"y":-16.1501,"skX":178.8999,"x":-30.2136},"parent":"st","name":"tz"},{"length":7,"transform":{"skY":176.8143,"y":15.2391,"skX":176.8143,"x":-33.8373},"parent":"st","name":"ty"},{"length":6,"transform":{"skY":113.5916,"y":6.7545,"skX":113.5916,"x":29.4199},"parent":"h1","name":"h"}],"aabb":{"width":147,"y":-305.8804564611312,"height":308.0881527043097,"x":-67.1596161536107},"slot":[{"name":"h","parent":"h","color":{}},{"z":1,"name":"h1","parent":"h1","color":{}},{"z":2,"name":"ty","parent":"ty","color":{}},{"z":3,"name":"tz","parent":"tz","color":{}},{"z":4,"name":"sz","parent":"sz","color":{}},{"z":5,"name":"st","parent":"st","color":{}},{"z":6,"name":"sy","parent":"sy","color":{}}],"animation":[{"frame":[],"duration":80,"ik":[],"bone":[{"frame":[{"duration":80,"transform":{}}],"name":"root"},{"frame":[{"duration":80,"transform":{}}],"name":"bone"},{"frame":[{"tweenEasing":0,"duration":10,"transform":{}},{"tweenEasing":0,"duration":60,"transform":{"skY":-6.0139,"skX":-6.0139}},{"tweenEasing":0,"duration":10,"transform":{"skY":-6.0139,"skX":-6.0139}},{"duration":0,"transform":{}}],"name":"st"},{"frame":[{"tweenEasing":0,"duration":10,"transform":{}},{"tweenEasing":0,"duration":30,"transform":{"skY":-12.8349,"skX":-12.8349}},{"tweenEasing":0,"duration":30,"transform":{"skY":-6.4513,"skX":-6.4513}},{"tweenEasing":0,"duration":10,"transform":{"skY":-12.8349,"skX":-12.8349}},{"duration":0,"transform":{}}],"name":"h1"},{"frame":[{"tweenEasing":0,"duration":10,"transform":{}},{"tweenEasing":0,"duration":60,"transform":{}},{"tweenEasing":0,"duration":10,"transform":{}},{"duration":0,"transform":{}}],"name":"h"},{"frame":[{"tweenEasing":0,"duration":10,"transform":{}},{"tweenEasing":0,"duration":20,"transform":{"skY":-25.7398,"skX":-25.7398}},{"tweenEasing":0,"duration":20,"transform":{"skY":-37.0796,"skX":-37.0796}},{"tweenEasing":0,"duration":20,"transform":{"skY":-9.2969,"skX":-9.2969}},{"tweenEasing":0,"duration":10,"transform":{"skY":-25.7398,"skX":-25.7398}},{"duration":0,"transform":{}}],"name":"sy"},{"frame":[{"tweenEasing":0,"duration":10,"transform":{}},{"tweenEasing":0,"duration":30,"transform":{"skY":-4.194,"skX":-4.194}},{"tweenEasing":0,"duration":30,"transform":{"skY":-13.3339,"skX":-13.3339}},{"tweenEasing":0,"duration":10,"transform":{"skY":-4.194,"skX":-4.194}},{"duration":0,"transform":{}}],"name":"sz"},{"frame":[{"tweenEasing":0,"duration":10,"transform":{}},{"tweenEasing":0,"duration":60,"transform":{"skY":6.2282,"y":-0.0533,"skX":6.2282,"x":0.5626}},{"tweenEasing":0,"duration":10,"transform":{"skY":6.2282,"y":-0.0533,"skX":6.2282,"x":0.5626}},{"duration":0,"transform":{}}],"name":"tz"},{"frame":[{"tweenEasing":0,"duration":10,"transform":{}},{"tweenEasing":0,"duration":60,"transform":{"skY":5.4046,"y":-0.083,"skX":5.4046,"x":-0.4529}},{"tweenEasing":0,"duration":10,"transform":{"skY":5.4046,"y":-0.083,"skX":5.4046,"x":-0.4529}},{"duration":0,"transform":{}}],"name":"ty"}],"slot":[],"ffd":[],"name":"1","playTimes":0},{"frame":[],"duration":80,"ik":[],"bone":[{"frame":[{"duration":80,"transform":{}}],"name":"root"},{"frame":[{"duration":80,"transform":{}}],"name":"bone"},{"frame":[{"tweenEasing":0,"duration":40,"transform":{}},{"tweenEasing":0,"duration":40,"transform":{"y":-1.32}},{"duration":0,"transform":{}}],"name":"st"},{"frame":[{"tweenEasing":0,"duration":40,"transform":{}},{"tweenEasing":0,"duration":40,"transform":{"skY":2.6533,"skX":2.6533}},{"duration":0,"transform":{}}],"name":"h1"},{"frame":[{"tweenEasing":0,"duration":40,"transform":{}},{"tweenEasing":0,"duration":40,"transform":{"skY":7.3241,"skX":7.3241}},{"duration":0,"transform":{}}],"name":"sy"},{"frame":[{"tweenEasing":0,"duration":40,"transform":{}},{"tweenEasing":0,"duration":40,"transform":{"skY":-6.342,"skX":-6.342}},{"duration":0,"transform":{}}],"name":"sz"},{"frame":[{"tweenEasing":0,"duration":40,"transform":{}},{"tweenEasing":0,"duration":40,"transform":{"y":-0.0433,"x":-1.3193}},{"duration":0,"transform":{}}],"name":"tz"},{"frame":[{"tweenEasing":0,"duration":40,"transform":{}},{"tweenEasing":0,"duration":40,"transform":{"y":-0.0433,"x":-1.3193}},{"duration":0,"transform":{}}],"name":"ty"},{"frame":[{"tweenEasing":0,"duration":40,"transform":{}},{"tweenEasing":0,"duration":40,"transform":{}},{"duration":0,"transform":{}}],"name":"h"}],"slot":[],"ffd":[],"name":"2","playTimes":0}],"name":"shoupiao","frameRate":60}]}