{"width":512,"imagePath":"wuzi_tex.png","height":1024,"name":"wuzi","SubTexture":[{"width":416,"y":1,"height":300,"name":"wuzi","x":1},{"frameY":-163,"y":538,"frameWidth":687,"frameX":-15,"frameHeight":174,"width":97,"height":11,"name":"f0027","x":294},{"frameY":-27,"y":424,"frameWidth":687,"frameX":-180,"frameHeight":174,"width":291,"height":127,"name":"f0017","x":1},{"frameY":-44,"y":303,"frameWidth":687,"frameX":-111,"frameHeight":174,"width":349,"height":119,"name":"f0019","x":1},{"frameY":-102,"y":669,"frameWidth":687,"frameX":-64,"frameHeight":174,"width":345,"height":71,"name":"f0021","x":1},{"frameY":-32,"y":553,"frameWidth":687,"frameX":-198,"frameHeight":174,"width":272,"height":114,"name":"f0013","x":1},{"frameY":-44,"y":834,"frameWidth":687,"frameX":-374,"frameHeight":174,"width":261,"height":82,"name":"f0005","x":1},{"frameY":0,"y":659,"frameWidth":687,"frameX":-585,"frameHeight":174,"width":102,"height":69,"name":"f0001","x":348},{"frameY":-30,"y":424,"frameWidth":687,"frameX":-293,"frameHeight":174,"width":171,"height":112,"name":"f0015","x":294},{"frameY":-134,"y":918,"frameWidth":687,"frameX":-7,"frameHeight":174,"width":287,"height":40,"name":"f0023","x":1},{"frameY":-35,"y":742,"frameWidth":687,"frameX":-363,"frameHeight":174,"width":219,"height":88,"name":"f0009","x":256},{"frameY":-36,"y":742,"frameWidth":687,"frameX":-361,"frameHeight":174,"width":253,"height":90,"name":"f0007","x":1},{"frameY":-147,"y":832,"frameWidth":687,"frameX":0,"frameHeight":174,"width":218,"height":27,"name":"f0025","x":264},{"frameY":-23,"y":553,"frameWidth":687,"frameX":-454,"frameHeight":174,"width":203,"height":104,"name":"f0003","x":275},{"frameY":-27,"y":303,"frameWidth":687,"frameX":-351,"frameHeight":174,"width":141,"height":108,"name":"f0011","x":352}]}