{"frameRate":60,"isGlobal":0,"name":"wuzi","version":"5.0","armature":[{"aabb":{"width":416,"y":-267.5,"height":300,"x":-205.5},"skin":[{"name":"","slot":[{"display":[{"path":"wuzi","type":"image","name":"wuzi","transform":{"y":-104.685,"x":101.9687}}],"name":"wuzi"},{"display":[{"path":"f0001","type":"image","name":"f0001","transform":{}},{"path":"f0003","type":"image","name":"f0003","transform":{}},{"path":"f0005","type":"image","name":"f0005","transform":{}},{"path":"f0007","type":"image","name":"f0007","transform":{}},{"path":"f0009","type":"image","name":"f0009","transform":{}},{"path":"f0011","type":"image","name":"f0011","transform":{}},{"path":"f0013","type":"image","name":"f0013","transform":{}},{"path":"f0015","type":"image","name":"f0015","transform":{}},{"path":"f0017","type":"image","name":"f0017","transform":{}},{"path":"f0019","type":"image","name":"f0019","transform":{}},{"path":"f0021","type":"image","name":"f0021","transform":{}},{"path":"f0023","type":"image","name":"f0023","transform":{}},{"path":"f0025","type":"image","name":"f0025","transform":{}},{"path":"f0027","type":"image","name":"f0027","transform":{}}],"name":"f0001"}]}],"animation":[{"frame":[],"duration":0,"ik":[],"bone":[{"frame":[{"duration":0,"transform":{}}],"name":"root"},{"frame":[{"duration":0,"transform":{}}],"name":"bone"},{"frame":[{"duration":0,"transform":{}}],"name":"bone1"},{"frame":[{"duration":0,"transform":{}}],"name":"bone2"}],"slot":[],"ffd":[],"name":"1","playTimes":0},{"frame":[],"duration":62,"ik":[],"bone":[{"frame":[{"duration":62,"transform":{}}],"name":"root"},{"frame":[{"duration":62,"transform":{}}],"name":"bone"},{"frame":[{"tweenEasing":0,"duration":6,"transform":{}},{"tweenEasing":0,"duration":6,"transform":{"skX":-5.5683,"skY":-5.5683}},{"tweenEasing":0,"duration":10,"transform":{"skX":-0.7287,"skY":-0.7287}},{"tweenEasing":0,"duration":10,"transform":{"skX":-34.2499,"skY":-34.2499}},{"tweenEasing":0,"duration":14,"transform":{"y":-120.827,"skX":-117.7974,"skY":-117.7974,"x":-121.4372}},{"tweenEasing":0,"duration":16,"transform":{"y":-268.2418,"skX":-211.5705,"skY":-211.5705,"x":-730.6942}},{"duration":0,"transform":{"y":-265.3598,"skX":-266.6125,"skY":-266.6125,"x":-1442.5507}}],"name":"bone1"},{"frame":[{"duration":62,"transform":{}}],"name":"bone2"}],"slot":[{"frame":[{"tweenEasing":null,"duration":3},{"tweenEasing":null,"displayIndex":1,"duration":4},{"tweenEasing":null,"displayIndex":2,"duration":3},{"tweenEasing":null,"displayIndex":3,"duration":3},{"tweenEasing":null,"displayIndex":4,"duration":3},{"tweenEasing":null,"displayIndex":5,"duration":4},{"tweenEasing":null,"displayIndex":6,"duration":3},{"tweenEasing":null,"displayIndex":7,"duration":3},{"tweenEasing":null,"displayIndex":8,"duration":3},{"tweenEasing":null,"displayIndex":9,"duration":4},{"tweenEasing":null,"displayIndex":10,"duration":3},{"tweenEasing":null,"displayIndex":11,"duration":3},{"tweenEasing":null,"displayIndex":12,"duration":4},{"tweenEasing":null,"displayIndex":13,"duration":3},{"tweenEasing":null,"displayIndex":-1,"duration":16}],"name":"f0001"}],"ffd":[],"name":"2","playTimes":0}],"ik":[],"frameRate":60,"bone":[{"name":"root","transform":{}},{"transform":{},"name":"bone","parent":"root"},{"transform":{"y":-12.815,"x":-99.4687},"name":"bone1","parent":"bone"},{"transform":{"scY":1.8906,"y":-248.9853,"scX":1.8906},"name":"bone2","parent":"bone"}],"defaultActions":[{"gotoAndPlay":"1"}],"slot":[{"name":"wuzi","parent":"bone1","color":{}},{"displayIndex":-1,"z":1,"name":"f0001","parent":"bone2","color":{}}],"type":"Armature","name":"wuzi"}]}