{"width":512,"imagePath":"3xiaotou_tex.png","height":512,"name":"3xiaotou","SubTexture":[{"width":24,"y":375,"height":68,"name":"sza","x":158},{"width":72,"y":433,"height":53,"name":"szb","x":436},{"width":224,"y":374,"height":127,"name":"bb","x":186},{"width":57,"y":73,"height":62,"name":"tzb","x":371},{"width":54,"y":1,"height":70,"name":"tza","x":371},{"frameY":0,"y":375,"frameWidth":100,"frameX":-40,"frameHeight":94,"width":60,"height":94,"name":"tz","x":96},{"width":58,"y":79,"height":60,"name":"tyb","x":430},{"width":57,"y":344,"height":87,"name":"tya","x":436},{"frameY":0,"y":188,"frameWidth":103,"frameX":0,"frameHeight":89,"width":64,"height":88,"name":"ty","x":370},{"width":93,"y":375,"height":131,"name":"st","x":1},{"width":79,"y":278,"height":64,"name":"syb","x":370},{"width":50,"y":1,"height":76,"name":"sya","x":451},{"width":182,"y":188,"height":184,"name":"ha","x":186},{"width":183,"y":1,"height":185,"name":"nuqichongchong","x":1},{"width":183,"y":188,"height":185,"name":"decheng","x":1},{"width":183,"y":1,"height":185,"name":"haipa","x":186}]}