{"width":512,"imagePath":"huojian_tex.png","SubTexture":[{"width":86,"y":709,"height":184,"name":"huo","x":1},{"width":56,"y":709,"height":102,"name":"huojian","x":89},{"frameY":-31,"y":389,"frameWidth":229,"frameX":-27,"frameHeight":221,"width":170,"height":158,"name":"yw0007","x":1},{"frameY":-103,"y":431,"frameWidth":229,"frameX":-91,"frameHeight":221,"width":29,"height":31,"name":"yw0001","x":173},{"frameY":-17,"y":195,"frameWidth":229,"frameX":-4,"frameHeight":221,"width":218,"height":181,"name":"yw0009","x":229},{"frameY":-32,"y":561,"frameWidth":229,"frameX":-30,"frameHeight":221,"width":158,"height":150,"name":"yw0005","x":173},{"frameY":-55,"y":895,"frameWidth":229,"frameX":-49,"frameHeight":221,"width":99,"height":102,"name":"yw0004","x":1},{"frameY":-12,"y":195,"frameWidth":229,"frameX":-2,"frameHeight":221,"width":226,"height":192,"name":"yw0010","x":1},{"frameY":-18,"y":1,"frameWidth":229,"frameX":0,"frameHeight":221,"width":229,"height":192,"name":"yw0012","x":1},{"frameY":-79,"y":813,"frameWidth":229,"frameX":-63,"frameHeight":221,"width":72,"height":70,"name":"yw0003","x":89},{"frameY":-12,"y":1,"frameWidth":229,"frameX":-2,"frameHeight":221,"width":226,"height":192,"name":"yw0011","x":232},{"frameY":-101,"y":389,"frameWidth":229,"frameX":-77,"frameHeight":221,"width":50,"height":40,"name":"yw0002","x":173},{"frameY":-17,"y":378,"frameWidth":229,"frameX":-4,"frameHeight":221,"width":218,"height":181,"name":"yw0008","x":229},{"frameY":-31,"y":549,"frameWidth":229,"frameX":-27,"frameHeight":221,"width":170,"height":158,"name":"yw0006","x":1}],"height":1024,"name":"huojian"}