{"frameRate":60,"isGlobal":0,"name":"huojian","version":"5.0","armature":[{"skin":[{"name":"","slot":[{"display":[{"path":"yw0001","type":"image","name":"yw0001","transform":{}},{"path":"yw0002","type":"image","name":"yw0002","transform":{}},{"path":"yw0003","type":"image","name":"yw0003","transform":{}},{"path":"yw0004","type":"image","name":"yw0004","transform":{}},{"path":"yw0005","type":"image","name":"yw0005","transform":{}},{"path":"yw0006","type":"image","name":"yw0006","transform":{}},{"path":"yw0007","type":"image","name":"yw0007","transform":{}},{"path":"yw0008","type":"image","name":"yw0008","transform":{}},{"path":"yw0009","type":"image","name":"yw0009","transform":{}},{"path":"yw0010","type":"image","name":"yw0010","transform":{}},{"path":"yw0011","type":"image","name":"yw0011","transform":{}},{"path":"yw0012","type":"image","name":"yw0012","transform":{}}],"name":"yw0001"},{"display":[{"path":"huojian","type":"image","name":"huojian","transform":{"y":2.7967,"skY":90.8502,"skX":90.8502,"x":43.5633}}],"name":"huojian"},{"display":[{"path":"huo","type":"image","name":"huo","transform":{"y":-2.733,"skY":90,"skX":90,"scY":0.6662,"scX":0.6662,"x":58.8058}}],"name":"huo"}]}],"animation":[{"frame":[],"duration":0,"bone":[{"frame":[{"duration":0,"transform":{}}],"name":"root"},{"frame":[{"duration":0,"transform":{}}],"name":"bone"},{"frame":[{"duration":0,"transform":{}}],"name":"huojian"},{"frame":[{"duration":0,"transform":{}}],"name":"huo"},{"frame":[{"duration":0,"transform":{}}],"name":"bone1"}],"slot":[],"ffd":[],"ik":[],"name":"1","playTimes":0},{"frame":[],"duration":3,"bone":[{"frame":[{"duration":3,"transform":{}}],"name":"root"},{"frame":[{"duration":3,"transform":{}}],"name":"bone"},{"frame":[{"duration":3,"transform":{}}],"name":"huojian"},{"frame":[{"tweenEasing":0,"duration":1,"transform":{"scY":0.5445,"scX":0.1}},{"tweenEasing":0,"duration":1,"transform":{"scY":0.5445,"scX":0.65}},{"tweenEasing":0,"duration":1,"transform":{"scY":1.09,"scX":0.5}},{"duration":0,"transform":{"scY":0.74,"scX":0.85}}],"name":"huo"},{"frame":[{"duration":3,"transform":{}}],"name":"bone1"}],"slot":[{"frame":[{"tweenEasing":null,"duration":3}],"name":"huo"}],"ffd":[],"ik":[],"name":"2","playTimes":0},{"frame":[],"duration":4,"bone":[{"frame":[{"duration":4,"transform":{}}],"name":"root"},{"frame":[{"duration":4,"transform":{}}],"name":"bone"},{"frame":[{"duration":4,"transform":{}}],"name":"huojian"},{"frame":[{"tweenEasing":0,"duration":2,"transform":{}},{"tweenEasing":0,"duration":2,"transform":{"scY":1.05,"scX":1.2}},{"duration":0,"transform":{}}],"name":"huo"},{"frame":[{"duration":4,"transform":{}}],"name":"bone1"}],"slot":[{"frame":[{"tweenEasing":null,"duration":4}],"name":"huo"}],"ffd":[],"ik":[],"name":"3","playTimes":0},{"frame":[],"duration":24,"bone":[{"frame":[{"duration":24,"transform":{}}],"name":"root"},{"frame":[{"duration":24,"transform":{}}],"name":"bone"},{"frame":[{"duration":24,"transform":{}}],"name":"huojian"},{"frame":[{"tweenEasing":0,"duration":2,"transform":{}},{"tweenEasing":0,"duration":2,"transform":{"scY":1.05,"scX":1.2}},{"duration":20,"transform":{}}],"name":"huo"},{"frame":[{"duration":24,"transform":{"y":91.3014,"scY":2.8678,"scX":2.8678,"x":21.4226}}],"name":"bone1"}],"slot":[{"frame":[{"tweenEasing":null,"duration":4},{"tweenEasing":null,"displayIndex":-1,"duration":20}],"name":"huo"},{"frame":[{"tweenEasing":null,"duration":4},{"tweenEasing":null,"displayIndex":-1,"duration":20}],"name":"huojian"},{"frame":[{"tweenEasing":null,"duration":2},{"tweenEasing":null,"displayIndex":1,"duration":2},{"tweenEasing":null,"displayIndex":2,"duration":2},{"tweenEasing":null,"displayIndex":3,"duration":2},{"tweenEasing":null,"displayIndex":4,"duration":2},{"tweenEasing":null,"displayIndex":5,"duration":2},{"tweenEasing":null,"displayIndex":6,"duration":2},{"tweenEasing":null,"displayIndex":7,"duration":2},{"tweenEasing":null,"displayIndex":8,"duration":2},{"tweenEasing":null,"displayIndex":9,"duration":2},{"tweenEasing":null,"displayIndex":10,"duration":2},{"tweenEasing":null,"displayIndex":11,"duration":2},{"tweenEasing":null,"displayIndex":-1,"duration":0}],"name":"yw0001"}],"ffd":[],"ik":[],"name":"4","playTimes":0}],"type":"Armature","name":"huojian","bone":[{"name":"root","transform":{}},{"transform":{},"name":"bone","parent":"root"},{"length":43,"transform":{"y":-0.0566,"skY":-90.8502,"skX":-90.8502,"x":-1.9262},"parent":"bone","name":"huojian"},{"transform":{"y":-124.0816},"name":"bone1","parent":"bone"},{"length":32,"transform":{"y":1.5461,"skY":-179.1498,"skX":-179.1498,"x":4.8153},"parent":"huojian","name":"huo"}],"aabb":{"width":56,"y":-94.6565990099026,"height":102,"x":-27.776217332843927},"slot":[{"displayIndex":-1,"name":"huo","parent":"huo","color":{}},{"z":1,"name":"huojian","parent":"huojian","color":{}},{"displayIndex":-1,"z":2,"name":"yw0001","parent":"bone1","color":{}}],"ik":[],"frameRate":60,"defaultActions":[{"gotoAndPlay":"1"}]}]}