{"frameRate":60,"isGlobal":0,"name":"9jiangshi","version":"5.5","armature":[{"defaultActions":[{"gotoAndPlay":"1"}],"slot":[{"name":"sz","parent":"sz","color":{}},{"z":1,"name":"tzb","parent":"tzb","color":{}},{"z":2,"name":"tzc","parent":"tzc","color":{}},{"z":3,"name":"tza","parent":"tza","color":{}},{"z":4,"name":"tyb","parent":"tyb","color":{}},{"z":5,"name":"tyc","parent":"tyc","color":{}},{"z":6,"name":"tya","parent":"tya","color":{}},{"z":7,"name":"st","parent":"st1","color":{}},{"z":8,"name":"sy","parent":"sy","color":{}},{"z":9,"name":"ha","parent":"ha","color":{}}],"skin":[{"name":"","slot":[{"display":[{"path":"tyc","type":"image","name":"tyc","transform":{"skY":3.3178,"y":1.5148,"skX":3.3178,"x":20.9474}}],"name":"tyc"},{"display":[{"path":"tya","type":"image","name":"tya","transform":{"skY":-101.7527,"y":-0.0948,"skX":-101.7527,"x":41.4497}}],"name":"tya"},{"display":[{"path":"tza","type":"image","name":"tza","transform":{"skY":-79.7419,"y":-0.8667,"skX":-79.7419,"x":26.376}}],"name":"tza"},{"display":[{"path":"ha","type":"image","name":"ha","transform":{"skY":85.475,"y":3.534,"skX":85.475,"x":73.859}}],"name":"ha"},{"display":[{"path":"tyb","type":"image","name":"tyb","transform":{"skY":-88.1672,"y":1.1374,"skX":-88.1672,"x":21.4746}}],"name":"tyb"},{"display":[{"path":"sz","type":"image","name":"sz","transform":{"skY":-17.6866,"y":4.3311,"skX":-17.6866,"x":65.25}}],"name":"sz"},{"display":[{"path":"tzb","type":"image","name":"tzb","transform":{"skY":-88.9724,"y":2.0692,"skX":-88.9724,"x":20.5662}}],"name":"tzb"},{"display":[{"vertices":[-68,-71.5,-68,-3,-68,71.5,-1.9,71.5,68,71.5,68,2.3,68,-71.5,-1.3,-71.5],"slotPose":[1,-3.4694469519536138e-18,3.4694469519536138e-18,1,-2.500000000000001,-197.5],"path":"st","weights":[2,2,0.33490821798899717,5,0.6650917820110029,2,2,0.5001992629023209,5,0.4998007370976792,2,2,0.6708002937184875,5,0.32919970628151257,2,2,0.9263829025017226,5,0.07361709749827731,2,2,0.6715467825474284,5,0.32845321745257167,2,2,0.5018571336748442,5,0.49814286632515586,2,2,0.3413468666242578,5,0.6586531333757423,2,2,0.018930427960016753,5,0.9810695720399834],"userEdges":[],"bonePose":[2,0.011008507206040073,-0.9999394045486428,0.9999394045486428,0.011008507206040073,-1.8,-147.2,5,-0.01960407493444545,-0.9998078216567244,0.9998078216567244,-0.01960407493444545,-1.2000000000000002,-201.7],"edges":[0,1,1,2,2,3,3,4,4,5,5,6,6,7,7,0],"type":"mesh","transform":{"skY":91.1233,"y":-1.3821,"skX":91.1233,"x":-4.1737},"width":136,"uvs":[0,0,0,0.47902,0,1,0.48603,1,1,1,1,0.51608,1,0,0.49044,0],"height":143,"name":"st","triangles":[1,3,5,7,1,5,7,5,6,5,3,4,0,1,7,1,2,3]}],"name":"st"},{"display":[{"path":"sy","type":"image","name":"sy","transform":{"skY":-24.5084,"y":8.1277,"skX":-24.5084,"x":69.317}}],"name":"sy"},{"display":[{"path":"tzc","type":"image","name":"tzc","transform":{"skY":-2.4943,"y":-1.893,"skX":-2.4943,"x":15.8827}}],"name":"tzc"}]}],"animation":[{"frame":[],"duration":80,"ik":[],"bone":[{"rotateFrame":[{"duration":80}],"scaleFrame":[{"duration":80}],"name":"root","translateFrame":[{"duration":80}]},{"rotateFrame":[{"tweenEasing":0,"duration":40},{"tweenEasing":0,"duration":40},{"duration":0}],"scaleFrame":[{"tweenEasing":0,"duration":40},{"tweenEasing":0,"duration":40},{"duration":0}],"name":"bone","translateFrame":[{"tweenEasing":0,"duration":40},{"tweenEasing":0,"duration":40},{"duration":0}]},{"rotateFrame":[{"tweenEasing":0,"duration":40},{"tweenEasing":0,"duration":40},{"duration":0}],"scaleFrame":[{"tweenEasing":0,"duration":40},{"tweenEasing":0,"duration":40},{"duration":0}],"name":"st","translateFrame":[{"tweenEasing":0,"y":3,"duration":40},{"tweenEasing":0,"duration":40},{"y":3,"duration":0}]},{"rotateFrame":[{"tweenEasing":0,"duration":40},{"tweenEasing":0,"duration":40,"rotate":-17.5007},{"duration":0}],"scaleFrame":[{"tweenEasing":0,"duration":40},{"tweenEasing":0,"duration":40},{"duration":0}],"name":"st1","translateFrame":[{"tweenEasing":0,"duration":40},{"tweenEasing":0,"duration":40},{"duration":0}]},{"rotateFrame":[{"tweenEasing":0,"duration":40},{"tweenEasing":0,"duration":40,"rotate":-23.4924},{"duration":0}],"scaleFrame":[{"tweenEasing":0,"duration":40},{"tweenEasing":0,"duration":40},{"duration":0}],"name":"ha","translateFrame":[{"tweenEasing":0,"duration":40},{"tweenEasing":0,"duration":40},{"duration":0}]},{"rotateFrame":[{"tweenEasing":0,"duration":40},{"tweenEasing":0,"duration":40,"rotate":24.3891},{"duration":0}],"scaleFrame":[{"tweenEasing":0,"duration":40},{"tweenEasing":0,"duration":40},{"duration":0}],"name":"sy","translateFrame":[{"tweenEasing":0,"duration":40},{"tweenEasing":0,"duration":40},{"duration":0}]},{"rotateFrame":[{"tweenEasing":0,"duration":40},{"tweenEasing":0,"duration":40,"rotate":24.3891},{"duration":0}],"scaleFrame":[{"tweenEasing":0,"duration":40},{"tweenEasing":0,"duration":40},{"duration":0}],"name":"sz","translateFrame":[{"tweenEasing":0,"duration":40},{"tweenEasing":0,"duration":40},{"duration":0}]},{"rotateFrame":[{"tweenEasing":0,"duration":40},{"tweenEasing":0,"duration":40},{"duration":0}],"scaleFrame":[{"tweenEasing":0,"duration":40},{"tweenEasing":0,"duration":40},{"duration":0}],"name":"tya","translateFrame":[{"tweenEasing":0,"duration":40},{"tweenEasing":0,"y":6.9666,"duration":40,"x":3.0769},{"duration":0}]},{"rotateFrame":[{"tweenEasing":0,"duration":40},{"tweenEasing":0,"duration":40,"rotate":10.1396},{"duration":0}],"scaleFrame":[{"tweenEasing":0,"duration":40},{"tweenEasing":0,"duration":40},{"duration":0}],"name":"tyb","translateFrame":[{"tweenEasing":0,"duration":40},{"tweenEasing":0,"duration":40},{"duration":0}]},{"rotateFrame":[{"tweenEasing":0,"duration":40},{"tweenEasing":0,"duration":40},{"duration":0}],"scaleFrame":[{"tweenEasing":0,"duration":40},{"tweenEasing":0,"duration":40},{"duration":0}],"name":"tyc","translateFrame":[{"tweenEasing":0,"duration":40},{"tweenEasing":0,"duration":40},{"duration":0}]},{"rotateFrame":[{"tweenEasing":0,"duration":40,"rotate":-6.2251},{"tweenEasing":0,"duration":40},{"duration":0,"rotate":-6.2251}],"scaleFrame":[{"tweenEasing":0,"duration":40},{"tweenEasing":0,"duration":40},{"duration":0}],"name":"tza","translateFrame":[{"tweenEasing":0,"duration":40},{"tweenEasing":0,"duration":40},{"duration":0}]},{"rotateFrame":[{"tweenEasing":0,"duration":40,"rotate":6.997},{"tweenEasing":0,"duration":40},{"duration":0,"rotate":6.997}],"scaleFrame":[{"tweenEasing":0,"duration":40},{"tweenEasing":0,"duration":40},{"duration":0}],"name":"tzb","translateFrame":[{"tweenEasing":0,"duration":40},{"tweenEasing":0,"duration":40},{"duration":0}]},{"rotateFrame":[{"tweenEasing":0,"duration":40},{"tweenEasing":0,"duration":40},{"duration":0}],"scaleFrame":[{"tweenEasing":0,"duration":40},{"tweenEasing":0,"duration":40},{"duration":0}],"name":"tzc","translateFrame":[{"tweenEasing":0,"duration":40},{"tweenEasing":0,"duration":40},{"duration":0}]}],"slot":[{"displayFrame":[],"colorFrame":[],"name":"sz"},{"displayFrame":[],"colorFrame":[],"name":"tzb"},{"displayFrame":[],"colorFrame":[],"name":"tzc"},{"displayFrame":[],"colorFrame":[],"name":"tza"},{"displayFrame":[],"colorFrame":[],"name":"tyb"},{"displayFrame":[],"colorFrame":[],"name":"tyc"},{"displayFrame":[],"colorFrame":[],"name":"tya"},{"displayFrame":[],"colorFrame":[],"name":"st"},{"displayFrame":[],"colorFrame":[],"name":"sy"},{"displayFrame":[],"colorFrame":[],"name":"ha"}],"ffd":[],"name":"1","playTimes":0},{"frame":[],"duration":100,"ik":[],"bone":[{"rotateFrame":[{"duration":100}],"scaleFrame":[{"duration":100}],"name":"root","translateFrame":[{"duration":100}]},{"rotateFrame":[{"tweenEasing":0,"duration":30},{"tweenEasing":0,"duration":20},{"tweenEasing":0,"duration":30},{"tweenEasing":0,"duration":20},{"duration":0}],"scaleFrame":[{"tweenEasing":0,"duration":30},{"tweenEasing":0,"duration":20},{"tweenEasing":0,"duration":30},{"tweenEasing":0,"duration":20},{"duration":0}],"name":"bone","translateFrame":[{"tweenEasing":0,"duration":30},{"tweenEasing":0,"duration":20},{"tweenEasing":0,"duration":30},{"tweenEasing":0,"duration":20},{"duration":0}]},{"rotateFrame":[{"tweenEasing":0,"duration":30},{"tweenEasing":0,"duration":17,"rotate":-49.2303},{"tweenEasing":0,"duration":3,"rotate":12.0599},{"tweenEasing":0,"duration":30},{"tweenEasing":0,"duration":17,"rotate":-49.2303},{"tweenEasing":0,"duration":3,"rotate":-0.4046},{"duration":0}],"scaleFrame":[{"tweenEasing":0,"duration":30},{"tweenEasing":0,"duration":17},{"tweenEasing":0,"duration":3},{"tweenEasing":0,"duration":30},{"tweenEasing":0,"duration":17},{"tweenEasing":0,"duration":3},{"duration":0}],"name":"st","translateFrame":[{"tweenEasing":0,"duration":30},{"tweenEasing":0,"y":-23.8362,"duration":17,"x":0.3792},{"tweenEasing":0,"y":-3.5754,"duration":3,"x":0.0569},{"tweenEasing":0,"duration":30},{"tweenEasing":0,"y":-3.4882,"duration":17,"x":53.5063},{"tweenEasing":0,"y":-0.5232,"duration":3,"x":8.0259},{"duration":0}]},{"rotateFrame":[{"tweenEasing":0,"duration":30},{"tweenEasing":0,"duration":20,"rotate":40.0298},{"tweenEasing":0,"duration":30},{"tweenEasing":0,"duration":20,"rotate":-59.597},{"duration":0}],"scaleFrame":[{"tweenEasing":0,"duration":30},{"tweenEasing":0,"duration":20},{"tweenEasing":0,"duration":30},{"tweenEasing":0,"duration":20},{"duration":0}],"name":"tya","translateFrame":[{"tweenEasing":0,"duration":30},{"tweenEasing":0,"duration":20},{"tweenEasing":0,"duration":30},{"tweenEasing":0,"duration":20},{"duration":0}]},{"rotateFrame":[{"tweenEasing":0,"duration":30},{"tweenEasing":0,"duration":20,"rotate":-25.9213},{"tweenEasing":0,"duration":30},{"tweenEasing":0,"duration":20,"rotate":62.4674},{"duration":0}],"scaleFrame":[{"tweenEasing":0,"duration":30},{"tweenEasing":0,"duration":20},{"tweenEasing":0,"duration":30},{"tweenEasing":0,"duration":20},{"duration":0}],"name":"tza","translateFrame":[{"tweenEasing":0,"duration":30},{"tweenEasing":0,"duration":20},{"tweenEasing":0,"duration":30},{"tweenEasing":0,"y":-6.751,"duration":20,"x":-5.9519},{"duration":0}]},{"rotateFrame":[{"tweenEasing":0,"duration":30,"rotate":22.694},{"tweenEasing":0,"duration":20,"rotate":-12.8714},{"tweenEasing":0,"duration":30},{"tweenEasing":0,"duration":20,"rotate":-13.2681},{"duration":0,"rotate":22.694}],"scaleFrame":[{"tweenEasing":0,"duration":30},{"tweenEasing":0,"duration":20},{"tweenEasing":0,"duration":30},{"tweenEasing":0,"duration":20},{"duration":0}],"name":"st1","translateFrame":[{"tweenEasing":0,"duration":30},{"tweenEasing":0,"duration":20},{"tweenEasing":0,"duration":30},{"tweenEasing":0,"duration":20},{"duration":0}]},{"rotateFrame":[{"tweenEasing":0,"duration":30,"rotate":-30.1157},{"tweenEasing":0,"duration":20,"rotate":-31.3489},{"tweenEasing":0,"duration":30},{"tweenEasing":0,"duration":20,"rotate":-31.3489},{"duration":0,"rotate":-30.1157}],"scaleFrame":[{"tweenEasing":0,"duration":30},{"tweenEasing":0,"duration":20},{"tweenEasing":0,"duration":30},{"tweenEasing":0,"duration":20},{"duration":0}],"name":"ha","translateFrame":[{"tweenEasing":0,"duration":30},{"tweenEasing":0,"duration":20},{"tweenEasing":0,"duration":30},{"tweenEasing":0,"duration":20},{"duration":0}]},{"rotateFrame":[{"tweenEasing":0,"duration":30,"rotate":-30.1157},{"tweenEasing":0,"duration":20,"rotate":28.8248},{"tweenEasing":0,"duration":30},{"tweenEasing":0,"duration":20,"rotate":28.8248},{"duration":0,"rotate":-30.1157}],"scaleFrame":[{"tweenEasing":0,"duration":30},{"tweenEasing":0,"duration":20},{"tweenEasing":0,"duration":30},{"tweenEasing":0,"duration":20},{"duration":0}],"name":"sz","translateFrame":[{"tweenEasing":0,"duration":30},{"tweenEasing":0,"duration":20},{"tweenEasing":0,"duration":30},{"tweenEasing":0,"duration":20},{"duration":0}]},{"rotateFrame":[{"tweenEasing":0,"duration":30},{"tweenEasing":0,"duration":20,"rotate":14.4236},{"tweenEasing":0,"duration":30},{"tweenEasing":0,"duration":20,"rotate":15.8588},{"duration":0}],"scaleFrame":[{"tweenEasing":0,"duration":30},{"tweenEasing":0,"duration":20},{"tweenEasing":0,"duration":30},{"tweenEasing":0,"duration":20},{"duration":0}],"name":"tyb","translateFrame":[{"tweenEasing":0,"duration":30},{"tweenEasing":0,"duration":20},{"tweenEasing":0,"duration":30},{"tweenEasing":0,"duration":20},{"duration":0}]},{"rotateFrame":[{"tweenEasing":0,"duration":30,"rotate":-30.1157},{"tweenEasing":0,"duration":20,"rotate":19.7394},{"tweenEasing":0,"duration":30},{"tweenEasing":0,"duration":20,"rotate":19.7394},{"duration":0,"rotate":-30.1157}],"scaleFrame":[{"tweenEasing":0,"duration":30},{"tweenEasing":0,"duration":20},{"tweenEasing":0,"duration":30},{"tweenEasing":0,"duration":20},{"duration":0}],"name":"sy","translateFrame":[{"tweenEasing":0,"duration":30},{"tweenEasing":0,"duration":20},{"tweenEasing":0,"duration":30},{"tweenEasing":0,"duration":20},{"duration":0}]},{"rotateFrame":[{"tweenEasing":0,"duration":30},{"tweenEasing":0,"duration":20},{"tweenEasing":0,"duration":30},{"tweenEasing":0,"duration":20,"rotate":-6.1087},{"duration":0}],"scaleFrame":[{"tweenEasing":0,"duration":30},{"tweenEasing":0,"duration":20},{"tweenEasing":0,"duration":30},{"tweenEasing":0,"duration":20},{"duration":0}],"name":"tzb","translateFrame":[{"tweenEasing":0,"duration":30},{"tweenEasing":0,"duration":20},{"tweenEasing":0,"duration":30},{"tweenEasing":0,"duration":20},{"duration":0}]},{"rotateFrame":[{"tweenEasing":0,"duration":30},{"tweenEasing":0,"duration":20},{"tweenEasing":0,"duration":30},{"tweenEasing":0,"duration":20},{"duration":0}],"scaleFrame":[{"tweenEasing":0,"duration":30},{"tweenEasing":0,"duration":20},{"tweenEasing":0,"duration":30},{"tweenEasing":0,"duration":20},{"duration":0}],"name":"tyc","translateFrame":[{"tweenEasing":0,"duration":30},{"tweenEasing":0,"duration":20},{"tweenEasing":0,"duration":30},{"tweenEasing":0,"duration":20},{"duration":0}]},{"rotateFrame":[{"tweenEasing":0,"duration":30},{"tweenEasing":0,"duration":20},{"tweenEasing":0,"duration":30},{"tweenEasing":0,"duration":20},{"duration":0}],"scaleFrame":[{"tweenEasing":0,"duration":30},{"tweenEasing":0,"duration":20},{"tweenEasing":0,"duration":30},{"tweenEasing":0,"duration":20},{"duration":0}],"name":"tzc","translateFrame":[{"tweenEasing":0,"duration":30},{"tweenEasing":0,"duration":20},{"tweenEasing":0,"duration":30},{"tweenEasing":0,"duration":20},{"duration":0}]}],"slot":[{"displayFrame":[],"colorFrame":[],"name":"sz"},{"displayFrame":[],"colorFrame":[],"name":"tzb"},{"displayFrame":[],"colorFrame":[],"name":"tzc"},{"displayFrame":[],"colorFrame":[],"name":"tza"},{"displayFrame":[],"colorFrame":[],"name":"tyb"},{"displayFrame":[],"colorFrame":[],"name":"tyc"},{"displayFrame":[],"colorFrame":[],"name":"tya"},{"displayFrame":[],"colorFrame":[],"name":"st"},{"displayFrame":[],"colorFrame":[],"name":"sy"},{"displayFrame":[],"colorFrame":[],"name":"ha"}],"ffd":[],"name":"2","playTimes":0}],"type":"Armature","frameRate":60,"bone":[{"name":"root","transform":{}},{"transform":{},"name":"bone","parent":"root"},{"length":54,"transform":{"skY":-89.3692,"y":-126.2,"skX":-89.3692,"x":-1.8},"parent":"bone","name":"st"},{"length":74,"transform":{"skY":-168.8781,"y":-19.5679,"skX":-168.8781,"x":19.6858},"parent":"st","name":"tya"},{"length":82,"transform":{"skY":169.1111,"y":28.516,"skX":169.1111,"x":21.4152},"parent":"st","name":"tza"},{"length":58,"transform":{"skY":-1.7541,"skX":-1.7541,"x":54.5033},"parent":"st","name":"st1"},{"length":81,"transform":{"skY":5.6483,"y":3.5346,"skX":5.6483,"x":60.3923},"parent":"st1","name":"ha"},{"length":71,"transform":{"skY":108.8099,"y":24.2866,"skX":108.8099,"x":42.3497},"parent":"st1","name":"sz"},{"length":37,"transform":{"skY":-13.5855,"y":-4.0932,"skX":-13.5855,"x":83.0064},"parent":"tya","name":"tyb"},{"length":73,"transform":{"skY":115.6318,"y":-27.7289,"skX":115.6318,"x":37.5008},"parent":"st1","name":"sy"},{"length":33,"transform":{"skY":9.2305,"y":0.3445,"skX":9.2305,"x":87.5379},"parent":"tza","name":"tzb"},{"length":31,"transform":{"skY":-91.4849,"y":-1.8786,"skX":-91.4849,"x":52.2868},"parent":"tyb","name":"tyc"},{"length":26,"transform":{"skY":-86.4781,"y":-1.4027,"skX":-86.4781,"x":52.8337},"parent":"tzb","name":"tzc"}],"aabb":{"width":225.00168740598573,"y":-395.99995339695994,"height":406.5000509196991,"x":-70.8999684462719},"ik":[],"name":"9jiangshi"}]}