{"frameRate":60,"isGlobal":0,"name":"jinhua2","version":"5.0","armature":[{"aabb":{"width":328,"y":-249.11255686419676,"height":326,"x":-162.19520443816668},"skin":[{"name":"","slot":[{"display":[{"path":"BY_JSL_01","type":"image","name":"BY_JSL_01","transform":{}}],"name":"BY_JSL_01"}]}],"ik":[],"animation":[{"frame":[],"duration":100,"bone":[{"frame":[{"duration":100,"transform":{}}],"name":"root"},{"frame":[{"duration":100,"transform":{}}],"name":"bone"},{"frame":[{"tweenEasing":0,"duration":34,"transform":{"scY":0.6648,"scX":0.6648}},{"tweenEasing":0,"duration":26,"transform":{"scY":0.6648,"skX":120,"skY":120,"scX":0.6648}},{"tweenEasing":0,"duration":2,"transform":{"scY":0.6648,"skX":217.5,"skY":217.5,"scX":0.6648}},{"tweenEasing":0,"duration":4,"transform":{"scY":1.022,"skX":225,"skY":225,"scX":1.022}},{"tweenEasing":0,"duration":34,"transform":{"scY":1.022,"skX":-120,"skY":-120,"scX":1.022}},{"duration":0,"transform":{"scY":1.022,"scX":1.022}}],"name":"BY_JSL_01"}],"ik":[],"slot":[],"ffd":[],"name":"1-2","playTimes":0},{"frame":[],"duration":100,"bone":[{"frame":[{"duration":100,"transform":{}}],"name":"root"},{"frame":[{"duration":100,"transform":{}}],"name":"bone"},{"frame":[{"tweenEasing":0,"duration":34,"transform":{}},{"tweenEasing":0,"duration":27,"transform":{"skX":120,"skY":120}},{"tweenEasing":0,"duration":2,"transform":{"skX":221.25,"skY":221.25}},{"tweenEasing":0,"duration":3,"transform":{"scY":1.4503,"y":-37.8731,"skX":228.75,"skY":228.75,"scX":1.4503}},{"tweenEasing":0,"duration":34,"transform":{"scY":1.4503,"y":-37.8731,"skX":-120,"skY":-120,"scX":1.4503}},{"duration":0,"transform":{"scY":1.4503,"y":-37.8731,"scX":1.4503}}],"name":"BY_JSL_01"}],"ik":[],"slot":[],"ffd":[],"name":"2-3","playTimes":0},{"frame":[],"duration":100,"bone":[{"frame":[{"duration":100,"transform":{}}],"name":"root"},{"frame":[{"duration":100,"transform":{}}],"name":"bone"},{"frame":[{"tweenEasing":0,"duration":34,"transform":{"scY":0.6648,"scX":0.6648}},{"tweenEasing":0,"duration":32,"transform":{"scY":0.6648,"skX":120,"skY":120,"scX":0.6648}},{"tweenEasing":0,"duration":34,"transform":{"scY":0.6648,"skX":-120,"skY":-120,"scX":0.6648}},{"duration":0,"transform":{"scY":0.6648,"scX":0.6648}}],"name":"BY_JSL_01"}],"ik":[],"slot":[],"ffd":[],"name":"1","playTimes":0},{"frame":[],"duration":100,"bone":[{"frame":[{"duration":100,"transform":{}}],"name":"root"},{"frame":[{"duration":100,"transform":{}}],"name":"bone"},{"frame":[{"tweenEasing":0,"duration":34,"transform":{"scY":1.022,"scX":1.022}},{"tweenEasing":0,"duration":32,"transform":{"scY":1.022,"skX":120,"skY":120,"scX":1.022}},{"tweenEasing":0,"duration":34,"transform":{"scY":1.022,"skX":-120,"skY":-120,"scX":1.022}},{"duration":0,"transform":{"scY":1.022,"scX":1.022}}],"name":"BY_JSL_01"}],"ik":[],"slot":[],"ffd":[],"name":"2","playTimes":0},{"frame":[],"duration":100,"bone":[{"frame":[{"duration":100,"transform":{}}],"name":"root"},{"frame":[{"duration":100,"transform":{}}],"name":"bone"},{"frame":[{"tweenEasing":0,"duration":34,"transform":{"scY":1.4503,"y":-37.8731,"scX":1.4503}},{"tweenEasing":0,"duration":32,"transform":{"scY":1.4503,"y":-37.8731,"skX":120,"skY":120,"scX":1.4503}},{"tweenEasing":0,"duration":34,"transform":{"scY":1.4503,"y":-37.8731,"skX":-120,"skY":-120,"scX":1.4503}},{"duration":0,"transform":{"scY":1.4503,"y":-37.8731,"scX":1.4503}}],"name":"BY_JSL_01"}],"ik":[],"slot":[],"ffd":[],"name":"3","playTimes":0}],"type":"Armature","frameRate":60,"bone":[{"name":"root","transform":{}},{"transform":{},"name":"bone","parent":"root"},{"transform":{"y":-86.1126,"x":1.8048},"name":"BY_JSL_01","parent":"bone"}],"defaultActions":[{"gotoAndPlay":"1-2"}],"slot":[{"name":"BY_JSL_01","parent":"BY_JSL_01","color":{}}],"name":"jinhua2"}]}