{"SubTexture":[{"width":23,"y":96,"height":60,"name":"sza","x":244},{"width":66,"y":1,"height":93,"name":"st","x":244},{"width":91,"y":1,"height":224,"name":"pz","x":151},{"width":39,"y":220,"height":30,"name":"szb","x":265},{"width":29,"y":191,"height":33,"name":"szc","x":324},{"width":19,"y":158,"height":67,"name":"sya","x":244},{"width":35,"y":158,"height":31,"name":"syb","x":288},{"width":36,"y":227,"height":25,"name":"syc","x":142},{"width":16,"y":191,"height":63,"name":"tzb","x":306},{"width":30,"y":226,"height":29,"name":"tzc","x":324},{"width":28,"y":172,"height":56,"name":"tza","x":112},{"width":21,"y":158,"height":60,"name":"tyb","x":265},{"width":26,"y":96,"height":32,"name":"tyc","x":269},{"width":29,"y":172,"height":59,"name":"tya","x":81},{"width":78,"y":172,"height":75,"name":"q","x":1},{"width":148,"y":1,"height":169,"name":"h","x":1}],"width":512,"height":256,"name":"zhenmama","imagePath":"zhenmama_tex.png"}