{"frameRate":60,"isGlobal":0,"name":"zhenmama","version":"5.5","armature":[{"defaultActions":[{"gotoAndPlay":"daiji"}],"skin":[{"name":"","slot":[{"display":[{"path":"q","type":"image","name":"q","transform":{"y":-4.8237,"skX":-83.6068,"skY":-83.6068,"x":27.0535}}],"name":"q"},{"display":[{"path":"syc","type":"image","name":"syc","transform":{"y":-2.3032,"skX":139.1418,"skY":139.1418,"x":16.9473}}],"name":"syc"},{"display":[{"path":"sza","type":"image","name":"sza","transform":{"y":0.2759,"skX":-75.014,"skY":-75.014,"x":27.7527}}],"name":"sza"},{"display":[{"path":"tzc","type":"image","name":"tzc","transform":{"y":-0.8437,"skX":-43.8088,"skY":-43.8088,"x":11.4715}}],"name":"tzc"},{"display":[{"path":"pz","type":"image","name":"pz","transform":{"y":-1.0721,"skX":88.67,"skY":88.67,"x":78.2181}}],"name":"pz"},{"display":[{"path":"tyb","type":"image","name":"tyb","transform":{"y":-1.7239,"skX":-98.8348,"skY":-98.8348,"x":25.2102}}],"name":"tyb"},{"display":[{"path":"szc","type":"image","name":"szc","transform":{"y":-0.7103,"skX":40.3645,"skY":40.3645,"x":14.6399}}],"name":"szc"},{"display":[{"path":"st","type":"image","name":"st","transform":{"y":-2.3893,"skX":93.6568,"skY":93.6568,"x":27.481}}],"name":"st"},{"display":[{"path":"syb","type":"image","name":"syb","transform":{"y":-0.3023,"skX":143.5836,"skY":143.5836,"x":12.6632}}],"name":"syb"},{"display":[{"path":"h","type":"image","name":"h","transform":{"y":-30.923,"skX":91.3048,"skY":91.3048,"x":73.0123}}],"name":"h"},{"display":[{"path":"tzb","type":"image","name":"tzb","transform":{"y":2.7043,"skX":-89.4242,"skY":-89.4242,"x":18.8933}}],"name":"tzb"},{"display":[{"path":"tya","type":"image","name":"tya","transform":{"y":0.2482,"skX":-80.8676,"skY":-80.8676,"x":20.486}}],"name":"tya"},{"display":[{"path":"tza","type":"image","name":"tza","transform":{"y":3.6278,"skX":-96.9662,"skY":-96.9662,"x":21.823}}],"name":"tza"},{"display":[{"path":"szb","type":"image","name":"szb","transform":{"y":0.5379,"skX":30.7799,"skY":30.7799,"x":16.0217}}],"name":"szb"},{"display":[{"path":"tyc","type":"image","name":"tyc","transform":{"y":-1.0043,"skX":-46.2939,"skY":-46.2939,"x":6.9263}}],"name":"tyc"},{"display":[{"path":"sya","type":"image","name":"sya","transform":{"y":0.6789,"skX":-86.2854,"skY":-86.2854,"x":27.1138}}],"name":"sya"}]}],"animation":[{"ik":[],"frame":[],"duration":80,"bone":[{"rotateFrame":[{"tweenEasing":0,"duration":40},{"tweenEasing":0,"duration":40},{"duration":0}],"scaleFrame":[{"tweenEasing":0,"duration":40},{"tweenEasing":0,"duration":40},{"duration":0}],"name":"root","translateFrame":[{"tweenEasing":0,"duration":40},{"tweenEasing":0,"duration":40},{"duration":0}]},{"rotateFrame":[{"tweenEasing":0,"duration":40},{"tweenEasing":0,"duration":40},{"duration":0}],"scaleFrame":[{"tweenEasing":0,"duration":40},{"tweenEasing":0,"duration":40},{"duration":0}],"name":"bone","translateFrame":[{"tweenEasing":0,"duration":40},{"tweenEasing":0,"duration":40},{"duration":0}]},{"rotateFrame":[{"tweenEasing":0,"duration":40},{"tweenEasing":0,"duration":40,"rotate":3.9917},{"duration":0}],"scaleFrame":[{"tweenEasing":0,"duration":40},{"tweenEasing":0,"y":1.05,"duration":40,"x":1.05},{"duration":0}],"name":"st","translateFrame":[{"tweenEasing":0,"duration":40},{"tweenEasing":0,"y":-3.57,"duration":40},{"duration":0}]},{"rotateFrame":[{"tweenEasing":0,"duration":40},{"tweenEasing":0,"duration":40,"rotate":-1.4985},{"duration":0}],"scaleFrame":[{"tweenEasing":0,"duration":40},{"tweenEasing":0,"y":0.95,"duration":40,"x":0.95},{"duration":0}],"name":"sya","translateFrame":[{"tweenEasing":0,"duration":40},{"tweenEasing":0,"duration":40},{"duration":0}]},{"rotateFrame":[{"tweenEasing":0,"duration":40},{"tweenEasing":0,"duration":40,"rotate":-5.0028},{"duration":0}],"scaleFrame":[{"tweenEasing":0,"duration":40},{"tweenEasing":0,"duration":40},{"duration":0}],"name":"syb","translateFrame":[{"tweenEasing":0,"duration":40},{"tweenEasing":0,"duration":40},{"duration":0}]},{"rotateFrame":[{"tweenEasing":0,"duration":40},{"tweenEasing":0,"duration":40},{"duration":0}],"scaleFrame":[{"tweenEasing":0,"duration":40},{"tweenEasing":0,"duration":40},{"duration":0}],"name":"syc","translateFrame":[{"tweenEasing":0,"duration":40},{"tweenEasing":0,"duration":40},{"duration":0}]},{"rotateFrame":[{"tweenEasing":0,"duration":40},{"tweenEasing":0,"duration":40,"rotate":1.1113},{"duration":0}],"scaleFrame":[{"tweenEasing":0,"duration":40},{"tweenEasing":0,"y":0.95,"duration":40,"x":0.95},{"duration":0}],"name":"sza","translateFrame":[{"tweenEasing":0,"duration":40},{"tweenEasing":0,"duration":40},{"duration":0}]},{"rotateFrame":[{"tweenEasing":0,"duration":40},{"tweenEasing":0,"duration":40,"rotate":8.3692},{"duration":0}],"scaleFrame":[{"tweenEasing":0,"duration":40},{"tweenEasing":0,"duration":40},{"duration":0}],"name":"szb","translateFrame":[{"tweenEasing":0,"duration":40},{"tweenEasing":0,"duration":40},{"duration":0}]},{"rotateFrame":[{"tweenEasing":0,"duration":40},{"tweenEasing":0,"duration":40},{"duration":0}],"scaleFrame":[{"tweenEasing":0,"duration":40},{"tweenEasing":0,"duration":40},{"duration":0}],"name":"szc","translateFrame":[{"tweenEasing":0,"duration":40},{"tweenEasing":0,"duration":40},{"duration":0}]},{"rotateFrame":[{"tweenEasing":0,"duration":40},{"tweenEasing":0,"duration":40},{"duration":0}],"scaleFrame":[{"tweenEasing":0,"duration":40},{"tweenEasing":0,"y":0.95,"duration":40,"x":0.95},{"duration":0}],"name":"h","translateFrame":[{"tweenEasing":0,"duration":40},{"tweenEasing":0,"duration":40},{"duration":0}]},{"rotateFrame":[{"tweenEasing":0,"duration":40},{"tweenEasing":0,"duration":40},{"duration":0}],"scaleFrame":[{"tweenEasing":0,"duration":40},{"tweenEasing":0,"duration":40},{"duration":0}],"name":"q","translateFrame":[{"tweenEasing":0,"duration":40},{"tweenEasing":0,"y":-2.55,"duration":40},{"duration":0}]},{"rotateFrame":[{"tweenEasing":0,"duration":40},{"tweenEasing":0,"duration":40},{"duration":0}],"scaleFrame":[{"tweenEasing":0,"duration":40},{"tweenEasing":0,"duration":40},{"duration":0}],"name":"tya","translateFrame":[{"tweenEasing":0,"duration":40},{"tweenEasing":0,"y":0.1704,"duration":40,"x":1.5205},{"duration":0}]},{"rotateFrame":[{"tweenEasing":0,"duration":40},{"tweenEasing":0,"duration":40},{"duration":0}],"scaleFrame":[{"tweenEasing":0,"duration":40},{"tweenEasing":0,"duration":40},{"duration":0}],"name":"tyb","translateFrame":[{"tweenEasing":0,"duration":40},{"tweenEasing":0,"y":0.1619,"duration":40,"x":1.0071},{"duration":0}]},{"rotateFrame":[{"tweenEasing":0,"duration":40},{"tweenEasing":0,"duration":40},{"duration":0}],"scaleFrame":[{"tweenEasing":0,"duration":40},{"tweenEasing":0,"duration":40},{"duration":0}],"name":"tyc","translateFrame":[{"tweenEasing":0,"duration":40},{"tweenEasing":0,"duration":40},{"duration":0}]},{"rotateFrame":[{"tweenEasing":0,"duration":40},{"tweenEasing":0,"duration":40},{"duration":0}],"scaleFrame":[{"tweenEasing":0,"duration":40},{"tweenEasing":0,"duration":40},{"duration":0}],"name":"tza","translateFrame":[{"tweenEasing":0,"duration":40},{"tweenEasing":0,"y":0.1704,"duration":40,"x":1.5205},{"duration":0}]},{"rotateFrame":[{"tweenEasing":0,"duration":40},{"tweenEasing":0,"duration":40},{"duration":0}],"scaleFrame":[{"tweenEasing":0,"duration":40},{"tweenEasing":0,"duration":40},{"duration":0}],"name":"tzb","translateFrame":[{"tweenEasing":0,"duration":40},{"tweenEasing":0,"y":-0.1237,"duration":40,"x":1.0125},{"duration":0}]},{"rotateFrame":[{"tweenEasing":0,"duration":40},{"tweenEasing":0,"duration":40},{"duration":0}],"scaleFrame":[{"tweenEasing":0,"duration":40},{"tweenEasing":0,"duration":40},{"duration":0}],"name":"tzc","translateFrame":[{"tweenEasing":0,"duration":40},{"tweenEasing":0,"duration":40},{"duration":0}]},{"rotateFrame":[{"duration":80}],"scaleFrame":[{"duration":80}],"name":"pz","translateFrame":[{"duration":80}]}],"slot":[{"colorFrame":[],"displayFrame":[],"name":"sza"},{"colorFrame":[],"displayFrame":[],"name":"st"},{"colorFrame":[],"displayFrame":[],"name":"pz"},{"colorFrame":[],"displayFrame":[],"name":"szb"},{"colorFrame":[],"displayFrame":[],"name":"szc"},{"colorFrame":[],"displayFrame":[],"name":"sya"},{"colorFrame":[],"displayFrame":[],"name":"syb"},{"colorFrame":[],"displayFrame":[],"name":"syc"},{"colorFrame":[],"displayFrame":[],"name":"tzb"},{"colorFrame":[],"displayFrame":[],"name":"tzc"},{"colorFrame":[],"displayFrame":[],"name":"tza"},{"colorFrame":[],"displayFrame":[],"name":"tyb"},{"colorFrame":[],"displayFrame":[],"name":"tyc"},{"colorFrame":[],"displayFrame":[],"name":"tya"},{"colorFrame":[],"displayFrame":[],"name":"q"},{"colorFrame":[],"displayFrame":[],"name":"h"}],"ffd":[],"name":"daiji","playTimes":0},{"ik":[],"frame":[],"duration":55,"bone":[{"rotateFrame":[{"tweenEasing":0,"duration":20},{"tweenEasing":0,"duration":15},{"tweenEasing":0,"duration":9},{"duration":11}],"scaleFrame":[{"tweenEasing":0,"duration":20},{"tweenEasing":0,"duration":15},{"tweenEasing":0,"duration":9},{"duration":11}],"name":"root","translateFrame":[{"tweenEasing":0,"duration":20},{"tweenEasing":0,"duration":15},{"tweenEasing":0,"duration":9},{"duration":11}]},{"rotateFrame":[{"tweenEasing":0,"duration":20},{"tweenEasing":0,"duration":15},{"tweenEasing":0,"duration":9},{"duration":11}],"scaleFrame":[{"tweenEasing":0,"duration":20},{"tweenEasing":0,"duration":15},{"tweenEasing":0,"duration":9},{"duration":11}],"name":"bone","translateFrame":[{"tweenEasing":0,"duration":20},{"tweenEasing":0,"duration":15},{"tweenEasing":0,"duration":9},{"duration":11}]},{"rotateFrame":[{"tweenEasing":0,"duration":10},{"tweenEasing":0,"duration":10,"rotate":9.5359},{"tweenEasing":0,"duration":15},{"tweenEasing":0,"duration":2,"rotate":-15.1995},{"tweenEasing":0,"duration":7,"rotate":22.3651},{"tweenEasing":0,"duration":11,"rotate":7.6304},{"duration":0}],"scaleFrame":[{"tweenEasing":0,"duration":10},{"tweenEasing":0,"duration":10},{"tweenEasing":0,"duration":15},{"tweenEasing":0,"duration":2},{"tweenEasing":0,"duration":7},{"tweenEasing":0,"duration":11},{"duration":0}],"name":"st","translateFrame":[{"tweenEasing":0,"duration":10},{"tweenEasing":0,"y":2.65,"duration":10},{"tweenEasing":0,"duration":15},{"tweenEasing":0,"duration":2},{"tweenEasing":0,"duration":7},{"tweenEasing":0,"duration":11},{"duration":0}]},{"rotateFrame":[{"tweenEasing":0,"duration":10},{"tweenEasing":0,"duration":10},{"tweenEasing":0,"duration":15},{"tweenEasing":0,"duration":9},{"duration":11}],"scaleFrame":[{"tweenEasing":0,"duration":10},{"tweenEasing":0,"duration":10},{"tweenEasing":0,"duration":15},{"tweenEasing":0,"duration":9},{"duration":11}],"name":"q","translateFrame":[{"tweenEasing":0,"duration":10},{"tweenEasing":0,"y":2.65,"duration":10},{"tweenEasing":0,"duration":15},{"tweenEasing":0,"duration":9},{"duration":11}]},{"rotateFrame":[{"tweenEasing":0,"duration":11},{"tweenEasing":0,"duration":9,"rotate":13.7396},{"tweenEasing":0,"duration":15},{"tweenEasing":0,"duration":2,"rotate":-91.6916},{"tweenEasing":0,"duration":7,"rotate":-25.9605},{"tweenEasing":0,"duration":11,"rotate":-40.6952},{"duration":0}],"scaleFrame":[{"tweenEasing":0,"duration":11},{"tweenEasing":0,"duration":9},{"tweenEasing":0,"duration":15},{"tweenEasing":0,"duration":2},{"tweenEasing":0,"duration":7},{"tweenEasing":0,"duration":11},{"duration":0}],"name":"sza","translateFrame":[{"tweenEasing":0,"duration":11},{"tweenEasing":0,"duration":9},{"tweenEasing":0,"duration":15},{"tweenEasing":0,"duration":2},{"tweenEasing":0,"duration":7},{"tweenEasing":0,"duration":11},{"duration":0}]},{"rotateFrame":[{"tweenEasing":0,"duration":11},{"tweenEasing":0,"duration":9,"rotate":1.6589},{"tweenEasing":0,"duration":15},{"tweenEasing":0,"duration":2,"rotate":-3.6967},{"tweenEasing":0,"duration":7,"rotate":3.3619},{"duration":11,"rotate":3.3619}],"scaleFrame":[{"tweenEasing":0,"duration":11},{"tweenEasing":0,"duration":9},{"tweenEasing":0,"duration":15},{"tweenEasing":0,"duration":2},{"tweenEasing":0,"duration":7},{"duration":11}],"name":"h","translateFrame":[{"tweenEasing":0,"duration":11},{"tweenEasing":0,"duration":9},{"tweenEasing":0,"duration":15},{"tweenEasing":0,"duration":2},{"tweenEasing":0,"duration":7},{"duration":11}]},{"rotateFrame":[{"tweenEasing":0,"duration":11},{"tweenEasing":0,"duration":9,"rotate":-8.4638},{"tweenEasing":0,"duration":15},{"tweenEasing":0,"duration":2,"rotate":36.2527},{"tweenEasing":0,"duration":7,"rotate":37.5646},{"tweenEasing":0,"duration":11,"rotate":22.8299},{"duration":0}],"scaleFrame":[{"tweenEasing":0,"duration":11},{"tweenEasing":0,"duration":9},{"tweenEasing":0,"duration":15},{"tweenEasing":0,"duration":2},{"tweenEasing":0,"duration":7},{"tweenEasing":0,"duration":11},{"duration":0}],"name":"sya","translateFrame":[{"tweenEasing":0,"duration":11},{"tweenEasing":0,"duration":9},{"tweenEasing":0,"duration":15},{"tweenEasing":0,"duration":2},{"tweenEasing":0,"duration":7},{"tweenEasing":0,"duration":11},{"duration":0}]},{"rotateFrame":[{"tweenEasing":0,"duration":10},{"tweenEasing":0,"duration":10,"rotate":7.3489},{"tweenEasing":0,"duration":15},{"tweenEasing":0,"duration":9},{"duration":11}],"scaleFrame":[{"tweenEasing":0,"duration":10},{"tweenEasing":0,"duration":10},{"tweenEasing":0,"duration":15},{"tweenEasing":0,"duration":9},{"duration":11}],"name":"tya","translateFrame":[{"tweenEasing":0,"duration":10},{"tweenEasing":0,"duration":10},{"tweenEasing":0,"duration":15},{"tweenEasing":0,"duration":9},{"duration":11}]},{"rotateFrame":[{"tweenEasing":0,"duration":10},{"tweenEasing":0,"duration":10,"rotate":-11.4959},{"tweenEasing":0,"duration":15},{"tweenEasing":0,"duration":9},{"duration":11}],"scaleFrame":[{"tweenEasing":0,"duration":10},{"tweenEasing":0,"duration":10},{"tweenEasing":0,"duration":15},{"tweenEasing":0,"duration":9},{"duration":11}],"name":"tza","translateFrame":[{"tweenEasing":0,"duration":10},{"tweenEasing":0,"duration":10},{"tweenEasing":0,"duration":15},{"tweenEasing":0,"duration":9},{"duration":11}]},{"rotateFrame":[{"tweenEasing":0,"duration":11},{"tweenEasing":0,"duration":9,"rotate":55.7583},{"tweenEasing":0,"duration":1},{"tweenEasing":0,"duration":14,"rotate":-1.4215},{"tweenEasing":0,"duration":2,"rotate":-21.3223},{"tweenEasing":0,"duration":7,"rotate":87.0935},{"tweenEasing":0,"duration":11,"rotate":72.3587},{"duration":0}],"scaleFrame":[{"tweenEasing":0,"duration":11},{"tweenEasing":0,"duration":9},{"tweenEasing":0,"duration":1},{"tweenEasing":0,"y":-1,"duration":14,"x":0.95},{"tweenEasing":0,"y":-1,"duration":2,"x":0.95},{"tweenEasing":0,"y":-1,"duration":7,"x":0.95},{"tweenEasing":0,"y":-1,"duration":11,"x":0.95},{"duration":0}],"name":"szb","translateFrame":[{"tweenEasing":0,"duration":11},{"tweenEasing":0,"duration":9},{"tweenEasing":0,"duration":1},{"tweenEasing":0,"duration":14},{"tweenEasing":0,"duration":2},{"tweenEasing":0,"duration":7},{"tweenEasing":0,"duration":11},{"duration":0}]},{"rotateFrame":[{"tweenEasing":0,"duration":20},{"tweenEasing":0,"duration":15},{"tweenEasing":0,"duration":9},{"duration":11}],"scaleFrame":[{"tweenEasing":0,"duration":20},{"tweenEasing":0,"duration":15},{"tweenEasing":0,"duration":9},{"duration":11}],"name":"tyb","translateFrame":[{"tweenEasing":0,"duration":20},{"tweenEasing":0,"duration":15},{"tweenEasing":0,"duration":9},{"duration":11}]},{"rotateFrame":[{"tweenEasing":0,"duration":11},{"tweenEasing":0,"duration":9,"rotate":19.5989},{"tweenEasing":0,"duration":15},{"tweenEasing":0,"duration":2,"rotate":74.2673},{"tweenEasing":0,"duration":7,"rotate":53.8417},{"tweenEasing":0,"duration":11,"rotate":39.107},{"duration":0}],"scaleFrame":[{"tweenEasing":0,"duration":11},{"tweenEasing":0,"duration":9},{"tweenEasing":0,"duration":15},{"tweenEasing":0,"duration":2},{"tweenEasing":0,"duration":7},{"tweenEasing":0,"duration":11},{"duration":0}],"name":"syb","translateFrame":[{"tweenEasing":0,"duration":11},{"tweenEasing":0,"duration":9},{"tweenEasing":0,"duration":15},{"tweenEasing":0,"duration":2},{"tweenEasing":0,"duration":7},{"tweenEasing":0,"duration":11},{"duration":0}]},{"rotateFrame":[{"tweenEasing":0,"duration":10},{"tweenEasing":0,"duration":10,"rotate":17.073},{"tweenEasing":0,"duration":15},{"tweenEasing":0,"duration":9},{"duration":11}],"scaleFrame":[{"tweenEasing":0,"duration":10},{"tweenEasing":0,"duration":10},{"tweenEasing":0,"duration":15},{"tweenEasing":0,"duration":9},{"duration":11}],"name":"tzb","translateFrame":[{"tweenEasing":0,"duration":10},{"tweenEasing":0,"duration":10},{"tweenEasing":0,"duration":15},{"tweenEasing":0,"duration":9},{"duration":11}]},{"rotateFrame":[{"tweenEasing":0,"duration":20},{"tweenEasing":0,"duration":15},{"tweenEasing":0,"duration":9},{"duration":11}],"scaleFrame":[{"tweenEasing":0,"duration":20},{"tweenEasing":0,"duration":15},{"tweenEasing":0,"duration":9},{"duration":11}],"name":"tyc","translateFrame":[{"tweenEasing":0,"duration":20},{"tweenEasing":0,"duration":15},{"tweenEasing":0,"duration":9},{"duration":11}]},{"rotateFrame":[{"tweenEasing":0,"duration":20},{"tweenEasing":0,"duration":15},{"tweenEasing":0,"duration":2},{"tweenEasing":0,"duration":7,"rotate":37.5646},{"duration":11,"rotate":37.5646}],"scaleFrame":[{"tweenEasing":0,"duration":20},{"tweenEasing":0,"duration":15},{"tweenEasing":0,"duration":2},{"tweenEasing":0,"duration":7},{"duration":11}],"name":"szc","translateFrame":[{"tweenEasing":0,"duration":20},{"tweenEasing":0,"duration":15},{"tweenEasing":0,"duration":2},{"tweenEasing":0,"duration":7},{"duration":11}]},{"rotateFrame":[{"tweenEasing":0,"duration":20},{"tweenEasing":0,"duration":15},{"tweenEasing":0,"duration":2},{"tweenEasing":0,"duration":7,"rotate":37.5646},{"tweenEasing":0,"duration":11,"rotate":22.8299},{"duration":0}],"scaleFrame":[{"tweenEasing":0,"duration":20},{"tweenEasing":0,"duration":15},{"tweenEasing":0,"duration":2},{"tweenEasing":0,"duration":7},{"tweenEasing":0,"duration":11},{"duration":0}],"name":"syc","translateFrame":[{"tweenEasing":0,"duration":20},{"tweenEasing":0,"duration":15},{"tweenEasing":0,"duration":2},{"tweenEasing":0,"duration":7},{"tweenEasing":0,"duration":11},{"duration":0}]},{"rotateFrame":[{"tweenEasing":0,"duration":20},{"tweenEasing":0,"duration":15},{"tweenEasing":0,"duration":9},{"duration":11}],"scaleFrame":[{"tweenEasing":0,"duration":20},{"tweenEasing":0,"duration":15},{"tweenEasing":0,"duration":9},{"duration":11}],"name":"tzc","translateFrame":[{"tweenEasing":0,"duration":20},{"tweenEasing":0,"duration":15},{"tweenEasing":0,"duration":9},{"duration":11}]},{"rotateFrame":[{"tweenEasing":0,"duration":11,"rotate":-12.0066},{"tweenEasing":0,"duration":9,"rotate":153.6409},{"tweenEasing":0,"duration":15,"rotate":-6.114},{"tweenEasing":0,"duration":2,"rotate":-6.114},{"tweenEasing":0,"duration":7,"rotate":-16.271},{"duration":11,"rotate":-16.271}],"scaleFrame":[{"tweenEasing":0,"duration":11},{"tweenEasing":0,"y":0.5,"duration":9,"x":0.5},{"tweenEasing":0,"duration":15},{"tweenEasing":0,"duration":2},{"tweenEasing":0,"duration":7},{"duration":11}],"name":"pz","translateFrame":[{"tweenEasing":0,"duration":11},{"tweenEasing":0,"duration":9},{"tweenEasing":0,"duration":15},{"tweenEasing":0,"duration":2},{"tweenEasing":0,"duration":7},{"duration":11}]}],"slot":[{"colorFrame":[{"duration":11},{"duration":44}],"displayFrame":[{"value":-1,"duration":11},{"duration":44}],"name":"pz"},{"colorFrame":[],"displayFrame":[],"name":"sza"},{"colorFrame":[],"displayFrame":[],"name":"st"},{"colorFrame":[],"displayFrame":[],"name":"szb"},{"colorFrame":[],"displayFrame":[],"name":"szc"},{"colorFrame":[],"displayFrame":[],"name":"sya"},{"colorFrame":[],"displayFrame":[],"name":"syb"},{"colorFrame":[],"displayFrame":[],"name":"syc"},{"colorFrame":[],"displayFrame":[],"name":"tzb"},{"colorFrame":[],"displayFrame":[],"name":"tzc"},{"colorFrame":[],"displayFrame":[],"name":"tza"},{"colorFrame":[],"displayFrame":[],"name":"tyb"},{"colorFrame":[],"displayFrame":[],"name":"tyc"},{"colorFrame":[],"displayFrame":[],"name":"tya"},{"colorFrame":[],"displayFrame":[],"name":"q"},{"colorFrame":[],"displayFrame":[],"name":"h"}],"ffd":[],"name":"da","playTimes":0},{"ik":[],"frame":[],"duration":79,"bone":[{"rotateFrame":[{"tweenEasing":0,"duration":30},{"curve":[0,0,0.5,1],"duration":15},{"curve":[0.5,0,1,1],"duration":15},{"tweenEasing":0,"duration":3},{"tweenEasing":0,"duration":7},{"tweenEasing":0,"duration":9},{"duration":0}],"scaleFrame":[{"tweenEasing":0,"duration":30},{"duration":15,"curve":[0,0,0.5,1]},{"duration":15,"curve":[0.5,0,1,1]},{"tweenEasing":0,"duration":3},{"tweenEasing":0,"duration":7},{"tweenEasing":0,"duration":9},{"duration":0}],"name":"root","translateFrame":[{"tweenEasing":0,"duration":30},{"duration":15,"curve":[0,0,0.5,1]},{"duration":15,"curve":[0.5,0,1,1]},{"tweenEasing":0,"duration":3},{"tweenEasing":0,"duration":7},{"tweenEasing":0,"duration":9},{"duration":0}]},{"rotateFrame":[{"tweenEasing":0,"duration":30},{"curve":[0,0,0.5,1],"duration":15},{"curve":[0.5,0,1,1],"duration":15},{"tweenEasing":0,"duration":3},{"tweenEasing":0,"duration":7},{"tweenEasing":0,"duration":9},{"duration":0}],"scaleFrame":[{"tweenEasing":0,"duration":30},{"duration":15,"curve":[0,0,0.5,1]},{"duration":15,"curve":[0.5,0,1,1]},{"tweenEasing":0,"duration":3},{"tweenEasing":0,"duration":7},{"tweenEasing":0,"duration":9},{"duration":0}],"name":"bone","translateFrame":[{"tweenEasing":0,"duration":30},{"duration":15,"curve":[0,0,0.5,1]},{"duration":15,"curve":[0.5,0,1,1]},{"tweenEasing":0,"duration":3},{"tweenEasing":0,"duration":7},{"tweenEasing":0,"duration":9},{"duration":0}]},{"rotateFrame":[{"tweenEasing":0,"duration":30},{"curve":[0,0,0.5,1],"duration":15,"rotate":25.7633},{"curve":[0.5,0,1,1],"duration":15,"rotate":-4.9622},{"tweenEasing":0,"duration":3,"rotate":-4.9622},{"tweenEasing":0,"duration":7,"rotate":3.4629},{"tweenEasing":0,"duration":9},{"duration":0}],"scaleFrame":[{"tweenEasing":0,"duration":30},{"duration":15,"curve":[0,0,0.5,1]},{"duration":15,"curve":[0.5,0,1,1]},{"tweenEasing":0,"duration":3},{"tweenEasing":0,"duration":7},{"tweenEasing":0,"duration":9},{"duration":0}],"name":"st","translateFrame":[{"tweenEasing":0,"duration":30},{"y":11.7331,"duration":15,"curve":[0,0,0.5,1]},{"y":-58.078,"duration":15,"curve":[0.5,0,1,1]},{"tweenEasing":0,"y":-11.8323,"duration":3},{"tweenEasing":0,"y":3.44,"duration":7},{"tweenEasing":0,"duration":9},{"duration":0}]},{"rotateFrame":[{"tweenEasing":0,"duration":30},{"curve":[0,0,0.5,1],"duration":15,"rotate":10.269},{"curve":[0.5,0,1,1],"duration":15},{"tweenEasing":0,"duration":3},{"tweenEasing":0,"duration":7},{"tweenEasing":0,"duration":9},{"duration":0}],"scaleFrame":[{"tweenEasing":0,"duration":30},{"duration":15,"curve":[0,0,0.5,1]},{"duration":15,"curve":[0.5,0,1,1]},{"tweenEasing":0,"duration":3},{"tweenEasing":0,"duration":7},{"tweenEasing":0,"duration":9},{"duration":0}],"name":"q","translateFrame":[{"tweenEasing":0,"duration":30},{"y":11.7331,"duration":15,"curve":[0,0,0.5,1]},{"y":-58.078,"duration":15,"curve":[0.5,0,1,1]},{"tweenEasing":0,"y":-11.8323,"duration":3},{"tweenEasing":0,"duration":7},{"tweenEasing":0,"duration":9},{"duration":0}]},{"rotateFrame":[{"tweenEasing":0,"duration":30},{"curve":[0,0,0.5,1],"duration":15,"rotate":4.5063},{"curve":[0.5,0,1,1],"duration":15,"rotate":-137.2612},{"tweenEasing":0,"duration":10,"rotate":-137.2612},{"tweenEasing":0,"duration":9},{"duration":0}],"scaleFrame":[{"tweenEasing":0,"duration":30},{"duration":15,"curve":[0,0,0.5,1]},{"duration":15,"curve":[0.5,0,1,1]},{"tweenEasing":0,"duration":10},{"tweenEasing":0,"duration":9},{"duration":0}],"name":"sza","translateFrame":[{"tweenEasing":0,"duration":30},{"duration":15,"curve":[0,0,0.5,1]},{"duration":15,"curve":[0.5,0,1,1]},{"tweenEasing":0,"duration":10},{"tweenEasing":0,"duration":9},{"duration":0}]},{"rotateFrame":[{"tweenEasing":0,"duration":30},{"curve":[0,0,0.5,1],"duration":15,"rotate":4.7871},{"curve":[0.5,0,1,1],"duration":15},{"tweenEasing":0,"duration":3},{"tweenEasing":0,"duration":7},{"tweenEasing":0,"duration":9},{"duration":0}],"scaleFrame":[{"tweenEasing":0,"duration":30},{"duration":15,"curve":[0,0,0.5,1]},{"duration":15,"curve":[0.5,0,1,1]},{"tweenEasing":0,"duration":3},{"tweenEasing":0,"duration":7},{"tweenEasing":0,"duration":9},{"duration":0}],"name":"h","translateFrame":[{"tweenEasing":0,"duration":30},{"duration":15,"curve":[0,0,0.5,1]},{"duration":15,"curve":[0.5,0,1,1]},{"tweenEasing":0,"duration":3},{"tweenEasing":0,"duration":7},{"tweenEasing":0,"duration":9},{"duration":0}]},{"rotateFrame":[{"tweenEasing":0,"duration":30},{"curve":[0,0,0.5,1],"duration":15,"rotate":-11.4125},{"curve":[0.5,0,1,1],"duration":15,"rotate":31.1886},{"tweenEasing":0,"duration":3,"rotate":31.1886},{"tweenEasing":0,"duration":7},{"tweenEasing":0,"duration":9},{"duration":0}],"scaleFrame":[{"tweenEasing":0,"duration":30},{"duration":15,"curve":[0,0,0.5,1]},{"duration":15,"curve":[0.5,0,1,1]},{"tweenEasing":0,"duration":3},{"tweenEasing":0,"duration":7},{"tweenEasing":0,"duration":9},{"duration":0}],"name":"sya","translateFrame":[{"tweenEasing":0,"duration":30},{"duration":15,"curve":[0,0,0.5,1]},{"duration":15,"curve":[0.5,0,1,1]},{"tweenEasing":0,"duration":3},{"tweenEasing":0,"duration":7},{"tweenEasing":0,"duration":9},{"duration":0}]},{"rotateFrame":[{"tweenEasing":0,"duration":30},{"curve":[0,0,0.5,1],"duration":15,"rotate":-23.0594},{"curve":[0.5,0,1,1],"duration":15,"rotate":-3.6316},{"tweenEasing":0,"duration":3,"rotate":-3.6316},{"tweenEasing":0,"duration":7},{"tweenEasing":0,"duration":9},{"duration":0}],"scaleFrame":[{"tweenEasing":0,"duration":30},{"duration":15,"curve":[0,0,0.5,1]},{"duration":15,"curve":[0.5,0,1,1]},{"tweenEasing":0,"duration":3},{"tweenEasing":0,"duration":7},{"tweenEasing":0,"duration":9},{"duration":0}],"name":"tya","translateFrame":[{"tweenEasing":0,"duration":30},{"duration":15,"curve":[0,0,0.5,1]},{"duration":15,"curve":[0.5,0,1,1]},{"tweenEasing":0,"duration":3},{"tweenEasing":0,"y":0.2873,"duration":7,"x":2.564},{"tweenEasing":0,"duration":9},{"duration":0}]},{"rotateFrame":[{"tweenEasing":0,"duration":30},{"curve":[0,0,0.5,1],"duration":15,"rotate":-43.6718},{"curve":[0.5,0,1,1],"duration":15,"rotate":-22.2495},{"tweenEasing":0,"duration":3,"rotate":-22.2495},{"tweenEasing":0,"duration":7},{"tweenEasing":0,"duration":9},{"duration":0}],"scaleFrame":[{"tweenEasing":0,"duration":30},{"duration":15,"curve":[0,0,0.5,1]},{"duration":15,"curve":[0.5,0,1,1]},{"tweenEasing":0,"duration":3},{"tweenEasing":0,"duration":7},{"tweenEasing":0,"duration":9},{"duration":0}],"name":"tza","translateFrame":[{"tweenEasing":0,"duration":30},{"y":0.7844,"duration":15,"curve":[0,0,0.5,1],"x":-3.6887},{"duration":15,"curve":[0.5,0,1,1]},{"tweenEasing":0,"duration":3},{"tweenEasing":0,"y":0.2873,"duration":7,"x":2.564},{"tweenEasing":0,"duration":9},{"duration":0}]},{"rotateFrame":[{"tweenEasing":0,"duration":30},{"curve":[0,0,0.5,1],"duration":15,"rotate":-42.1107},{"curve":[0.5,0,1,1],"duration":15,"rotate":92.3648},{"tweenEasing":0,"duration":10,"rotate":92.3648},{"tweenEasing":0,"duration":9,"rotate":-2.0941},{"duration":0}],"scaleFrame":[{"tweenEasing":0,"duration":30},{"duration":15,"curve":[0,0,0.5,1]},{"duration":15,"curve":[0.5,0,1,1]},{"tweenEasing":0,"duration":10},{"tweenEasing":0,"duration":9},{"duration":0}],"name":"szb","translateFrame":[{"tweenEasing":0,"duration":30},{"duration":15,"curve":[0,0,0.5,1]},{"duration":15,"curve":[0.5,0,1,1]},{"tweenEasing":0,"duration":10},{"tweenEasing":0,"duration":9},{"duration":0}]},{"rotateFrame":[{"tweenEasing":0,"duration":30},{"curve":[0,0,0.5,1],"duration":15,"rotate":33.3886},{"curve":[0.5,0,1,1],"duration":15,"rotate":70.2744},{"tweenEasing":0,"duration":3,"rotate":70.2744},{"tweenEasing":0,"duration":7},{"tweenEasing":0,"duration":9},{"duration":0}],"scaleFrame":[{"tweenEasing":0,"duration":30},{"duration":15,"curve":[0,0,0.5,1]},{"duration":15,"curve":[0.5,0,1,1]},{"tweenEasing":0,"duration":3},{"tweenEasing":0,"duration":7},{"tweenEasing":0,"duration":9},{"duration":0}],"name":"tyb","translateFrame":[{"tweenEasing":0,"duration":30},{"duration":15,"curve":[0,0,0.5,1]},{"duration":15,"curve":[0.5,0,1,1]},{"tweenEasing":0,"duration":3},{"tweenEasing":0,"y":-0.4095,"duration":7,"x":-2.5473},{"tweenEasing":0,"duration":9},{"duration":0}]},{"rotateFrame":[{"tweenEasing":0,"duration":30},{"curve":[0,0,0.5,1],"duration":15,"rotate":29.6762},{"curve":[0.5,0,1,1],"duration":15,"rotate":-30.0828},{"tweenEasing":0,"duration":3,"rotate":-30.0828},{"tweenEasing":0,"duration":7,"rotate":5.0036},{"tweenEasing":0,"duration":9},{"duration":0}],"scaleFrame":[{"tweenEasing":0,"duration":30},{"duration":15,"curve":[0,0,0.5,1]},{"duration":15,"curve":[0.5,0,1,1]},{"tweenEasing":0,"duration":3},{"tweenEasing":0,"duration":7},{"tweenEasing":0,"duration":9},{"duration":0}],"name":"syb","translateFrame":[{"tweenEasing":0,"duration":30},{"duration":15,"curve":[0,0,0.5,1]},{"duration":15,"curve":[0.5,0,1,1]},{"tweenEasing":0,"duration":3},{"tweenEasing":0,"duration":7},{"tweenEasing":0,"duration":9},{"duration":0}]},{"rotateFrame":[{"tweenEasing":0,"duration":30},{"curve":[0,0,0.5,1],"duration":15,"rotate":69.8474},{"curve":[0.5,0,1,1],"duration":15,"rotate":120.2549},{"tweenEasing":0,"duration":3,"rotate":120.2549},{"tweenEasing":0,"duration":7},{"tweenEasing":0,"duration":9},{"duration":0}],"scaleFrame":[{"tweenEasing":0,"duration":30},{"duration":15,"curve":[0,0,0.5,1]},{"duration":15,"curve":[0.5,0,1,1]},{"tweenEasing":0,"duration":3},{"tweenEasing":0,"duration":7},{"tweenEasing":0,"duration":9},{"duration":0}],"name":"tzb","translateFrame":[{"tweenEasing":0,"duration":30},{"y":4.0162,"duration":15,"curve":[0,0,0.5,1],"x":-1.4401},{"y":6.8401,"duration":15,"curve":[0.5,0,1,1],"x":-4.565},{"tweenEasing":0,"y":6.8401,"duration":3,"x":-4.565},{"tweenEasing":0,"y":0.4172,"duration":7,"x":-3.4146},{"tweenEasing":0,"duration":9},{"duration":0}]},{"rotateFrame":[{"tweenEasing":0,"duration":30},{"curve":[0,0,0.5,1],"duration":15},{"curve":[0.5,0,1,1],"duration":15},{"tweenEasing":0,"duration":3},{"tweenEasing":0,"duration":7},{"tweenEasing":0,"duration":9},{"duration":0}],"scaleFrame":[{"tweenEasing":0,"duration":30},{"duration":15,"curve":[0,0,0.5,1]},{"duration":15,"curve":[0.5,0,1,1]},{"tweenEasing":0,"duration":3},{"tweenEasing":0,"duration":7},{"tweenEasing":0,"duration":9},{"duration":0}],"name":"syc","translateFrame":[{"tweenEasing":0,"duration":30},{"duration":15,"curve":[0,0,0.5,1]},{"duration":15,"curve":[0.5,0,1,1]},{"tweenEasing":0,"duration":3},{"tweenEasing":0,"duration":7},{"tweenEasing":0,"duration":9},{"duration":0}]},{"rotateFrame":[{"tweenEasing":0,"duration":30},{"curve":[0,0,0.5,1],"duration":15},{"curve":[0.5,0,1,1],"duration":15},{"tweenEasing":0,"duration":10},{"tweenEasing":0,"duration":9},{"duration":0}],"scaleFrame":[{"tweenEasing":0,"duration":30},{"duration":15,"curve":[0,0,0.5,1]},{"duration":15,"curve":[0.5,0,1,1]},{"tweenEasing":0,"duration":10},{"tweenEasing":0,"duration":9},{"duration":0}],"name":"szc","translateFrame":[{"tweenEasing":0,"duration":30},{"duration":15,"curve":[0,0,0.5,1]},{"duration":15,"curve":[0.5,0,1,1]},{"tweenEasing":0,"duration":10},{"tweenEasing":0,"duration":9},{"duration":0}]},{"rotateFrame":[{"tweenEasing":0,"duration":30},{"curve":[0,0,0.5,1],"duration":15,"rotate":-24.9829},{"curve":[0.5,0,1,1],"duration":15},{"tweenEasing":0,"duration":3},{"tweenEasing":0,"duration":7},{"tweenEasing":0,"duration":9},{"duration":0}],"scaleFrame":[{"tweenEasing":0,"duration":30},{"duration":15,"curve":[0,0,0.5,1]},{"duration":15,"curve":[0.5,0,1,1]},{"tweenEasing":0,"duration":3},{"tweenEasing":0,"duration":7},{"tweenEasing":0,"duration":9},{"duration":0}],"name":"tyc","translateFrame":[{"tweenEasing":0,"duration":30},{"y":-3.5732,"duration":15,"curve":[0,0,0.5,1],"x":-0.179},{"duration":15,"curve":[0.5,0,1,1]},{"tweenEasing":0,"duration":3},{"tweenEasing":0,"duration":7},{"tweenEasing":0,"duration":9},{"duration":0}]},{"rotateFrame":[{"tweenEasing":0,"duration":30},{"curve":[0,0,0.5,1],"duration":15,"rotate":-30.1321},{"curve":[0.5,0,1,1],"duration":15},{"tweenEasing":0,"duration":3},{"tweenEasing":0,"duration":7},{"tweenEasing":0,"duration":9},{"duration":0}],"scaleFrame":[{"tweenEasing":0,"duration":30},{"duration":15,"curve":[0,0,0.5,1]},{"duration":15,"curve":[0.5,0,1,1]},{"tweenEasing":0,"duration":3},{"tweenEasing":0,"duration":7},{"tweenEasing":0,"duration":9},{"duration":0}],"name":"tzc","translateFrame":[{"tweenEasing":0,"duration":30},{"y":-3.3378,"duration":15,"curve":[0,0,0.5,1],"x":-1.7552},{"duration":15,"curve":[0.5,0,1,1]},{"tweenEasing":0,"duration":3},{"tweenEasing":0,"duration":7},{"tweenEasing":0,"duration":9},{"duration":0}]},{"rotateFrame":[{"tweenEasing":0,"duration":30},{"curve":[0,0,0.5,1],"duration":15},{"curve":[0.5,0,1,1],"duration":15},{"tweenEasing":0,"duration":10},{"tweenEasing":0,"duration":9},{"duration":0}],"scaleFrame":[{"tweenEasing":0,"duration":30},{"duration":15,"curve":[0,0,0.5,1]},{"duration":15,"curve":[0.5,0,1,1]},{"tweenEasing":0,"duration":10},{"tweenEasing":0,"duration":9},{"duration":0}],"name":"pz","translateFrame":[{"tweenEasing":0,"duration":30},{"duration":15,"curve":[0,0,0.5,1]},{"duration":15,"curve":[0.5,0,1,1]},{"tweenEasing":0,"duration":10},{"tweenEasing":0,"duration":9},{"duration":0}]}],"slot":[{"colorFrame":[],"displayFrame":[],"name":"sza"},{"colorFrame":[],"displayFrame":[],"name":"st"},{"colorFrame":[],"displayFrame":[],"name":"pz"},{"colorFrame":[],"displayFrame":[],"name":"szb"},{"colorFrame":[],"displayFrame":[],"name":"szc"},{"colorFrame":[],"displayFrame":[],"name":"sya"},{"colorFrame":[],"displayFrame":[],"name":"syb"},{"colorFrame":[],"displayFrame":[],"name":"syc"},{"colorFrame":[],"displayFrame":[],"name":"tzb"},{"colorFrame":[],"displayFrame":[],"name":"tzc"},{"colorFrame":[],"displayFrame":[],"name":"tza"},{"colorFrame":[],"displayFrame":[],"name":"tyb"},{"colorFrame":[],"displayFrame":[],"name":"tyc"},{"colorFrame":[],"displayFrame":[],"name":"tya"},{"colorFrame":[],"displayFrame":[],"name":"q"},{"colorFrame":[],"displayFrame":[],"name":"h"}],"ffd":[],"name":"shengli","playTimes":0},{"ik":[],"frame":[],"duration":30,"bone":[{"rotateFrame":[{"tweenEasing":0,"duration":20},{"tweenEasing":0,"duration":10},{"duration":0}],"scaleFrame":[{"tweenEasing":0,"duration":20},{"tweenEasing":0,"duration":10},{"duration":0}],"name":"root","translateFrame":[{"tweenEasing":0,"duration":20},{"tweenEasing":0,"duration":10},{"duration":0}]},{"rotateFrame":[{"tweenEasing":0,"duration":20},{"tweenEasing":0,"duration":10},{"duration":0}],"scaleFrame":[{"tweenEasing":0,"duration":20},{"tweenEasing":0,"duration":10},{"duration":0}],"name":"bone","translateFrame":[{"tweenEasing":0,"duration":20},{"tweenEasing":0,"duration":10},{"duration":0}]},{"rotateFrame":[{"tweenEasing":0,"duration":20},{"tweenEasing":0,"duration":10,"rotate":64.8287},{"duration":0,"rotate":64.8287}],"scaleFrame":[{"tweenEasing":0,"duration":20},{"tweenEasing":0,"duration":10},{"duration":0}],"name":"st","translateFrame":[{"tweenEasing":0,"duration":20},{"tweenEasing":0,"y":62.6816,"duration":10,"x":86.1843},{"y":62.6816,"duration":0,"x":86.1843}]},{"rotateFrame":[{"tweenEasing":0,"duration":20},{"tweenEasing":0,"duration":10,"rotate":27.2086},{"duration":0,"rotate":27.2086}],"scaleFrame":[{"tweenEasing":0,"duration":20},{"tweenEasing":0,"duration":10},{"duration":0}],"name":"q","translateFrame":[{"tweenEasing":0,"duration":20},{"tweenEasing":0,"y":61.362,"duration":10,"x":79.882},{"y":61.362,"duration":0,"x":79.882}]},{"rotateFrame":[{"tweenEasing":0,"duration":20},{"tweenEasing":0,"duration":10},{"duration":0,"rotate":-42.6946}],"scaleFrame":[{"tweenEasing":0,"duration":20},{"tweenEasing":0,"duration":10},{"duration":0}],"name":"sza","translateFrame":[{"tweenEasing":0,"duration":20},{"tweenEasing":0,"duration":10},{"duration":0}]},{"rotateFrame":[{"tweenEasing":0,"duration":20},{"tweenEasing":0,"duration":10,"rotate":-33.8499},{"duration":0,"rotate":28.8247}],"scaleFrame":[{"tweenEasing":0,"duration":20},{"tweenEasing":0,"duration":10},{"duration":0}],"name":"h","translateFrame":[{"tweenEasing":0,"duration":20},{"tweenEasing":0,"y":-3.0815,"duration":10,"x":7.6118},{"y":-10.6159,"duration":0,"x":-0.6497}]},{"rotateFrame":[{"tweenEasing":0,"duration":20},{"tweenEasing":0,"duration":10},{"duration":0,"rotate":-14.3263}],"scaleFrame":[{"tweenEasing":0,"duration":20},{"tweenEasing":0,"duration":10},{"duration":0}],"name":"sya","translateFrame":[{"tweenEasing":0,"duration":20},{"tweenEasing":0,"duration":10},{"duration":0}]},{"rotateFrame":[{"tweenEasing":0,"duration":20},{"tweenEasing":0,"duration":10,"rotate":-30.5062},{"duration":0,"rotate":-30.5062}],"scaleFrame":[{"tweenEasing":0,"duration":20},{"tweenEasing":0,"duration":10},{"duration":0}],"name":"tya","translateFrame":[{"tweenEasing":0,"duration":20},{"tweenEasing":0,"y":-1.0897,"duration":10,"x":5.4275},{"y":-1.0897,"duration":0,"x":5.4275}]},{"rotateFrame":[{"tweenEasing":0,"duration":20},{"tweenEasing":0,"duration":10,"rotate":-34.6756},{"duration":0,"rotate":-34.6756}],"scaleFrame":[{"tweenEasing":0,"duration":20},{"tweenEasing":0,"duration":10},{"duration":0}],"name":"tza","translateFrame":[{"tweenEasing":0,"duration":20},{"tweenEasing":0,"duration":10},{"duration":0}]},{"rotateFrame":[{"tweenEasing":0,"duration":20},{"tweenEasing":0,"duration":10},{"duration":0,"rotate":88.0486}],"scaleFrame":[{"tweenEasing":0,"y":-1,"duration":20},{"tweenEasing":0,"y":-1,"duration":10},{"y":-1,"duration":0}],"name":"szb","translateFrame":[{"tweenEasing":0,"duration":20},{"tweenEasing":0,"duration":10},{"duration":0}]},{"rotateFrame":[{"tweenEasing":0,"duration":20},{"tweenEasing":0,"duration":10,"rotate":79.3108},{"duration":0,"rotate":79.3108}],"scaleFrame":[{"tweenEasing":0,"duration":20},{"tweenEasing":0,"duration":10},{"duration":0}],"name":"tyb","translateFrame":[{"tweenEasing":0,"duration":20},{"tweenEasing":0,"duration":10},{"duration":0}]},{"rotateFrame":[{"tweenEasing":0,"duration":20},{"tweenEasing":0,"duration":10},{"duration":0,"rotate":-264.2768}],"scaleFrame":[{"tweenEasing":0,"duration":20},{"tweenEasing":0,"duration":10},{"duration":0}],"name":"syb","translateFrame":[{"tweenEasing":0,"duration":20},{"tweenEasing":0,"duration":10},{"duration":0}]},{"rotateFrame":[{"tweenEasing":0,"duration":20},{"tweenEasing":0,"duration":10,"rotate":106.551},{"duration":0,"rotate":106.551}],"scaleFrame":[{"tweenEasing":0,"duration":20},{"tweenEasing":0,"duration":10},{"duration":0}],"name":"tzb","translateFrame":[{"tweenEasing":0,"duration":20},{"tweenEasing":0,"y":5.5756,"duration":10,"x":-4.3614},{"y":5.5756,"duration":0,"x":-4.3614}]},{"rotateFrame":[{"tweenEasing":0,"duration":20},{"tweenEasing":0,"duration":10},{"duration":0,"rotate":37.9477}],"scaleFrame":[{"tweenEasing":0,"duration":20},{"tweenEasing":0,"duration":10},{"duration":0}],"name":"syc","translateFrame":[{"tweenEasing":0,"duration":20},{"tweenEasing":0,"duration":10},{"duration":0}]},{"rotateFrame":[{"tweenEasing":0,"duration":20},{"tweenEasing":0,"duration":10},{"duration":0,"rotate":-280.6771}],"scaleFrame":[{"tweenEasing":0,"duration":20},{"tweenEasing":0,"duration":10},{"duration":0}],"name":"szc","translateFrame":[{"tweenEasing":0,"duration":20},{"tweenEasing":0,"duration":10},{"duration":0}]},{"rotateFrame":[{"tweenEasing":0,"duration":20},{"tweenEasing":0,"duration":10},{"duration":0}],"scaleFrame":[{"tweenEasing":0,"duration":20},{"tweenEasing":0,"duration":10},{"duration":0}],"name":"tyc","translateFrame":[{"tweenEasing":0,"duration":20},{"tweenEasing":0,"duration":10},{"duration":0}]},{"rotateFrame":[{"tweenEasing":0,"duration":20},{"tweenEasing":0,"duration":10},{"duration":0}],"scaleFrame":[{"tweenEasing":0,"duration":20},{"tweenEasing":0,"duration":10},{"duration":0}],"name":"tzc","translateFrame":[{"tweenEasing":0,"duration":20},{"tweenEasing":0,"duration":10},{"duration":0}]},{"rotateFrame":[{"tweenEasing":0,"duration":20},{"tweenEasing":0,"duration":10},{"duration":0}],"scaleFrame":[{"tweenEasing":0,"duration":20},{"tweenEasing":0,"duration":10},{"duration":0}],"name":"pz","translateFrame":[{"tweenEasing":0,"duration":20},{"tweenEasing":0,"duration":10},{"duration":0}]}],"slot":[{"colorFrame":[],"displayFrame":[],"name":"sza"},{"colorFrame":[],"displayFrame":[],"name":"st"},{"colorFrame":[],"displayFrame":[],"name":"pz"},{"colorFrame":[],"displayFrame":[],"name":"szb"},{"colorFrame":[],"displayFrame":[],"name":"szc"},{"colorFrame":[],"displayFrame":[],"name":"sya"},{"colorFrame":[],"displayFrame":[],"name":"syb"},{"colorFrame":[],"displayFrame":[],"name":"syc"},{"colorFrame":[],"displayFrame":[],"name":"tzb"},{"colorFrame":[],"displayFrame":[],"name":"tzc"},{"colorFrame":[],"displayFrame":[],"name":"tza"},{"colorFrame":[],"displayFrame":[],"name":"tyb"},{"colorFrame":[],"displayFrame":[],"name":"tyc"},{"colorFrame":[],"displayFrame":[],"name":"tya"},{"colorFrame":[],"displayFrame":[],"name":"q"},{"colorFrame":[],"displayFrame":[],"name":"h"}],"ffd":[],"name":"shibai","playTimes":0}],"type":"Armature","frameRate":60,"bone":[{"name":"root","transform":{}},{"transform":{},"name":"bone","parent":"root"},{"length":39,"transform":{"y":-158.0773,"skX":-93.6568,"skY":-93.6568,"x":-4.1702},"parent":"bone","name":"st"},{"length":41,"transform":{"y":-147.2273,"skX":83.6068,"skY":83.6068,"x":-2.0702},"parent":"bone","name":"q"},{"length":54,"transform":{"y":17.3459,"skX":168.6708,"skY":168.6708,"x":45.1571},"parent":"st","name":"sza"},{"length":46,"transform":{"y":5.2182,"skX":2.352,"skY":2.352,"x":56.9148},"parent":"st","name":"h"},{"length":55,"transform":{"y":-29.4898,"skX":179.9422,"skY":179.9422,"x":41.8661},"parent":"st","name":"sya"},{"length":45,"transform":{"y":13.3985,"skX":-2.7392,"skY":-2.7392,"x":19.2386},"parent":"q","name":"tya"},{"length":46,"transform":{"y":-21.5146,"skX":13.3595,"skY":13.3595,"x":25.8843},"parent":"q","name":"tza"},{"length":37,"transform":{"skX":-105.794,"skY":-105.794,"x":54.1414},"parent":"sza","name":"szb"},{"length":54,"transform":{"skX":17.9672,"skY":17.9672,"x":45.679},"parent":"tya","name":"tyb"},{"length":34,"transform":{"skX":130.131,"skY":130.131,"x":55.5667},"parent":"sya","name":"syb"},{"length":49,"transform":{"y":0.0597,"skX":-7.5421,"skY":-7.5421,"x":50.631},"parent":"tza","name":"tzb"},{"length":17,"transform":{"y":1.7117,"skX":-52.5409,"skY":-52.5409,"x":63.2129},"parent":"tyb","name":"tyc"},{"length":18,"transform":{"y":-0.4737,"skX":-9.5846,"skY":-9.5846,"x":40.7296},"parent":"szb","name":"szc"},{"length":20,"transform":{"skX":4.4418,"skY":4.4418,"x":34.1111},"parent":"syb","name":"syc"},{"length":18,"transform":{"y":1.5816,"skX":-45.6154,"skY":-45.6154,"x":52.8868},"parent":"tzb","name":"tzc"},{"length":30,"transform":{"y":-2.9634,"skX":10.7281,"skY":10.7281,"x":15.5787},"parent":"szc","name":"pz"}],"aabb":{"width":193.3751482103773,"y":-371.998255053297,"height":373.0809524570821,"x":-109.17019469398997},"slot":[{"name":"sza","parent":"sza","color":{}},{"z":1,"name":"st","parent":"st","color":{}},{"displayIndex":-1,"z":2,"name":"pz","parent":"pz","color":{}},{"z":3,"name":"szb","parent":"szb","color":{}},{"z":4,"name":"szc","parent":"szc","color":{}},{"z":5,"name":"sya","parent":"sya","color":{}},{"z":6,"name":"syb","parent":"syb","color":{}},{"z":7,"name":"syc","parent":"syc","color":{}},{"z":8,"name":"tzb","parent":"tzb","color":{}},{"z":9,"name":"tzc","parent":"tzc","color":{}},{"z":10,"name":"tza","parent":"tza","color":{}},{"z":11,"name":"tyb","parent":"tyb","color":{}},{"z":12,"name":"tyc","parent":"tyc","color":{}},{"z":13,"name":"tya","parent":"tya","color":{}},{"z":14,"name":"q","parent":"q","color":{}},{"z":15,"name":"h","parent":"h","color":{}}],"name":"zhenmama","ik":[]}]}