{"width":512,"imagePath":"yang_tex.png","height":1024,"name":"yang","SubTexture":[{"width":38,"y":927,"height":45,"name":"t4","x":42},{"width":39,"y":927,"height":55,"name":"t3","x":1},{"width":296,"y":1,"height":212,"name":"st","x":1},{"width":43,"y":123,"height":56,"name":"t2","x":299},{"width":48,"y":1,"height":64,"name":"t1","x":362},{"width":257,"y":215,"height":224,"name":"h","x":1},{"width":61,"y":1,"height":78,"name":"ms1","x":299},{"width":80,"y":215,"height":710,"name":"ms2","x":260},{"width":108,"y":81,"height":40,"name":"yyy","x":299}]}