{"frameRate":60,"isGlobal":0,"name":"gongjiao4","version":"5.0","armature":[{"defaultActions":[{"gotoAndPlay":"1"}],"skin":[{"name":"","slot":[{"display":[{"path":"zs","type":"image","name":"zs","transform":{"skY":-90,"y":22.9656,"skX":-90,"x":30.1991}}],"name":"zs"},{"display":[{"path":"zs","type":"image","name":"zs","transform":{"skY":-90,"y":24.2912,"skX":-90,"x":29.8677}}],"name":"zs1"},{"display":[{"path":"tou","type":"image","name":"tou","transform":{"skY":121.8852,"y":22.7778,"skX":121.8852,"x":41.7388}}],"name":"tou"},{"display":[{"path":"st","type":"image","name":"st","transform":{"skY":89.0815,"y":-29.7607,"skX":89.0815,"x":29.1581}}],"name":"st"}]}],"animation":[{"frame":[],"duration":80,"ik":[],"bone":[{"frame":[{"duration":80,"transform":{}}],"name":"root"},{"frame":[{"duration":80,"transform":{}}],"name":"bone"},{"frame":[{"tweenEasing":0,"duration":80,"transform":{}},{"duration":0,"transform":{}}],"name":"st"},{"frame":[{"tweenEasing":0,"duration":50,"transform":{}},{"tweenEasing":0,"duration":30,"transform":{"skY":-5.9339,"y":0.0279,"skX":-5.9339,"x":-1.7398}},{"duration":0,"transform":{}}],"name":"zs"},{"frame":[{"tweenEasing":0,"duration":50,"transform":{}},{"tweenEasing":0,"duration":10,"transform":{"skY":-32.5086,"skX":-32.5086}},{"tweenEasing":0,"duration":7,"transform":{"skY":1.3507,"skX":1.3507}},{"tweenEasing":0,"duration":13,"transform":{"skY":-3.7732,"skX":-3.7732}},{"duration":0,"transform":{}}],"name":"tou"},{"frame":[{"tweenEasing":0,"duration":50,"transform":{}},{"tweenEasing":0,"duration":30,"transform":{"skY":2.953,"y":0.0279,"skX":2.953,"x":-1.7398}},{"duration":0,"transform":{}}],"name":"zs1"}],"slot":[],"ffd":[],"name":"1","playTimes":0}],"type":"Armature","frameRate":60,"ik":[],"bone":[{"name":"root","transform":{}},{"transform":{},"name":"bone","parent":"root"},{"length":24,"transform":{"skY":-89.0815,"y":-53.6606,"skX":-89.0815,"x":7.5452},"parent":"bone","name":"st"},{"length":17,"transform":{"skY":179.0815,"y":30.1528,"skX":179.0815,"x":99.1158},"parent":"st","name":"zs"},{"length":19,"transform":{"skY":-30.3579,"y":-6.8315,"skX":-30.3579,"x":110.2486},"parent":"st","name":"tou"},{"length":17,"transform":{"skY":179.0815,"y":-20.4469,"skX":179.0815,"x":91.3446},"parent":"st","name":"zs1"}],"aabb":{"width":169.0480167759659,"y":-271.0491744627716,"height":273.25716506199615,"x":-105.24427929933279},"slot":[{"name":"zs1","parent":"zs1","color":{}},{"z":1,"name":"st","parent":"st","color":{}},{"z":2,"name":"zs","parent":"zs","color":{}},{"z":3,"name":"tou","parent":"tou","color":{}}],"name":"gongjiao4"}]}