{"width":512,"imagePath":"jc_tex.png","height":256,"name":"jc","SubTexture":[{"width":26,"y":1,"height":40,"name":"szc","x":250},{"width":28,"y":143,"height":60,"name":"szb","x":230},{"width":48,"y":143,"height":78,"name":"sza","x":109},{"width":27,"y":43,"height":38,"name":"syc","x":252},{"width":24,"y":1,"height":61,"name":"syb","x":224},{"width":44,"y":154,"height":78,"name":"sya","x":1},{"width":113,"y":1,"height":140,"name":"st","x":109},{"width":106,"y":1,"height":151,"name":"ha","x":1},{"width":49,"y":217,"height":30,"name":"tzc","x":47},{"width":26,"y":64,"height":51,"name":"tzb","x":224},{"width":35,"y":143,"height":63,"name":"tza","x":159},{"width":48,"y":211,"height":26,"name":"tyc","x":159},{"width":32,"y":143,"height":66,"name":"tyb","x":196},{"width":45,"y":154,"height":61,"name":"tya","x":47},{"width":70,"y":205,"height":22,"name":"yd","x":230}]}