{"SubTexture":[{"width":155,"y":1,"height":192,"name":"mgq","x":1},{"frameY":-19,"y":183,"frameWidth":132,"frameX":-13,"frameHeight":196,"width":103,"height":174,"name":"dq0034","x":619},{"frameY":-3,"y":776,"frameWidth":132,"frameX":-16,"frameHeight":196,"width":100,"height":191,"name":"dq0024","x":109},{"frameY":-14,"y":1,"frameWidth":132,"frameX":-13,"frameHeight":196,"width":101,"height":180,"name":"dq0036","x":625},{"frameY":-22,"y":573,"frameWidth":132,"frameX":-12,"frameHeight":196,"width":106,"height":173,"name":"dq0015","x":211},{"frameY":-8,"y":380,"frameWidth":132,"frameX":-14,"frameHeight":196,"width":99,"height":185,"name":"dq0038","x":313},{"frameY":-39,"y":699,"frameWidth":132,"frameX":-13,"frameHeight":196,"width":106,"height":155,"name":"dq0011","x":625},{"frameY":-8,"y":748,"frameWidth":132,"frameX":-14,"frameHeight":196,"width":99,"height":185,"name":"dq0022","x":312},{"frameY":-39,"y":542,"frameWidth":132,"frameX":-13,"frameHeight":196,"width":106,"height":155,"name":"dq0044","x":619},{"frameY":-27,"y":1,"frameWidth":132,"frameX":-12,"frameHeight":196,"width":107,"height":166,"name":"dq0013","x":728},{"frameY":-3,"y":186,"frameWidth":132,"frameX":-16,"frameHeight":196,"width":100,"height":192,"name":"dq0039","x":218},{"frameY":-62,"y":567,"frameWidth":132,"frameX":-21,"frameHeight":196,"width":92,"height":132,"name":"dq0009","x":319},{"frameY":-14,"y":183,"frameWidth":132,"frameX":-13,"frameHeight":196,"width":101,"height":180,"name":"dq0020","x":422},{"frameY":0,"y":386,"frameWidth":132,"frameX":-16,"frameHeight":196,"width":103,"height":194,"name":"dq0041","x":1},{"frameY":-6,"y":778,"frameWidth":132,"frameX":-12,"frameHeight":196,"width":106,"height":188,"name":"dq0032","x":1},{"frameY":-10,"y":195,"frameWidth":132,"frameX":-12,"frameHeight":196,"width":107,"height":183,"name":"dq0029","x":109},{"frameY":-8,"y":748,"frameWidth":132,"frameX":-14,"frameHeight":196,"width":99,"height":185,"name":"dq0037","x":211},{"frameY":0,"y":582,"frameWidth":132,"frameX":-16,"frameHeight":196,"width":103,"height":194,"name":"dq0025","x":1},{"frameY":-8,"y":567,"frameWidth":132,"frameX":-14,"frameHeight":196,"width":99,"height":185,"name":"dq0021","x":413},{"frameY":-19,"y":365,"frameWidth":132,"frameX":-13,"frameHeight":196,"width":103,"height":175,"name":"dq0033","x":522},{"frameY":-39,"y":359,"frameWidth":132,"frameX":-13,"frameHeight":196,"width":106,"height":155,"name":"dq0043","x":627},{"frameY":-105,"y":1,"frameWidth":132,"frameX":-56,"frameHeight":196,"width":25,"height":89,"name":"dq0003","x":483},{"frameY":-126,"y":856,"frameWidth":132,"frameX":-64,"frameHeight":196,"width":17,"height":67,"name":"dq0002","x":701},{"frameY":-162,"y":899,"frameWidth":132,"frameX":-67,"frameHeight":196,"width":15,"height":31,"name":"dq0001","x":608},{"frameY":-3,"y":186,"frameWidth":132,"frameX":-16,"frameHeight":196,"width":100,"height":192,"name":"dq0023","x":320},{"frameY":-39,"y":856,"frameWidth":132,"frameX":-13,"frameHeight":196,"width":106,"height":155,"name":"dq0012","x":727},{"frameY":-22,"y":380,"frameWidth":132,"frameX":-12,"frameHeight":196,"width":106,"height":172,"name":"dq0016","x":414},{"frameY":-3,"y":380,"frameWidth":132,"frameX":-16,"frameHeight":196,"width":100,"height":191,"name":"dq0040","x":211},{"frameY":-14,"y":1,"frameWidth":132,"frameX":-13,"frameHeight":196,"width":101,"height":180,"name":"dq0035","x":522},{"frameY":-105,"y":92,"frameWidth":132,"frameX":-56,"frameHeight":196,"width":24,"height":89,"name":"dq0004","x":483},{"frameY":-62,"y":183,"frameWidth":132,"frameX":-21,"frameHeight":196,"width":92,"height":131,"name":"dq0010","x":525},{"frameY":-87,"y":899,"frameWidth":132,"frameX":-47,"frameHeight":196,"width":44,"height":106,"name":"dq0006","x":516},{"frameY":-69,"y":516,"frameWidth":132,"frameX":-31,"frameHeight":196,"width":74,"height":125,"name":"dq0008","x":727},{"frameY":0,"y":581,"frameWidth":132,"frameX":-16,"frameHeight":196,"width":103,"height":193,"name":"dq0042","x":106},{"frameY":-69,"y":856,"frameWidth":132,"frameX":-31,"frameHeight":196,"width":74,"height":126,"name":"dq0007","x":625},{"frameY":-14,"y":754,"frameWidth":132,"frameX":-13,"frameHeight":196,"width":101,"height":180,"name":"dq0019","x":413},{"frameY":-10,"y":1,"frameWidth":132,"frameX":-12,"frameHeight":196,"width":107,"height":183,"name":"dq0030","x":158},{"frameY":-14,"y":1,"frameWidth":132,"frameX":-13,"frameHeight":196,"width":106,"height":180,"name":"dq0028","x":375},{"frameY":-19,"y":554,"frameWidth":132,"frameX":-13,"frameHeight":196,"width":103,"height":175,"name":"dq0017","x":514},{"frameY":-87,"y":899,"frameWidth":132,"frameX":-47,"frameHeight":196,"width":44,"height":106,"name":"dq0005","x":562},{"frameY":-27,"y":731,"frameWidth":132,"frameX":-12,"frameHeight":196,"width":107,"height":166,"name":"dq0014","x":516},{"frameY":-6,"y":195,"frameWidth":132,"frameX":-12,"frameHeight":196,"width":106,"height":189,"name":"dq0031","x":1},{"frameY":-14,"y":1,"frameWidth":132,"frameX":-13,"frameHeight":196,"width":106,"height":180,"name":"dq0027","x":267},{"frameY":0,"y":386,"frameWidth":132,"frameX":-16,"frameHeight":196,"width":103,"height":193,"name":"dq0026","x":106},{"frameY":-19,"y":183,"frameWidth":132,"frameX":-13,"frameHeight":196,"width":103,"height":174,"name":"dq0018","x":724}],"width":1024,"height":1024,"name":"mhq","imagePath":"mhq_tex.png"}