{"frameRate":24,"isGlobal":0,"name":"mhq","version":"5.0","armature":[{"skin":[{"name":"","slot":[{"display":[{"path":"mgq","type":"image","name":"mgq","transform":{"y":-97.5,"skY":8.221,"x":-1.5,"skX":8.221}}],"name":"mgq"},{"display":[{"path":"dq0001","type":"image","name":"dq0001","transform":{"y":-90.2475,"x":-10.8682}},{"path":"dq0001","type":"image","name":"dq2","transform":{"y":-90.2475,"x":-10.8682}},{"path":"dq0002","type":"image","name":"dq0002","transform":{"y":-90.2475,"x":-10.8682}},{"path":"dq0003","type":"image","name":"dq0003","transform":{"y":-90.2475,"x":-10.8682}},{"path":"dq0004","type":"image","name":"dq0004","transform":{"y":-90.2475,"x":-10.8682}},{"path":"dq0005","type":"image","name":"dq0005","transform":{"y":-90.2475,"x":-10.8682}},{"path":"dq0006","type":"image","name":"dq0006","transform":{"y":-90.2475,"x":-10.8682}},{"path":"dq0007","type":"image","name":"dq0007","transform":{"y":-90.2475,"x":-10.8682}},{"path":"dq0008","type":"image","name":"dq0008","transform":{"y":-90.2475,"x":-10.8682}},{"path":"dq0009","type":"image","name":"dq0009","transform":{"y":-90.2475,"x":-10.8682}},{"path":"dq0010","type":"image","name":"dq0010","transform":{"y":-90.2475,"x":-10.8682}},{"path":"dq0011","type":"image","name":"dq0011","transform":{"y":-90.2475,"x":-10.8682}},{"path":"dq0012","type":"image","name":"dq0012","transform":{"y":-90.2475,"x":-10.8682}},{"path":"dq0013","type":"image","name":"dq0013","transform":{"y":-90.2475,"x":-10.8682}},{"path":"dq0014","type":"image","name":"dq0014","transform":{"y":-90.2475,"x":-10.8682}},{"path":"dq0015","type":"image","name":"dq0015","transform":{"y":-90.2475,"x":-10.8682}},{"path":"dq0016","type":"image","name":"dq0016","transform":{"y":-90.2475,"x":-10.8682}},{"path":"dq0017","type":"image","name":"dq0017","transform":{"y":-90.2475,"x":-10.8682}},{"path":"dq0018","type":"image","name":"dq0018","transform":{"y":-90.2475,"x":-10.8682}},{"path":"dq0019","type":"image","name":"dq0019","transform":{"y":-90.2475,"x":-10.8682}},{"path":"dq0020","type":"image","name":"dq0020","transform":{"y":-90.2475,"x":-10.8682}},{"path":"dq0021","type":"image","name":"dq0021","transform":{"y":-90.2475,"x":-10.8682}},{"path":"dq0022","type":"image","name":"dq0022","transform":{"y":-90.2475,"x":-10.8682}},{"path":"dq0023","type":"image","name":"dq0023","transform":{"y":-90.2475,"x":-10.8682}},{"path":"dq0024","type":"image","name":"dq0024","transform":{"y":-90.2475,"x":-10.8682}},{"path":"dq0025","type":"image","name":"dq0025","transform":{"y":-90.2475,"x":-10.8682}},{"path":"dq0026","type":"image","name":"dq0026","transform":{"y":-90.2475,"x":-10.8682}},{"path":"dq0027","type":"image","name":"dq0027","transform":{"y":-90.2475,"x":-10.8682}},{"path":"dq0028","type":"image","name":"dq0028","transform":{"y":-90.2475,"x":-10.8682}},{"path":"dq0029","type":"image","name":"dq0029","transform":{"y":-90.2475,"x":-10.8682}},{"path":"dq0030","type":"image","name":"dq0030","transform":{"y":-90.2475,"x":-10.8682}},{"path":"dq0031","type":"image","name":"dq0031","transform":{"y":-90.2475,"x":-10.8682}},{"path":"dq0032","type":"image","name":"dq0032","transform":{"y":-90.2475,"x":-10.8682}},{"path":"dq0033","type":"image","name":"dq0033","transform":{"y":-90.2475,"x":-10.8682}},{"path":"dq0034","type":"image","name":"dq0034","transform":{"y":-90.2475,"x":-10.8682}},{"path":"dq0035","type":"image","name":"dq0035","transform":{"y":-90.2475,"x":-10.8682}},{"path":"dq0036","type":"image","name":"dq0036","transform":{"y":-90.2475,"x":-10.8682}},{"path":"dq0037","type":"image","name":"dq0037","transform":{"y":-90.2475,"x":-10.8682}},{"path":"dq0038","type":"image","name":"dq0038","transform":{"y":-90.2475,"x":-10.8682}},{"path":"dq0039","type":"image","name":"dq0039","transform":{"y":-90.2475,"x":-10.8682}},{"path":"dq0040","type":"image","name":"dq0040","transform":{"y":-90.2475,"x":-10.8682}},{"path":"dq0041","type":"image","name":"dq0041","transform":{"y":-90.2475,"x":-10.8682}},{"path":"dq0042","type":"image","name":"dq0042","transform":{"y":-90.2475,"x":-10.8682}},{"path":"dq0043","type":"image","name":"dq0043","transform":{"y":-90.2475,"x":-10.8682}},{"path":"dq0044","type":"image","name":"dq0044","transform":{"y":-90.2475,"x":-10.8682}}],"name":"dq0001"}]}],"animation":[{"frame":[],"duration":10,"bone":[{"frame":[{"tweenEasing":0,"duration":10,"transform":{}},{"duration":0,"transform":{}}],"name":"root"},{"frame":[{"tweenEasing":0,"duration":10,"transform":{}},{"duration":0,"transform":{}}],"name":"bone"}],"slot":[{"frame":[{"tweenEasing":0,"duration":10},{"tweenEasing":null,"duration":0}],"name":"mgq"}],"ffd":[],"ik":[],"name":"1","playTimes":0},{"frame":[],"duration":43,"bone":[{"frame":[{"duration":43,"transform":{}}],"name":"root"},{"frame":[{"tweenEasing":0,"duration":13,"transform":{}},{"duration":30,"transform":{"scX":3.4665,"scY":3.4665}}],"name":"bone"}],"slot":[{"frame":[{"tweenEasing":null,"duration":1},{"tweenEasing":null,"displayIndex":2,"duration":1},{"tweenEasing":null,"displayIndex":3,"duration":1},{"tweenEasing":null,"displayIndex":4,"duration":1},{"tweenEasing":null,"displayIndex":5,"duration":1},{"tweenEasing":null,"displayIndex":6,"duration":1},{"tweenEasing":null,"displayIndex":7,"duration":1},{"tweenEasing":null,"displayIndex":8,"duration":1},{"tweenEasing":null,"displayIndex":9,"duration":1},{"tweenEasing":null,"displayIndex":10,"duration":1},{"tweenEasing":null,"displayIndex":11,"duration":1},{"tweenEasing":null,"displayIndex":12,"duration":1},{"tweenEasing":null,"displayIndex":13,"duration":1},{"tweenEasing":null,"displayIndex":14,"duration":1},{"tweenEasing":null,"displayIndex":15,"duration":1},{"tweenEasing":null,"displayIndex":16,"duration":1},{"tweenEasing":null,"displayIndex":17,"duration":1},{"tweenEasing":null,"displayIndex":18,"duration":1},{"tweenEasing":null,"displayIndex":19,"duration":1},{"tweenEasing":null,"displayIndex":20,"duration":1},{"tweenEasing":null,"displayIndex":21,"duration":1},{"tweenEasing":null,"displayIndex":22,"duration":1},{"tweenEasing":null,"displayIndex":23,"duration":1},{"tweenEasing":null,"displayIndex":24,"duration":1},{"tweenEasing":null,"displayIndex":25,"duration":1},{"tweenEasing":null,"displayIndex":26,"duration":1},{"tweenEasing":null,"displayIndex":27,"duration":1},{"tweenEasing":null,"displayIndex":28,"duration":1},{"tweenEasing":null,"displayIndex":29,"duration":1},{"tweenEasing":null,"displayIndex":30,"duration":1},{"tweenEasing":null,"displayIndex":31,"duration":1},{"tweenEasing":null,"displayIndex":32,"duration":1},{"tweenEasing":null,"displayIndex":33,"duration":1},{"tweenEasing":null,"displayIndex":34,"duration":1},{"tweenEasing":null,"displayIndex":35,"duration":1},{"tweenEasing":null,"displayIndex":36,"duration":1},{"tweenEasing":null,"displayIndex":37,"duration":1},{"tweenEasing":null,"displayIndex":38,"duration":1},{"tweenEasing":null,"displayIndex":39,"duration":1},{"tweenEasing":null,"displayIndex":40,"duration":1},{"tweenEasing":null,"displayIndex":41,"duration":1},{"tweenEasing":null,"displayIndex":42,"duration":1},{"tweenEasing":null,"displayIndex":43,"duration":1},{"tweenEasing":null,"displayIndex":44,"duration":0}],"name":"dq0001"}],"ffd":[],"ik":[],"name":"2","playTimes":0}],"type":"Armature","frameRate":24,"bone":[{"name":"root","transform":{}},{"transform":{"y":-175.5,"skY":90.9877,"x":20.5,"skX":90.9877},"name":"bone","parent":"root"}],"aabb":{"width":155,"y":-193.5,"height":192,"x":-79},"slot":[{"name":"mgq","parent":"root","color":{}},{"displayIndex":-1,"z":1,"name":"dq0001","parent":"bone","color":{}}],"defaultActions":[{"gotoAndPlay":"1"}],"ik":[],"name":"mhq"}]}