{"frameRate":60,"isGlobal":0,"name":"yvpang","version":"5.5","armature":[{"slot":[{"name":"b2","parent":"b2","color":{}},{"z":1,"name":"t4","parent":"t4","color":{}},{"z":2,"name":"t5","parent":"t5","color":{}},{"z":3,"name":"t2","parent":"t2","color":{}},{"z":4,"name":"s3","parent":"s3","color":{}},{"z":5,"name":"t3","parent":"t3","color":{}},{"z":6,"name":"t6","parent":"t6","color":{}},{"z":7,"name":"t1","parent":"t1","color":{}},{"z":8,"name":"st","parent":"st1","color":{}},{"z":9,"name":"s1","parent":"s1","color":{}},{"z":10,"name":"b1","parent":"b1","color":{}},{"displayIndex":1,"z":11,"name":"h","parent":"h","color":{}},{"z":12,"name":"s2","parent":"s2","color":{}},{"displayIndex":-1,"z":13,"name":"koushao","parent":"koushao","color":{}},{"displayIndex":-1,"z":14,"name":"shubao","parent":"shubao","color":{}},{"displayIndex":-1,"z":15,"name":"xiaochui","parent":"koushao","color":{}},{"displayIndex":-1,"z":16,"name":"qiqiu2","parent":"qiqiu2","color":{}}],"skin":[{"name":"","slot":[{"display":[{"path":"s2","type":"image","name":"s2","transform":{"skY":149.9257,"y":0.697,"skX":149.9257,"x":12.6838}}],"name":"s2"},{"display":[{"path":"t1","type":"image","name":"t1","transform":{"skY":-92.8431,"y":0.7028,"skX":-92.8431,"x":7.4102}}],"name":"t1"},{"display":[{"path":"s3","type":"image","name":"s3","transform":{"skY":-29.669,"y":0.7899,"skX":-29.669,"x":12.0429}}],"name":"s3"},{"display":[{"path":"shubao","type":"image","name":"shubao","transform":{"skY":97.7083,"y":0.1588,"scX":0.6304,"scY":0.6304,"skX":97.7083,"x":2.9967}}],"name":"shubao"},{"display":[{"path":"t6","type":"image","name":"t6","transform":{"skY":-4.6281,"y":1.4549,"skX":-4.6281,"x":1.1256}}],"name":"t6"},{"display":[{"path":"t5","type":"image","name":"t5","transform":{"y":-1.0244,"x":3.2695}}],"name":"t5"},{"display":[{"path":"t4","type":"image","name":"t4","transform":{"skY":-88.6831,"y":0.5424,"skX":-88.6831,"x":5.7862}}],"name":"t4"},{"display":[{"path":"xiaochui","type":"image","name":"xiaochui","transform":{"skY":115.4528,"y":5.9036,"skX":115.4528,"x":72.512}}],"name":"xiaochui"},{"display":[{"path":"s1","type":"image","name":"s1","transform":{"skY":-146.1363,"y":2.9384,"skX":-146.1363,"x":22.4343}}],"name":"s1"},{"display":[{"path":"t3","type":"image","name":"t3","transform":{"skY":-98.9149,"y":1.5171,"skX":-98.9149,"x":5.8142}}],"name":"t3"},{"display":[{"path":"koushao","type":"image","name":"koushao","transform":{"skY":126.3778,"y":1.3536,"scX":0.661,"scY":0.661,"skX":126.3778,"x":14.7447}}],"name":"koushao"},{"display":[{"path":"h","type":"image","name":"h","transform":{"skY":91.7851,"y":-8.0671,"skX":91.7851,"x":55.7654}},{"path":"h2","type":"image","name":"h2","transform":{"skY":93.1579,"y":-2.4181,"skX":93.1579,"x":53.9574}},{"path":"h1","type":"image","name":"h1","transform":{"skY":90,"y":-9.3391,"skX":90,"x":57.3943}}],"name":"h"},{"display":[{"path":"b1","type":"image","name":"b1","transform":{"skY":-114.1568,"y":-19.7103,"skX":-114.1568,"x":15.8727}}],"name":"b1"},{"display":[{"path":"qiqiu2","type":"image","name":"qiqiu2","transform":{"skY":92.138,"y":8.4952,"skX":92.138,"x":186.4116}}],"name":"qiqiu2"},{"display":[{"vertices":[-33.5,-32.5,-33.5,-0.6,-33.5,32.5,0.95,32.5,33.55,32.25,33.55,-2.05,33.55,-32.5,0.65,-32.5,-1.34,1],"path":"st","weights":[2,3,0.01,4,0.99,2,3,0.4642432186882278,4,0.5357567813117722,2,3,0.9500000000000001,4,0.05,1,3,1,1,3,1,2,3,0.4693600592306898,4,0.5306399407693102,1,4,1,1,4,1,2,3,0.46,4,0.54],"uvs":[0,0,0,0.49077,0,1,0.51418,1,1.00075,0.99615,1.00075,0.46846,1.00075,0,0.5097,0,0.47994,0.51538],"name":"st","edges":[0,1,1,2,2,3,3,4,4,5,5,6,6,7,7,0],"bonePose":[3,0.03403599592592028,0.9994206076429132,-0.9994206076429132,0.03403599592592028,4.544620030626504,-66.43394368823016,4,6.123233995736766e-17,-1,1,6.123233995736766e-17,3.69462003062651,-76.08394368823016],"type":"mesh","transform":{"skY":-88.0495,"y":3.1667,"skX":-88.0495,"x":-11.3299},"userEdges":[],"width":67,"height":65,"slotPose":[0.9999999999999999,0,0,0.9999999999999999,0.9940855043463026,-77.64948724534186],"triangles":[6,7,5,7,8,5,5,8,4,8,3,4,1,2,8,0,1,8,0,8,7,8,2,3]}],"name":"st"},{"display":[{"path":"t2","type":"image","name":"t2","transform":{"skY":-86.6754,"y":-1.9016,"skX":-86.6754,"x":9.0276}}],"name":"t2"},{"display":[{"path":"b2","type":"image","name":"b2","transform":{"skY":-91.4065,"y":1.8518,"skX":-91.4065,"x":20.3182}}],"name":"b2"}]}],"type":"Armature","frameRate":60,"bone":[{"name":"root","transform":{}},{"transform":{},"name":"bone","parent":"root"},{"length":24,"transform":{"skY":-97.7083,"y":-59.8224,"skX":-97.7083,"x":0.1838},"parent":"root","name":"shubao"},{"length":16,"transform":{"skY":88.0495,"y":-66.4339,"skX":88.0495,"x":4.5446},"parent":"bone","name":"st1"},{"length":23,"transform":{"skY":-90,"y":-76.0839,"skX":-90,"x":3.6946},"parent":"bone","name":"st"},{"length":28,"transform":{"skY":119.669,"y":12.0167,"skX":119.669,"x":17.806},"parent":"st","name":"s3"},{"length":47,"transform":{"skY":-155.8432,"y":-21,"skX":-155.8432,"x":16.75},"parent":"st","name":"b1"},{"length":22,"transform":{"skY":-123.8637,"y":-27.25,"skX":-123.8637,"x":16.45},"parent":"st","name":"s1"},{"length":22,"transform":{"skY":4.7935,"y":16.8084,"skX":4.7935,"x":17.5881},"parent":"st1","name":"t1"},{"length":36,"transform":{"skY":-1.7851,"y":-2.55,"skX":-1.7851,"x":30.05},"parent":"st","name":"h"},{"length":24,"transform":{"skY":-1.3742,"y":-7.925,"skX":-1.3742,"x":17.0296},"parent":"st1","name":"t2"},{"length":22,"transform":{"skY":-22.7503,"y":-1.5763,"skX":-22.7503,"x":0.373},"parent":"b1","name":"b2"},{"length":13,"transform":{"skY":2.0077,"y":1.095,"skX":2.0077,"x":28.3342},"parent":"t2","name":"t4"},{"length":12,"transform":{"skY":6.0719,"y":-1.5942,"skX":6.0719,"x":26.053},"parent":"t1","name":"t3"},{"length":22,"transform":{"skY":-179.5946,"y":2.3003,"skX":-179.5946,"x":18.2859},"parent":"s3","name":"s2"},{"length":10,"transform":{"skY":-94.2868,"y":-2.2858,"skX":-94.2868,"x":14.5718},"parent":"t3","name":"t6"},{"length":18,"transform":{"skY":14.5168,"y":-0.1197,"skX":14.5168,"x":17.4059},"parent":"s2","name":"koushao"},{"length":9,"transform":{"skY":-88.6831,"y":0.1046,"skX":-88.6831,"x":17.6022},"parent":"t4","name":"t5"},{"length":18,"transform":{"skY":-92.6408,"y":0.1742,"skX":-92.6408,"x":2.4292},"parent":"koushao","name":"qiqiu2","inheritRotation":false}],"aabb":{"width":128.36830412437203,"y":-218.48983842664973,"height":221.23148989888415,"x":-69.82141521514703},"defaultActions":[{"gotoAndPlay":"1"}],"animation":[{"frame":[],"duration":35,"bone":[{"translateFrame":[],"scaleFrame":[],"name":"root","rotateFrame":[]},{"translateFrame":[{"tweenEasing":0,"duration":25},{"tweenEasing":0,"duration":5},{"tweenEasing":0,"duration":5},{"duration":0}],"scaleFrame":[{"tweenEasing":0,"duration":25},{"tweenEasing":0,"duration":5},{"tweenEasing":0,"duration":5},{"duration":0}],"name":"bone","rotateFrame":[{"tweenEasing":0,"duration":25},{"tweenEasing":0,"duration":5},{"tweenEasing":0,"duration":5},{"duration":0}]},{"translateFrame":[{"tweenEasing":0,"duration":17},{"tweenEasing":0,"y":-2.15,"duration":18},{"duration":0}],"scaleFrame":[{"tweenEasing":0,"duration":17},{"tweenEasing":0,"duration":18},{"duration":0}],"name":"st","rotateFrame":[{"tweenEasing":0,"duration":35},{"duration":0}]},{"translateFrame":[{"tweenEasing":0,"y":-0.4667,"duration":25},{"tweenEasing":0,"y":-0.4667,"duration":5},{"tweenEasing":0,"y":-0.4667,"duration":5},{"y":-0.4667,"duration":0}],"scaleFrame":[{"tweenEasing":0,"duration":25},{"tweenEasing":0,"duration":5},{"tweenEasing":0,"duration":5},{"duration":0}],"name":"st1","rotateFrame":[{"tweenEasing":0,"duration":25},{"tweenEasing":0,"duration":5},{"tweenEasing":0,"duration":5},{"duration":0}]},{"translateFrame":[{"tweenEasing":0,"duration":35},{"duration":0}],"scaleFrame":[{"tweenEasing":0,"duration":35},{"duration":0}],"name":"s1","rotateFrame":[{"tweenEasing":0,"duration":35,"rotate":-26.7313},{"duration":0,"rotate":-26.7313}]},{"translateFrame":[{"tweenEasing":0,"duration":25},{"tweenEasing":0,"duration":5},{"tweenEasing":0,"duration":5},{"duration":0}],"scaleFrame":[{"tweenEasing":0,"duration":25},{"tweenEasing":0,"duration":5},{"tweenEasing":0,"duration":5},{"duration":0}],"name":"h","rotateFrame":[{"tweenEasing":0,"duration":25},{"tweenEasing":0,"duration":5},{"tweenEasing":0,"duration":5},{"duration":0}]},{"translateFrame":[{"tweenEasing":0,"duration":35},{"duration":0}],"scaleFrame":[{"tweenEasing":0,"duration":35},{"duration":0}],"name":"b1","rotateFrame":[{"tweenEasing":0,"duration":35},{"duration":0}]},{"translateFrame":[{"tweenEasing":0,"duration":35},{"duration":0}],"scaleFrame":[{"tweenEasing":0,"duration":35},{"duration":0}],"name":"s3","rotateFrame":[{"tweenEasing":0,"duration":35,"rotate":15.0779},{"duration":0,"rotate":15.0779}]},{"translateFrame":[{"tweenEasing":0,"duration":25},{"tweenEasing":0,"duration":5},{"tweenEasing":0,"duration":5},{"duration":0}],"scaleFrame":[{"tweenEasing":0,"duration":25},{"tweenEasing":0,"duration":5},{"tweenEasing":0,"duration":5},{"duration":0}],"name":"t1","rotateFrame":[{"tweenEasing":0,"duration":25},{"tweenEasing":0,"duration":5},{"tweenEasing":0,"duration":5},{"duration":0}]},{"translateFrame":[{"tweenEasing":0,"duration":25},{"tweenEasing":0,"duration":5},{"tweenEasing":0,"duration":5},{"duration":0}],"scaleFrame":[{"tweenEasing":0,"duration":25},{"tweenEasing":0,"duration":5},{"tweenEasing":0,"duration":5},{"duration":0}],"name":"t2","rotateFrame":[{"tweenEasing":0,"duration":25},{"tweenEasing":0,"duration":5},{"tweenEasing":0,"duration":5},{"duration":0}]},{"translateFrame":[{"tweenEasing":0,"duration":25},{"tweenEasing":0,"duration":5},{"tweenEasing":0,"duration":5},{"duration":0}],"scaleFrame":[{"tweenEasing":0,"duration":25},{"tweenEasing":0,"duration":5},{"tweenEasing":0,"duration":5},{"duration":0}],"name":"t3","rotateFrame":[{"tweenEasing":0,"duration":25},{"tweenEasing":0,"duration":5},{"tweenEasing":0,"duration":5},{"duration":0}]},{"translateFrame":[{"tweenEasing":0,"y":-1.5757,"duration":35,"x":7.6675},{"y":-1.5757,"duration":0,"x":7.6675}],"scaleFrame":[{"tweenEasing":0,"duration":35},{"duration":0}],"name":"s2","rotateFrame":[{"tweenEasing":0,"duration":35,"rotate":-97.1255},{"duration":0,"rotate":-97.1255}]},{"translateFrame":[{"tweenEasing":0,"duration":35},{"duration":0}],"scaleFrame":[{"tweenEasing":0,"duration":35},{"duration":0}],"name":"b2","rotateFrame":[{"tweenEasing":0,"duration":35},{"duration":0}]},{"translateFrame":[{"tweenEasing":0,"duration":25},{"tweenEasing":0,"duration":5},{"tweenEasing":0,"duration":5},{"duration":0}],"scaleFrame":[{"tweenEasing":0,"duration":25},{"tweenEasing":0,"duration":5},{"tweenEasing":0,"duration":5},{"duration":0}],"name":"t4","rotateFrame":[{"tweenEasing":0,"duration":25},{"tweenEasing":0,"duration":5},{"tweenEasing":0,"duration":5},{"duration":0}]},{"translateFrame":[{"tweenEasing":0,"duration":25},{"tweenEasing":0,"duration":5},{"tweenEasing":0,"duration":5},{"duration":0}],"scaleFrame":[{"tweenEasing":0,"duration":25},{"tweenEasing":0,"duration":5},{"tweenEasing":0,"duration":5},{"duration":0}],"name":"t5","rotateFrame":[{"tweenEasing":0,"duration":25},{"tweenEasing":0,"duration":5},{"tweenEasing":0,"duration":5},{"duration":0}]},{"translateFrame":[{"tweenEasing":0,"duration":25},{"tweenEasing":0,"duration":5},{"tweenEasing":0,"duration":5},{"duration":0}],"scaleFrame":[{"tweenEasing":0,"duration":25},{"tweenEasing":0,"duration":5},{"tweenEasing":0,"duration":5},{"duration":0}],"name":"t6","rotateFrame":[{"tweenEasing":0,"duration":25},{"tweenEasing":0,"duration":5},{"tweenEasing":0,"duration":5},{"duration":0}]},{"translateFrame":[{"duration":25},{"tweenEasing":0,"duration":5},{"duration":5}],"scaleFrame":[{"duration":25},{"tweenEasing":0,"duration":5},{"duration":5}],"name":"koushao","rotateFrame":[{"duration":25},{"tweenEasing":0,"duration":5},{"duration":5,"rotate":-58.3875}]},{"translateFrame":[],"scaleFrame":[],"name":"shubao","rotateFrame":[]},{"translateFrame":[],"scaleFrame":[],"name":"qiqiu2","rotateFrame":[]}],"slot":[{"colorFrame":[],"displayFrame":[],"name":"b2"},{"colorFrame":[],"displayFrame":[],"name":"t4"},{"colorFrame":[],"displayFrame":[],"name":"t5"},{"colorFrame":[],"displayFrame":[],"name":"t2"},{"colorFrame":[],"displayFrame":[],"name":"s3"},{"colorFrame":[],"displayFrame":[],"name":"t3"},{"colorFrame":[],"displayFrame":[],"name":"t6"},{"colorFrame":[],"displayFrame":[],"name":"t1"},{"colorFrame":[],"displayFrame":[],"name":"st"},{"colorFrame":[],"displayFrame":[],"name":"s1"},{"colorFrame":[],"displayFrame":[],"name":"b1"},{"colorFrame":[],"displayFrame":[{"value":1,"duration":35}],"name":"h"},{"colorFrame":[],"displayFrame":[],"name":"s2"},{"colorFrame":[],"displayFrame":[],"name":"koushao"},{"colorFrame":[],"displayFrame":[],"name":"shubao"},{"colorFrame":[],"displayFrame":[],"name":"xiaochui"},{"colorFrame":[],"displayFrame":[],"name":"qiqiu2"}],"ffd":[],"name":"1","ik":[],"playTimes":0}],"name":"yvpang","ik":[]}]}