{"width":512,"SubTexture":[{"width":64,"y":428,"height":70,"name":"b2","x":325},{"width":14,"y":337,"height":27,"name":"t4","x":149},{"width":24,"y":492,"height":15,"name":"t5","x":179},{"width":41,"y":40,"height":43,"name":"t2","x":296},{"width":35,"y":271,"height":28,"name":"s3","x":269},{"width":16,"y":309,"height":26,"name":"t3","x":149},{"width":24,"y":492,"height":15,"name":"t6","x":205},{"width":39,"y":85,"height":43,"name":"t1","x":296},{"width":67,"y":428,"height":65,"name":"st","x":391},{"width":52,"y":1,"height":37,"name":"s1","x":296},{"width":78,"y":428,"height":62,"name":"b1","x":179},{"width":176,"y":380,"height":118,"name":"h","x":1},{"width":114,"y":152,"height":117,"name":"h1","x":269},{"width":123,"y":309,"height":117,"name":"h2","x":179},{"width":29,"y":85,"height":23,"name":"s2","x":337},{"width":64,"y":428,"height":74,"name":"koushao","x":259},{"width":145,"y":1,"height":149,"name":"shubao","x":149},{"width":118,"y":152,"height":155,"name":"xiaochui","x":149},{"width":146,"y":1,"height":377,"name":"qiqiu2","x":1}],"imagePath":"yvpang_tex.png","name":"yvpang","height":512}