{"frameRate":60,"isGlobal":0,"name":"baobao","version":"5.0","armature":[{"aabb":{"width":164.26548040617632,"y":-172.44440802552458,"height":196.47097686405579,"x":-79.3497368133649},"skin":[{"name":"","slot":[{"display":[{"path":"h1","type":"image","name":"h1","transform":{"y":-4,"skX":90.929,"skY":90.929,"x":53}},{"path":"h2","type":"image","name":"h2","transform":{"y":-4,"skX":90.93,"skY":90.93,"x":53}}],"name":"h1"},{"display":[{"path":"t1","type":"image","name":"t1","transform":{"y":-2.0568,"skX":-149.25,"skY":-149.25,"x":22.1534}}],"name":"t1"},{"display":[{"path":"z1","type":"image","name":"z1","transform":{"y":-2.1022,"skX":90.929,"skY":90.929,"x":0.5894}},{"path":"z2","type":"image","name":"z2","transform":{"y":-5.9232,"skX":89.4373,"skY":89.4373,"x":-3.8546}}],"name":"z1"},{"display":[{"path":"s1","type":"image","name":"s1","transform":{"y":1.004,"skX":-52.3251,"skY":-52.3251,"x":22.5461}}],"name":"s1"},{"display":[{"path":"t2","type":"image","name":"t2","transform":{"y":-2.1494,"skX":-171.9164,"skY":-171.9164,"x":10.3129}}],"name":"t2"},{"display":[{"path":"item1","type":"image","name":"item1","transform":{"scY":0.604,"y":0.5694,"skX":126.7244,"skY":126.7244,"scX":0.604,"x":12.8184}}],"name":"item1"},{"display":[{"path":"s2","type":"image","name":"s2","transform":{"y":-4.2929,"skX":-64.6064,"skY":-64.6064,"x":17.9502}}],"name":"s2"},{"display":[{"path":"a0001","type":"image","name":"a0001","transform":{"y":-11.6351,"skX":-93.8087,"skY":-93.8087,"x":107.6217}},{"path":"a0002","type":"image","name":"a0002","transform":{"y":-11.6388,"skX":-93.8087,"skY":-93.8087,"x":104.8549}},{"path":"a0003","type":"image","name":"a0003","transform":{"y":-11.6388,"skX":-93.8087,"skY":-93.8087,"x":104.8549}},{"path":"a0004","type":"image","name":"a0004","transform":{"y":-11.6388,"skX":-93.8087,"skY":-93.8087,"x":104.8549}},{"path":"a0005","type":"image","name":"a0005","transform":{"y":-11.6388,"skX":-93.8087,"skY":-93.8087,"x":104.8549}},{"path":"a0006","type":"image","name":"a0006","transform":{"y":-11.6388,"skX":-93.8087,"skY":-93.8087,"x":104.8549}},{"path":"a0007","type":"image","name":"a0007","transform":{"y":-11.6388,"skX":-93.8087,"skY":-93.8087,"x":104.8549}},{"path":"a0008","type":"image","name":"a0008","transform":{"y":-11.6388,"skX":-93.8087,"skY":-93.8087,"x":104.8549}},{"path":"a0009","type":"image","name":"a0009","transform":{"y":-11.6388,"skX":-93.8087,"skY":-93.8087,"x":104.8549}},{"path":"a0010","type":"image","name":"a0010","transform":{"y":-11.6388,"skX":-93.8087,"skY":-93.8087,"x":104.8549}},{"path":"a0011","type":"image","name":"a0011","transform":{"y":-11.6388,"skX":-93.8087,"skY":-93.8087,"x":104.8549}},{"path":"a0012","type":"image","name":"a0012","transform":{"y":-11.6388,"skX":-93.8087,"skY":-93.8087,"x":104.8549}},{"path":"a0013","type":"image","name":"a0013","transform":{"y":-11.6388,"skX":-93.8087,"skY":-93.8087,"x":104.8549}},{"path":"a0014","type":"image","name":"a0014","transform":{"y":-11.6388,"skX":-93.8087,"skY":-93.8087,"x":104.8549}},{"path":"a0015","type":"image","name":"a0015","transform":{"y":-11.6388,"skX":-93.8087,"skY":-93.8087,"x":104.8549}},{"path":"a0016","type":"image","name":"a0016","transform":{"y":-11.6388,"skX":-93.8087,"skY":-93.8087,"x":104.8549}}],"name":"a0001"},{"display":[{"path":"y1","type":"image","name":"y1","transform":{"y":13.9719,"skX":90.929,"skY":90.929,"x":39.7066}},{"path":"y2","type":"image","name":"y2","transform":{"y":14.3659,"skX":90.7537,"skY":90.7537,"x":40.2533}}],"name":"y1"},{"display":[{"path":"h2","type":"image","name":"h2","transform":{"y":-4,"skX":90.929,"skY":90.929,"x":53}}],"name":"h2"},{"display":[{"path":"nz","type":"image","name":"nz","transform":{"y":0.7398,"skX":3.3797,"skY":3.3797,"x":4.0207}}],"name":"nz"},{"display":[{"path":"item2","type":"image","name":"item2","transform":{"y":-2.7959,"skX":129.7937,"skY":129.7937,"x":24.3399}}],"name":"item2"},{"display":[{"path":"dq0001","type":"image","name":"dq0001","transform":{"y":4.2463,"skX":98.3526,"skY":98.3526,"x":91.2567}},{"path":"dq0002","type":"image","name":"dq0002","transform":{"y":4.2463,"skX":98.3526,"skY":98.3526,"x":91.2567}},{"path":"dq0003","type":"image","name":"dq0003","transform":{"y":4.2463,"skX":98.3526,"skY":98.3526,"x":91.2567}},{"path":"dq0004","type":"image","name":"dq0004","transform":{"y":4.2463,"skX":98.3526,"skY":98.3526,"x":91.2567}},{"path":"dq0005","type":"image","name":"dq0005","transform":{"y":4.2463,"skX":98.3526,"skY":98.3526,"x":91.2567}},{"path":"dq0006","type":"image","name":"dq0006","transform":{"y":4.2463,"skX":98.3526,"skY":98.3526,"x":91.2567}},{"path":"dq0007","type":"image","name":"dq0007","transform":{"y":4.2463,"skX":98.3526,"skY":98.3526,"x":91.2567}},{"path":"dq0008","type":"image","name":"dq0008","transform":{"y":4.2463,"skX":98.3526,"skY":98.3526,"x":91.2567}},{"path":"dq0009","type":"image","name":"dq0009","transform":{"y":4.2463,"skX":98.3526,"skY":98.3526,"x":91.2567}},{"path":"dq0010","type":"image","name":"dq0010","transform":{"y":4.2463,"skX":98.3526,"skY":98.3526,"x":91.2567}},{"path":"dq0011","type":"image","name":"dq0011","transform":{"y":4.2463,"skX":98.3526,"skY":98.3526,"x":91.2567}},{"path":"dq0012","type":"image","name":"dq0012","transform":{"y":4.2463,"skX":98.3526,"skY":98.3526,"x":91.2567}},{"path":"dq0013","type":"image","name":"dq0013","transform":{"y":4.2463,"skX":98.3526,"skY":98.3526,"x":91.2567}},{"path":"dq0014","type":"image","name":"dq0014","transform":{"y":4.2463,"skX":98.3526,"skY":98.3526,"x":91.2567}},{"path":"dq0015","type":"image","name":"dq0015","transform":{"y":4.2463,"skX":98.3526,"skY":98.3526,"x":91.2567}},{"path":"dq0016","type":"image","name":"dq0016","transform":{"y":4.2463,"skX":98.3526,"skY":98.3526,"x":91.2567}},{"path":"dq0017","type":"image","name":"dq0017","transform":{"y":4.2463,"skX":98.3526,"skY":98.3526,"x":91.2567}},{"path":"dq0018","type":"image","name":"dq0018","transform":{"y":4.2463,"skX":98.3526,"skY":98.3526,"x":91.2567}},{"path":"dq0019","type":"image","name":"dq0019","transform":{"y":4.2463,"skX":98.3526,"skY":98.3526,"x":91.2567}},{"path":"dq0020","type":"image","name":"dq0020","transform":{"y":4.2463,"skX":98.3526,"skY":98.3526,"x":91.2567}},{"path":"dq0021","type":"image","name":"dq0021","transform":{"y":4.2463,"skX":98.3526,"skY":98.3526,"x":91.2567}},{"path":"dq0022","type":"image","name":"dq0022","transform":{"y":4.2463,"skX":98.3526,"skY":98.3526,"x":91.2567}},{"path":"dq0023","type":"image","name":"dq0023","transform":{"y":4.2463,"skX":98.3526,"skY":98.3526,"x":91.2567}},{"path":"dq0024","type":"image","name":"dq0024","transform":{"y":4.2463,"skX":98.3526,"skY":98.3526,"x":91.2567}},{"path":"dq0025","type":"image","name":"dq0025","transform":{"y":4.2463,"skX":98.3526,"skY":98.3526,"x":91.2567}},{"path":"dq0026","type":"image","name":"dq0026","transform":{"y":4.2463,"skX":98.3526,"skY":98.3526,"x":91.2567}},{"path":"dq0027","type":"image","name":"dq0027","transform":{"y":4.2463,"skX":98.3526,"skY":98.3526,"x":91.2567}},{"path":"dq0028","type":"image","name":"dq0028","transform":{"y":4.2463,"skX":98.3526,"skY":98.3526,"x":91.2567}},{"path":"dq0029","type":"image","name":"dq0029","transform":{"y":4.2463,"skX":98.3526,"skY":98.3526,"x":91.2567}},{"path":"dq0030","type":"image","name":"dq0030","transform":{"y":4.2463,"skX":98.3526,"skY":98.3526,"x":91.2567}},{"path":"dq0031","type":"image","name":"dq0031","transform":{"y":4.2463,"skX":98.3526,"skY":98.3526,"x":91.2567}},{"path":"dq0032","type":"image","name":"dq0032","transform":{"y":4.2463,"skX":98.3526,"skY":98.3526,"x":91.2567}},{"path":"dq0033","type":"image","name":"dq0033","transform":{"y":4.2463,"skX":98.3526,"skY":98.3526,"x":91.2567}},{"path":"dq0034","type":"image","name":"dq0034","transform":{"y":4.2463,"skX":98.3526,"skY":98.3526,"x":91.2567}},{"path":"dq0035","type":"image","name":"dq0035","transform":{"y":4.2463,"skX":98.3526,"skY":98.3526,"x":91.2567}},{"path":"dq0036","type":"image","name":"dq0036","transform":{"y":4.2463,"skX":98.3526,"skY":98.3526,"x":91.2567}},{"path":"dq0037","type":"image","name":"dq0037","transform":{"y":4.2463,"skX":98.3526,"skY":98.3526,"x":91.2567}},{"path":"dq0038","type":"image","name":"dq0038","transform":{"y":4.2463,"skX":98.3526,"skY":98.3526,"x":91.2567}},{"path":"dq0039","type":"image","name":"dq0039","transform":{"y":4.2463,"skX":98.3526,"skY":98.3526,"x":91.2567}},{"path":"dq0040","type":"image","name":"dq0040","transform":{"y":4.2463,"skX":98.3526,"skY":98.3526,"x":91.2567}},{"path":"dq0041","type":"image","name":"dq0041","transform":{"y":4.2463,"skX":98.3526,"skY":98.3526,"x":91.2567}},{"path":"dq0042","type":"image","name":"dq0042","transform":{"y":4.2463,"skX":98.3526,"skY":98.3526,"x":91.2567}},{"path":"dq0043","type":"image","name":"dq0043","transform":{"y":4.2463,"skX":98.3526,"skY":98.3526,"x":91.2567}},{"path":"dq0044","type":"image","name":"dq0044","transform":{"y":4.2463,"skX":98.3526,"skY":98.3526,"x":91.2567}}],"name":"dq0001"},{"display":[{"vertices":[-75.5,-33.5,-75.5,1.4,-75.5,33.5,-13.2,33.5,32.6,33.5,33.6,-0.6,31.6,-33.5,-14.65,-33.5,-14.02,2.65],"uvs":[0,0,0,0.5209,0,1,0.41258,1,0.71589,1,0.72252,0.49104,0.70927,0,0.40298,0,0.40713,0.53952],"edges":[0,1,1,2,2,3,3,4,4,5,5,6,6,7,7,0],"path":"st","weights":[1,3,1,1,3,1,1,3,1,2,3,0.5222600057275483,4,0.47773999427245173,1,4,1,1,4,1,1,4,1,2,3,0.36633289255352575,4,0.6336671074464743,2,3,0.25400306929227284,4,0.7459969307077272],"userEdges":[],"bonePose":[3,-0.9508714314867198,0.30958604746079277,-0.30958604746079277,-0.9508714314867198,-9.6,-24.1,4,0.9588657309725237,-0.2838600182599315,0.2838600182599315,0.9588657309725237,0.6099080555949161,-28.38099317726723],"type":"mesh","transform":{"y":-8.8733,"skX":-161.9657,"skY":-161.9657,"x":-25.794},"slotPose":[0.9999999999999988,-8.881784197001252e-16,8.881784197001252e-16,0.9999999999999988,17.673828253769692,-23.648118556274255],"width":151,"height":67,"name":"st","triangles":[7,8,6,8,3,4,8,4,5,6,8,5,1,2,8,1,8,7,0,1,7,8,2,3]}],"name":"st"},{"display":[{"path":"a0001","type":"image","name":"a0001","transform":{"y":-11.6351,"skX":-93.8087,"skY":-93.8087,"x":107.6217}},{"path":"a0002","type":"image","name":"a0002","transform":{"y":-11.6388,"skX":-93.8087,"skY":-93.8087,"x":104.8549}},{"path":"a0003","type":"image","name":"a0003","transform":{"y":-11.6388,"skX":-93.8087,"skY":-93.8087,"x":104.8549}},{"path":"a0004","type":"image","name":"a0004","transform":{"y":-11.6388,"skX":-93.8087,"skY":-93.8087,"x":104.8549}},{"path":"a0005","type":"image","name":"a0005","transform":{"y":-11.6388,"skX":-93.8087,"skY":-93.8087,"x":104.8549}},{"path":"a0006","type":"image","name":"a0006","transform":{"y":-11.6388,"skX":-93.8087,"skY":-93.8087,"x":104.8549}},{"path":"a0007","type":"image","name":"a0007","transform":{"y":-11.6388,"skX":-93.8087,"skY":-93.8087,"x":104.8549}},{"path":"a0008","type":"image","name":"a0008","transform":{"y":-11.6388,"skX":-93.8087,"skY":-93.8087,"x":104.8549}},{"path":"a0009","type":"image","name":"a0009","transform":{"y":-11.6388,"skX":-93.8087,"skY":-93.8087,"x":104.8549}},{"path":"a0010","type":"image","name":"a0010","transform":{"y":-11.6388,"skX":-93.8087,"skY":-93.8087,"x":104.8549}},{"path":"a0011","type":"image","name":"a0011","transform":{"y":-11.6388,"skX":-93.8087,"skY":-93.8087,"x":104.8549}},{"path":"a0012","type":"image","name":"a0012","transform":{"y":-11.6388,"skX":-93.8087,"skY":-93.8087,"x":104.8549}},{"path":"a0013","type":"image","name":"a0013","transform":{"y":-11.6388,"skX":-93.8087,"skY":-93.8087,"x":104.8549}},{"path":"a0014","type":"image","name":"a0014","transform":{"y":-11.6388,"skX":-93.8087,"skY":-93.8087,"x":104.8549}},{"path":"a0015","type":"image","name":"a0015","transform":{"y":-11.6388,"skX":-93.8087,"skY":-93.8087,"x":104.8549}},{"path":"a0016","type":"image","name":"a0016","transform":{"y":-11.6388,"skX":-93.8087,"skY":-93.8087,"x":104.8549}}],"name":"a00011"}]}],"ik":[],"animation":[{"frame":[],"duration":60,"bone":[{"frame":[{"duration":60,"transform":{}}],"name":"root"},{"frame":[{"tweenEasing":0,"duration":30,"transform":{}},{"tweenEasing":0,"duration":30,"transform":{}},{"duration":0,"transform":{}}],"name":"bone"},{"frame":[{"tweenEasing":0,"duration":30,"transform":{"y":-19.3646,"skX":-42.8046,"skY":-42.8046,"x":4.9981}},{"tweenEasing":0,"duration":30,"transform":{"scY":1.05,"y":-21.3809,"skX":-41.5053,"skY":-41.5053,"scX":1.05,"x":1.4819}},{"duration":0,"transform":{"y":-19.3646,"skX":-42.8046,"skY":-42.8046,"x":4.9981}}],"name":"st"},{"frame":[{"tweenEasing":0,"duration":30,"transform":{"y":2.7242,"skX":-65.5889,"skY":-65.5889,"x":8.3541}},{"tweenEasing":0,"duration":30,"transform":{"y":2.7242,"skX":-65.5889,"skY":-65.5889,"x":8.3541}},{"duration":0,"transform":{"y":2.7242,"skX":-65.5889,"skY":-65.5889,"x":8.3541}}],"name":"t1"},{"frame":[{"tweenEasing":0,"duration":30,"transform":{"y":-35.5969,"skX":-116.8482,"skY":-116.8482,"x":-8.1548}},{"tweenEasing":0,"duration":30,"transform":{"y":-35.5969,"skX":-116.8482,"skY":-116.8482,"x":-8.1548}},{"duration":0,"transform":{"y":-35.5969,"skX":-116.8482,"skY":-116.8482,"x":-8.1548}}],"name":"t2"},{"frame":[{"tweenEasing":0,"duration":30,"transform":{"skX":67.8578,"skY":67.8578}},{"tweenEasing":0,"duration":30,"transform":{"scY":0.95,"skX":48.347,"skY":48.347,"scX":0.95}},{"duration":0,"transform":{"skX":67.8578,"skY":67.8578}}],"name":"s1"},{"frame":[{"tweenEasing":0,"duration":30,"transform":{"y":11.8493,"skX":19.8987,"skY":19.8987,"x":-11.5415}},{"tweenEasing":0,"duration":30,"transform":{"scY":0.95,"y":11.8493,"skX":42.0716,"skY":42.0716,"scX":0.95,"x":-11.5415}},{"duration":0,"transform":{"y":11.8493,"skX":19.8987,"skY":19.8987,"x":-11.5415}}],"name":"s2"},{"frame":[{"tweenEasing":0,"duration":30,"transform":{"skX":39.0163,"skY":39.0163}},{"tweenEasing":0,"duration":30,"transform":{"scY":0.95,"skX":39.0163,"skY":39.0163,"scX":0.95}},{"duration":0,"transform":{"skX":39.0163,"skY":39.0163}}],"name":"h1"},{"frame":[{"tweenEasing":0,"duration":30,"transform":{}},{"tweenEasing":0,"duration":5,"transform":{}},{"tweenEasing":0,"duration":5,"transform":{}},{"tweenEasing":0,"duration":7,"transform":{"skX":-9.8696,"skY":-9.8696}},{"tweenEasing":0,"duration":7,"transform":{"skX":2.5618,"skY":2.5618}},{"tweenEasing":0,"duration":6,"transform":{}},{"duration":0,"transform":{}}],"name":"nz"},{"frame":[{"tweenEasing":0,"duration":30,"transform":{"y":-28.8837,"skX":-59.0627,"skY":-59.0627}},{"tweenEasing":0,"duration":30,"transform":{"y":-28.8837,"skX":-59.0627,"skY":-59.0627}},{"duration":0,"transform":{"y":-28.8837,"skX":-59.0627,"skY":-59.0627}}],"name":"st1"},{"frame":[{"duration":60,"transform":{}}],"name":"bone1"},{"frame":[{"duration":60,"transform":{}}],"name":"a0001"},{"frame":[{"duration":60,"transform":{}}],"name":"a00011"},{"frame":[{"duration":60,"transform":{}}],"name":"item1"},{"frame":[{"duration":60,"transform":{}}],"name":"item2"},{"frame":[{"duration":60,"transform":{}}],"name":"dq0001"}],"ik":[],"slot":[],"ffd":[],"name":"zuo","playTimes":0},{"frame":[],"duration":30,"bone":[{"frame":[{"duration":30,"transform":{}}],"name":"root"},{"frame":[{"tweenEasing":0,"duration":30,"transform":{}},{"duration":0,"transform":{}}],"name":"bone"},{"frame":[{"tweenEasing":0,"duration":15,"transform":{}},{"tweenEasing":0,"duration":15,"transform":{"skX":-5.9165,"skY":-5.9165}},{"duration":0,"transform":{}}],"name":"st"},{"frame":[{"tweenEasing":0,"duration":15,"transform":{}},{"tweenEasing":0,"duration":15,"transform":{"y":1.6245,"x":4.9896}},{"duration":0,"transform":{}}],"name":"t1"},{"frame":[{"tweenEasing":0,"duration":12,"transform":{"y":2.5706,"x":9.5766}},{"tweenEasing":0,"duration":15,"transform":{"y":1.271,"x":5.5849}},{"tweenEasing":0,"duration":3,"transform":{"y":2.8956,"x":10.5746}},{"duration":0,"transform":{"y":2.5706,"x":9.5766}}],"name":"t2"},{"frame":[{"tweenEasing":0,"duration":15,"transform":{}},{"tweenEasing":0,"duration":15,"transform":{"y":1.0001,"skX":-12.3572,"skY":-12.3572,"x":2.4256}},{"duration":0,"transform":{}}],"name":"s1"},{"frame":[{"tweenEasing":0,"duration":7,"transform":{"y":-1.1879,"skX":-5.7667,"skY":-5.7667,"x":-4.4572}},{"tweenEasing":0,"duration":15,"transform":{"y":-1.6546,"x":-5.5892}},{"tweenEasing":0,"duration":8,"transform":{"y":-0.6545,"skX":-12.3572,"skY":-12.3572,"x":-3.1636}},{"duration":0,"transform":{"y":-1.1879,"skX":-5.7667,"skY":-5.7667,"x":-4.4572}}],"name":"s2"},{"frame":[{"tweenEasing":0,"duration":15,"transform":{}},{"tweenEasing":0,"duration":15,"transform":{"skX":4.1834,"skY":4.1834}},{"duration":0,"transform":{}}],"name":"h1"},{"frame":[{"tweenEasing":0,"duration":15,"transform":{}},{"tweenEasing":0,"duration":15,"transform":{"scY":1.15,"y":-1.0148,"x":0.0472}},{"duration":0,"transform":{}}],"name":"nz"},{"frame":[{"tweenEasing":0,"duration":30,"transform":{}},{"duration":0,"transform":{}}],"name":"st1"},{"frame":[{"duration":30,"transform":{}}],"name":"bone1"},{"frame":[{"duration":30,"transform":{}}],"name":"a0001"},{"frame":[{"duration":30,"transform":{}}],"name":"a00011"},{"frame":[{"duration":30,"transform":{}}],"name":"item1"},{"frame":[{"duration":30,"transform":{}}],"name":"item2"},{"frame":[{"duration":30,"transform":{}}],"name":"dq0001"}],"ik":[],"slot":[],"ffd":[],"name":"pa","playTimes":0},{"frame":[],"duration":31,"bone":[{"frame":[{"duration":31,"transform":{}}],"name":"root"},{"frame":[{"tweenEasing":0,"duration":30,"transform":{}},{"duration":1,"transform":{}}],"name":"bone"},{"frame":[{"tweenEasing":0,"duration":15,"transform":{}},{"tweenEasing":0,"duration":15,"transform":{"skX":-5.9165,"skY":-5.9165}},{"duration":1,"transform":{}}],"name":"st"},{"frame":[{"duration":31,"transform":{}}],"name":"t1"},{"frame":[{"duration":31,"transform":{"y":2.5706,"x":9.5766}}],"name":"t2"},{"frame":[{"tweenEasing":0,"duration":15,"transform":{}},{"tweenEasing":0,"duration":15,"transform":{"skX":11.518,"skY":11.518}},{"duration":1,"transform":{}}],"name":"s1"},{"frame":[{"tweenEasing":0,"duration":15,"transform":{"y":-1.1879,"skX":-5.7667,"skY":-5.7667,"x":-4.4572}},{"tweenEasing":0,"duration":15,"transform":{"y":-1.1879,"skX":5.7513,"skY":5.7513,"x":-4.4572}},{"duration":1,"transform":{"y":-1.1879,"skX":-5.7667,"skY":-5.7667,"x":-4.4572}}],"name":"s2"},{"frame":[{"tweenEasing":0,"duration":15,"transform":{}},{"tweenEasing":0,"duration":15,"transform":{"skX":4.1834,"skY":4.1834}},{"duration":1,"transform":{}}],"name":"h1"},{"frame":[{"tweenEasing":0,"duration":15,"transform":{}},{"tweenEasing":0,"duration":15,"transform":{"scY":1.15,"y":-1.0148,"x":0.0472}},{"duration":1,"transform":{}}],"name":"nz"},{"frame":[{"tweenEasing":0,"duration":30,"transform":{}},{"duration":1,"transform":{}}],"name":"st1"},{"frame":[{"tweenEasing":0,"duration":15,"transform":{}},{"tweenEasing":0,"duration":15,"transform":{"scY":1.4863,"scX":1.4863}},{"duration":1,"transform":{}}],"name":"bone1"},{"frame":[{"duration":31,"transform":{"scY":1.05,"y":-2.6812,"scX":0.55,"x":-2.0746}}],"name":"a0001"},{"frame":[{"duration":31,"transform":{"scY":1.05,"y":-0.5208,"scX":0.55,"x":0.538}}],"name":"a00011"},{"frame":[{"duration":31,"transform":{}}],"name":"item1"},{"frame":[{"duration":31,"transform":{}}],"name":"item2"},{"frame":[{"duration":31,"transform":{}}],"name":"dq0001"}],"ik":[],"slot":[{"frame":[{"tweenEasing":null,"displayIndex":-1,"duration":31}],"name":"nz"},{"frame":[{"tweenEasing":null,"duration":31}],"name":"y1"},{"frame":[{"tweenEasing":null,"duration":31}],"name":"z1"},{"frame":[{"tweenEasing":null,"duration":1},{"tweenEasing":null,"displayIndex":1,"duration":1},{"tweenEasing":null,"displayIndex":2,"duration":1},{"tweenEasing":null,"displayIndex":3,"duration":1},{"tweenEasing":null,"displayIndex":4,"duration":1},{"tweenEasing":null,"displayIndex":5,"duration":1},{"tweenEasing":null,"displayIndex":6,"duration":1},{"tweenEasing":null,"displayIndex":7,"duration":1},{"tweenEasing":null,"displayIndex":8,"duration":1},{"tweenEasing":null,"displayIndex":9,"duration":1},{"tweenEasing":null,"displayIndex":10,"duration":1},{"tweenEasing":null,"displayIndex":11,"duration":1},{"tweenEasing":null,"displayIndex":12,"duration":1},{"tweenEasing":null,"displayIndex":13,"duration":1},{"tweenEasing":null,"displayIndex":14,"duration":1},{"tweenEasing":null,"displayIndex":15,"duration":1},{"tweenEasing":null,"duration":1},{"tweenEasing":null,"displayIndex":1,"duration":1},{"tweenEasing":null,"displayIndex":2,"duration":1},{"tweenEasing":null,"displayIndex":3,"duration":1},{"tweenEasing":null,"displayIndex":4,"duration":1},{"tweenEasing":null,"displayIndex":5,"duration":1},{"tweenEasing":null,"displayIndex":6,"duration":1},{"tweenEasing":null,"displayIndex":7,"duration":1},{"tweenEasing":null,"displayIndex":8,"duration":1},{"tweenEasing":null,"displayIndex":9,"duration":1},{"tweenEasing":null,"displayIndex":10,"duration":1},{"tweenEasing":null,"displayIndex":11,"duration":1},{"tweenEasing":null,"displayIndex":12,"duration":1},{"tweenEasing":null,"displayIndex":13,"duration":1},{"tweenEasing":null,"displayIndex":14,"duration":1},{"tweenEasing":null,"displayIndex":15,"duration":0}],"name":"a0001"},{"frame":[{"tweenEasing":null,"duration":1},{"tweenEasing":null,"displayIndex":1,"duration":1},{"tweenEasing":null,"displayIndex":2,"duration":1},{"tweenEasing":null,"displayIndex":3,"duration":1},{"tweenEasing":null,"displayIndex":4,"duration":1},{"tweenEasing":null,"displayIndex":5,"duration":1},{"tweenEasing":null,"displayIndex":6,"duration":1},{"tweenEasing":null,"displayIndex":7,"duration":1},{"tweenEasing":null,"displayIndex":8,"duration":1},{"tweenEasing":null,"displayIndex":9,"duration":1},{"tweenEasing":null,"displayIndex":10,"duration":1},{"tweenEasing":null,"displayIndex":11,"duration":1},{"tweenEasing":null,"displayIndex":12,"duration":1},{"tweenEasing":null,"displayIndex":13,"duration":1},{"tweenEasing":null,"displayIndex":14,"duration":1},{"tweenEasing":null,"displayIndex":15,"duration":1},{"tweenEasing":null,"duration":1},{"tweenEasing":null,"displayIndex":1,"duration":1},{"tweenEasing":null,"displayIndex":2,"duration":1},{"tweenEasing":null,"displayIndex":3,"duration":1},{"tweenEasing":null,"displayIndex":4,"duration":1},{"tweenEasing":null,"displayIndex":5,"duration":1},{"tweenEasing":null,"displayIndex":6,"duration":1},{"tweenEasing":null,"displayIndex":7,"duration":1},{"tweenEasing":null,"displayIndex":8,"duration":1},{"tweenEasing":null,"displayIndex":9,"duration":1},{"tweenEasing":null,"displayIndex":10,"duration":1},{"tweenEasing":null,"displayIndex":11,"duration":1},{"tweenEasing":null,"displayIndex":12,"duration":1},{"tweenEasing":null,"displayIndex":13,"duration":1},{"tweenEasing":null,"displayIndex":14,"duration":1},{"tweenEasing":null,"displayIndex":15,"duration":0}],"name":"a00011"}],"ffd":[],"name":"ku","playTimes":0},{"frame":[],"duration":40,"bone":[{"frame":[{"duration":40,"transform":{}}],"name":"root"},{"frame":[{"tweenEasing":0,"duration":40,"transform":{}},{"duration":0,"transform":{}}],"name":"bone"},{"frame":[{"tweenEasing":0,"duration":20,"transform":{}},{"tweenEasing":0,"duration":20,"transform":{"skX":-5.9165,"skY":-5.9165}},{"duration":0,"transform":{}}],"name":"st"},{"frame":[{"duration":40,"transform":{}}],"name":"t1"},{"frame":[{"duration":40,"transform":{"y":2.5706,"x":9.5766}}],"name":"t2"},{"frame":[{"tweenEasing":0,"duration":20,"transform":{}},{"tweenEasing":0,"duration":20,"transform":{"skX":11.518,"skY":11.518}},{"duration":0,"transform":{}}],"name":"s1"},{"frame":[{"tweenEasing":0,"duration":20,"transform":{"y":-1.1879,"skX":-5.7667,"skY":-5.7667,"x":-4.4572}},{"tweenEasing":0,"duration":20,"transform":{"y":-1.1879,"skX":5.7513,"skY":5.7513,"x":-4.4572}},{"duration":0,"transform":{"y":-1.1879,"skX":-5.7667,"skY":-5.7667,"x":-4.4572}}],"name":"s2"},{"frame":[{"tweenEasing":0,"duration":20,"transform":{}},{"tweenEasing":0,"duration":20,"transform":{"skX":4.1834,"skY":4.1834}},{"duration":0,"transform":{}}],"name":"h1"},{"frame":[{"tweenEasing":0,"duration":20,"transform":{}},{"tweenEasing":0,"duration":20,"transform":{"scY":1.15,"y":-1.0148,"x":0.0472}},{"duration":0,"transform":{}}],"name":"nz"},{"frame":[{"tweenEasing":0,"duration":40,"transform":{}},{"duration":0,"transform":{}}],"name":"st1"},{"frame":[{"tweenEasing":0,"duration":20,"transform":{"scY":1.0308,"y":1.8879,"scX":1.0308,"x":2.0291}},{"tweenEasing":0,"duration":20,"transform":{"scY":1.24,"y":1.8879,"scX":1.09,"x":2.0291}},{"duration":0,"transform":{"scY":1.0308,"y":1.8879,"scX":1.0308,"x":2.0291}}],"name":"bone1"},{"frame":[{"duration":40,"transform":{}}],"name":"a0001"},{"frame":[{"duration":40,"transform":{}}],"name":"a00011"},{"frame":[{"duration":40,"transform":{}}],"name":"item1"},{"frame":[{"duration":40,"transform":{}}],"name":"item2"},{"frame":[{"duration":40,"transform":{}}],"name":"dq0001"}],"ik":[],"slot":[{"frame":[{"tweenEasing":null,"displayIndex":-1,"duration":40}],"name":"nz"},{"frame":[{"tweenEasing":null,"displayIndex":1,"duration":40}],"name":"y1"},{"frame":[{"tweenEasing":null,"displayIndex":1,"duration":40}],"name":"z1"}],"ffd":[],"name":"xiao","playTimes":0},{"frame":[],"duration":160,"bone":[{"frame":[{"duration":160,"transform":{}}],"name":"root"},{"frame":[{"tweenEasing":0,"duration":65,"transform":{}},{"tweenEasing":0,"duration":40,"transform":{}},{"tweenEasing":0,"duration":20,"transform":{}},{"tweenEasing":0,"duration":35,"transform":{}},{"duration":0,"transform":{}}],"name":"bone"},{"frame":[{"tweenEasing":0,"duration":65,"transform":{}},{"tweenEasing":0,"duration":40,"transform":{}},{"tweenEasing":0,"duration":20,"transform":{"skX":-7.3236,"skY":-7.3236}},{"tweenEasing":0,"duration":35,"transform":{"skX":12.9133,"skY":12.9133,"x":16.9534}},{"duration":0,"transform":{"skX":12.9133,"skY":12.9133,"x":16.9534}}],"name":"st"},{"frame":[{"tweenEasing":0,"duration":65,"transform":{}},{"tweenEasing":0,"duration":40,"transform":{}},{"tweenEasing":0,"duration":20,"transform":{}},{"tweenEasing":0,"duration":35,"transform":{"y":1.6245,"x":4.9896}},{"duration":0,"transform":{"y":1.6245,"x":4.9896}}],"name":"t1"},{"frame":[{"tweenEasing":0,"duration":65,"transform":{}},{"tweenEasing":0,"duration":40,"transform":{}},{"tweenEasing":0,"duration":20,"transform":{}},{"tweenEasing":0,"duration":35,"transform":{"y":1.5959,"x":6.5829}},{"duration":0,"transform":{"y":1.5959,"x":6.5829}}],"name":"t2"},{"frame":[{"tweenEasing":0,"duration":65,"transform":{}},{"tweenEasing":0,"duration":40,"transform":{}},{"tweenEasing":0,"duration":20,"transform":{"skX":9.5065,"skY":9.5065}},{"tweenEasing":0,"duration":35,"transform":{"y":5.9652,"skX":-43.0695,"skY":-43.0695,"x":4.3176}},{"duration":0,"transform":{"y":5.9652,"skX":-43.0695,"skY":-43.0695,"x":4.3176}}],"name":"s1"},{"frame":[{"tweenEasing":0,"duration":65,"transform":{}},{"tweenEasing":0,"duration":40,"transform":{}},{"tweenEasing":0,"duration":20,"transform":{"skX":7.4591,"skY":7.4591}},{"tweenEasing":0,"duration":35,"transform":{"y":-1.1212,"skX":-65.4788,"skY":-65.4788,"x":-4.2955}},{"duration":0,"transform":{"y":-1.1212,"skX":-65.4788,"skY":-65.4788,"x":-4.2955}}],"name":"s2"},{"frame":[{"tweenEasing":0,"duration":65,"transform":{}},{"tweenEasing":0,"duration":40,"transform":{}},{"tweenEasing":0,"duration":20,"transform":{"skX":-3.902,"skY":-3.902}},{"tweenEasing":0,"duration":35,"transform":{"y":16.9765,"skX":13.733,"skY":13.733,"x":4.6923}},{"duration":0,"transform":{"y":16.9765,"skX":13.733,"skY":13.733,"x":4.6923}}],"name":"h1"},{"frame":[{"tweenEasing":0,"duration":65,"transform":{}},{"tweenEasing":0,"duration":40,"transform":{}},{"tweenEasing":0,"duration":20,"transform":{}},{"tweenEasing":0,"duration":35,"transform":{"scY":1.15,"y":-1.0148,"x":0.0472}},{"duration":0,"transform":{"scY":1.15,"y":-1.0148,"x":0.0472}}],"name":"nz"},{"frame":[{"tweenEasing":0,"duration":65,"transform":{}},{"tweenEasing":0,"duration":40,"transform":{}},{"tweenEasing":0,"duration":20,"transform":{}},{"tweenEasing":0,"duration":35,"transform":{"skX":17.4682,"skY":17.4682,"x":16.9534}},{"duration":0,"transform":{"skX":17.4682,"skY":17.4682,"x":16.9534}}],"name":"st1"},{"frame":[{"duration":160,"transform":{}}],"name":"bone1"},{"frame":[{"duration":160,"transform":{}}],"name":"a0001"},{"frame":[{"duration":160,"transform":{}}],"name":"a00011"},{"frame":[{"duration":160,"transform":{}}],"name":"item1"},{"frame":[{"curve":[0,0,0.5,1],"duration":30,"transform":{"y":-181.5426}},{"duration":130,"transform":{"y":-1.9578,"x":7.1193}}],"name":"item2"},{"frame":[{"duration":32,"transform":{}},{"tweenEasing":0,"duration":10,"transform":{}},{"tweenEasing":0,"duration":10,"transform":{}},{"tweenEasing":0,"duration":14,"transform":{"scY":2.2,"scX":2.2}},{"duration":94,"transform":{"scY":2.2,"scX":2.2}}],"name":"dq0001"}],"ik":[],"slot":[{"frame":[{"tweenEasing":0,"duration":65,"color":{"aM":0}},{"tweenEasing":0,"duration":40,"color":{"aM":0}},{"tweenEasing":null,"duration":55}],"name":"h2"},{"frame":[{"tweenEasing":0,"duration":30,"color":{"aM":0}},{"tweenEasing":null,"duration":130}],"name":"item2"},{"frame":[{"tweenEasing":null,"displayIndex":-1,"duration":32},{"tweenEasing":null,"duration":1},{"tweenEasing":null,"displayIndex":1,"duration":1},{"tweenEasing":null,"displayIndex":2,"duration":1},{"tweenEasing":null,"displayIndex":3,"duration":1},{"tweenEasing":null,"displayIndex":4,"duration":1},{"tweenEasing":null,"displayIndex":5,"duration":1},{"tweenEasing":null,"displayIndex":6,"duration":1},{"tweenEasing":null,"displayIndex":7,"duration":1},{"tweenEasing":null,"displayIndex":8,"duration":1},{"tweenEasing":null,"displayIndex":9,"duration":1},{"tweenEasing":null,"displayIndex":10,"duration":1},{"tweenEasing":null,"displayIndex":11,"duration":1},{"tweenEasing":null,"displayIndex":12,"duration":1},{"tweenEasing":null,"displayIndex":13,"duration":1},{"tweenEasing":null,"displayIndex":14,"duration":1},{"tweenEasing":null,"displayIndex":15,"duration":1},{"tweenEasing":null,"displayIndex":16,"duration":1},{"tweenEasing":null,"displayIndex":17,"duration":1},{"tweenEasing":null,"displayIndex":18,"duration":1},{"tweenEasing":null,"displayIndex":19,"duration":1},{"tweenEasing":null,"displayIndex":20,"duration":1},{"tweenEasing":null,"displayIndex":21,"duration":1},{"tweenEasing":null,"displayIndex":22,"duration":1},{"tweenEasing":null,"displayIndex":23,"duration":1},{"tweenEasing":null,"displayIndex":24,"duration":1},{"tweenEasing":null,"displayIndex":25,"duration":1},{"tweenEasing":null,"displayIndex":26,"duration":1},{"tweenEasing":null,"displayIndex":27,"duration":1},{"tweenEasing":null,"displayIndex":28,"duration":1},{"tweenEasing":null,"displayIndex":29,"duration":1},{"tweenEasing":null,"displayIndex":30,"duration":1},{"tweenEasing":null,"displayIndex":31,"duration":1},{"tweenEasing":null,"displayIndex":32,"duration":1},{"tweenEasing":null,"displayIndex":33,"duration":1},{"tweenEasing":0,"displayIndex":34,"duration":1},{"tweenEasing":0,"displayIndex":35,"duration":1,"color":{"aM":88}},{"tweenEasing":0,"displayIndex":36,"duration":1,"color":{"aM":77}},{"tweenEasing":0,"displayIndex":37,"duration":1,"color":{"aM":66}},{"tweenEasing":0,"displayIndex":38,"duration":1,"color":{"aM":55}},{"tweenEasing":0,"displayIndex":39,"duration":1,"color":{"aM":44}},{"tweenEasing":0,"displayIndex":40,"duration":1,"color":{"aM":33}},{"tweenEasing":0,"displayIndex":41,"duration":1,"color":{"aM":22}},{"tweenEasing":0,"displayIndex":42,"duration":1,"color":{"aM":11}},{"tweenEasing":null,"displayIndex":43,"duration":85,"color":{"aM":0}}],"name":"dq0001"}],"ffd":[],"name":"du","playTimes":0},{"frame":[],"duration":60,"bone":[{"frame":[{"duration":60,"transform":{}}],"name":"root"},{"frame":[{"tweenEasing":0,"duration":15,"transform":{}},{"tweenEasing":0,"duration":5,"transform":{}},{"tweenEasing":0,"duration":1,"transform":{}},{"tweenEasing":0,"duration":4,"transform":{"scY":0.9,"scX":1.1}},{"tweenEasing":0,"duration":4,"transform":{"scY":1.05,"scX":0.95}},{"tweenEasing":0,"duration":7,"transform":{"skX":-0.3952,"skY":-0.3952}},{"tweenEasing":0,"duration":14,"transform":{"skX":-1.0868,"skY":-1.0868}},{"tweenEasing":0,"duration":10,"transform":{"skX":-0.2496,"skY":-0.2496}},{"duration":0,"transform":{}}],"name":"bone"},{"frame":[{"tweenEasing":0,"duration":15,"transform":{}},{"tweenEasing":0,"duration":5,"transform":{"skX":-5.9165,"skY":-5.9165}},{"tweenEasing":0,"duration":5,"transform":{"y":1.2558,"skX":15.4051,"skY":15.4051,"x":20.7209}},{"tweenEasing":0,"duration":11,"transform":{"skX":12.9133,"skY":12.9133,"x":16.9534}},{"tweenEasing":0,"duration":14,"transform":{"skX":11.8265,"skY":11.8265,"x":16.9534}},{"tweenEasing":0,"duration":10,"transform":{"skX":12.6636,"skY":12.6636,"x":16.9534}},{"duration":0,"transform":{"skX":12.9133,"skY":12.9133,"x":16.9534}}],"name":"st"},{"frame":[{"tweenEasing":0,"duration":15,"transform":{}},{"tweenEasing":0,"duration":5,"transform":{"y":1.6245,"x":4.9896}},{"tweenEasing":0,"duration":5,"transform":{"y":1.6245,"skX":12.5265,"skY":12.5265,"x":4.9896}},{"tweenEasing":0,"duration":11,"transform":{"y":1.6245,"x":4.9896}},{"tweenEasing":0,"duration":14,"transform":{"y":1.6245,"skX":-1.0868,"skY":-1.0868,"x":4.9896}},{"tweenEasing":0,"duration":10,"transform":{"y":1.6245,"skX":-0.2496,"skY":-0.2496,"x":4.9896}},{"duration":0,"transform":{"y":1.6245,"x":4.9896}}],"name":"t1"},{"frame":[{"tweenEasing":0,"duration":12,"transform":{"y":2.5706,"x":9.5766}},{"tweenEasing":0,"duration":3,"transform":{"y":1.271,"x":5.5849}},{"tweenEasing":0,"duration":5,"transform":{"y":1.5959,"x":6.5829}},{"tweenEasing":0,"duration":5,"transform":{"y":1.5959,"skX":10.3272,"skY":10.3272,"x":6.5829}},{"tweenEasing":0,"duration":11,"transform":{"y":1.5959,"x":6.5829}},{"tweenEasing":0,"duration":14,"transform":{"y":1.5959,"skX":-1.0868,"skY":-1.0868,"x":6.5829}},{"tweenEasing":0,"duration":10,"transform":{"y":1.5959,"skX":-0.2496,"skY":-0.2496,"x":6.5829}},{"duration":0,"transform":{"y":1.5959,"x":6.5829}}],"name":"t2"},{"frame":[{"tweenEasing":0,"duration":15,"transform":{}},{"tweenEasing":0,"duration":5,"transform":{"y":1.0001,"skX":-12.3572,"skY":-12.3572,"x":2.4256}},{"tweenEasing":0,"duration":5,"transform":{"y":5.9652,"skX":-43.0695,"skY":-43.0695,"x":4.3176}},{"tweenEasing":0,"duration":11,"transform":{"y":5.9652,"skX":-43.0695,"skY":-43.0695,"x":4.3176}},{"tweenEasing":0,"duration":14,"transform":{"y":5.9652,"skX":-44.1563,"skY":-44.1563,"x":4.3176}},{"tweenEasing":0,"duration":10,"transform":{"y":5.9652,"skX":-43.3192,"skY":-43.3192,"x":4.3176}},{"duration":0,"transform":{"y":5.9652,"skX":-43.0695,"skY":-43.0695,"x":4.3176}}],"name":"s1"},{"frame":[{"tweenEasing":0,"duration":7,"transform":{"y":-1.1879,"skX":-5.7667,"skY":-5.7667,"x":-4.4572}},{"tweenEasing":0,"duration":8,"transform":{"y":-1.6546,"x":-5.5892}},{"tweenEasing":0,"duration":5,"transform":{"y":-1.1212,"skX":-6.5905,"skY":-6.5905,"x":-4.2955}},{"tweenEasing":0,"duration":5,"transform":{"y":-1.1212,"skX":-65.4788,"skY":-65.4788,"x":-4.2955}},{"tweenEasing":0,"duration":11,"transform":{"y":-1.1212,"skX":-65.4788,"skY":-65.4788,"x":-4.2955}},{"tweenEasing":0,"duration":14,"transform":{"y":-1.1212,"skX":-66.5655,"skY":-66.5655,"x":-4.2955}},{"tweenEasing":0,"duration":10,"transform":{"y":-1.1212,"skX":-65.7284,"skY":-65.7284,"x":-4.2955}},{"duration":0,"transform":{"y":-1.1212,"skX":-65.4788,"skY":-65.4788,"x":-4.2955}}],"name":"s2"},{"frame":[{"tweenEasing":0,"duration":15,"transform":{}},{"tweenEasing":0,"duration":5,"transform":{"skX":4.1834,"skY":4.1834}},{"tweenEasing":0,"duration":5,"transform":{"y":16.8081,"skX":9.0665,"skY":9.0665,"x":9.0685}},{"tweenEasing":0,"duration":11,"transform":{"y":15.5449,"skX":1.1225,"skY":1.1225,"x":7.8522}},{"tweenEasing":0,"duration":14,"transform":{"y":15.5449,"skX":0.0358,"skY":0.0358,"x":7.8522}},{"tweenEasing":0,"duration":10,"transform":{"y":15.5449,"skX":0.8729,"skY":0.8729,"x":7.8522}},{"duration":0,"transform":{"y":15.5449,"skX":1.1225,"skY":1.1225,"x":7.8522}}],"name":"h1"},{"frame":[{"tweenEasing":0,"duration":15,"transform":{}},{"tweenEasing":0,"duration":5,"transform":{"scY":1.15,"y":-1.0148,"x":0.0472}},{"tweenEasing":0,"duration":5,"transform":{"scY":1.15,"y":-1.0148,"x":0.0472}},{"tweenEasing":0,"duration":11,"transform":{"scY":1.15,"y":-1.0148,"x":0.0472}},{"tweenEasing":0,"duration":14,"transform":{"scY":1.15,"y":-1.0148,"skX":-1.0868,"skY":-1.0868,"x":0.0472}},{"tweenEasing":0,"duration":10,"transform":{"scY":1.15,"y":-1.0148,"skX":-0.2496,"skY":-0.2496,"x":0.0472}},{"duration":0,"transform":{"scY":1.15,"y":-1.0148,"x":0.0472}}],"name":"nz"},{"frame":[{"tweenEasing":0,"duration":15,"transform":{}},{"tweenEasing":0,"duration":5,"transform":{}},{"tweenEasing":0,"duration":5,"transform":{"skX":33.5149,"skY":33.5149,"x":16.9534}},{"tweenEasing":0,"duration":11,"transform":{"skX":17.4682,"skY":17.4682,"x":16.9534}},{"tweenEasing":0,"duration":14,"transform":{"skX":16.3815,"skY":16.3815,"x":16.9534}},{"tweenEasing":0,"duration":10,"transform":{"skX":17.2186,"skY":17.2186,"x":16.9534}},{"duration":0,"transform":{"skX":17.4682,"skY":17.4682,"x":16.9534}}],"name":"st1"},{"frame":[{"duration":36,"transform":{}},{"tweenEasing":0,"duration":14,"transform":{"skX":-1.0868,"skY":-1.0868}},{"duration":10,"transform":{"skX":-0.7644,"skY":-0.7644}}],"name":"bone1"},{"frame":[{"duration":60,"transform":{}}],"name":"a0001"},{"frame":[{"duration":60,"transform":{}}],"name":"a00011"},{"frame":[{"duration":60,"transform":{}}],"name":"item1"},{"frame":[{"duration":60,"transform":{}}],"name":"item2"},{"frame":[{"duration":60,"transform":{}}],"name":"dq0001"}],"ik":[],"slot":[{"frame":[{"tweenEasing":null,"displayIndex":-1,"duration":20},{"tweenEasing":null,"duration":40}],"name":"y1"}],"ffd":[],"name":"shuai","playTimes":0},{"frame":[],"duration":60,"bone":[{"frame":[{"duration":60,"transform":{}}],"name":"root"},{"frame":[{"tweenEasing":0,"duration":5,"transform":{"scY":0.1,"scX":0.1}},{"tweenEasing":0,"duration":5,"transform":{"scY":0.2,"y":-14.7655,"skX":-1.3729,"skY":-1.3729}},{"tweenEasing":0,"duration":5,"transform":{"scY":1.2,"y":-29.531,"skX":-2.7458,"skY":-2.7458,"scX":0.6}},{"tweenEasing":0,"duration":5,"transform":{"y":-55.5436,"skX":5.6521,"skY":5.6521}},{"tweenEasing":0,"duration":5,"transform":{"scY":0.8,"y":-5.1141,"skX":0.2886,"skY":0.2886,"scX":1.15}},{"tweenEasing":0,"duration":5,"transform":{"scY":1.1,"y":-4.0951,"skX":3.1793,"skY":3.1793,"scX":0.9}},{"tweenEasing":0,"duration":30,"transform":{}},{"duration":0,"transform":{}}],"name":"bone"},{"frame":[{"tweenEasing":0,"duration":15,"transform":{}},{"tweenEasing":0,"duration":15,"transform":{}},{"tweenEasing":0,"duration":30,"transform":{"skX":12.9133,"skY":12.9133,"x":16.9534}},{"duration":0,"transform":{}}],"name":"st"},{"frame":[{"tweenEasing":0,"duration":15,"transform":{}},{"tweenEasing":0,"duration":15,"transform":{}},{"tweenEasing":0,"duration":30,"transform":{"skX":17.4682,"skY":17.4682,"x":16.9534}},{"duration":0,"transform":{}}],"name":"st1"},{"frame":[{"tweenEasing":0,"duration":15,"transform":{}},{"tweenEasing":0,"duration":15,"transform":{}},{"tweenEasing":0,"duration":30,"transform":{"y":1.6245,"x":4.9896}},{"duration":0,"transform":{}}],"name":"t1"},{"frame":[{"tweenEasing":0,"duration":15,"transform":{}},{"tweenEasing":0,"duration":15,"transform":{}},{"tweenEasing":0,"duration":30,"transform":{"y":1.5959,"x":6.5829}},{"duration":0,"transform":{"y":2.5706,"x":9.5766}}],"name":"t2"},{"frame":[{"tweenEasing":0,"duration":15,"transform":{}},{"tweenEasing":0,"duration":15,"transform":{}},{"tweenEasing":0,"duration":30,"transform":{"y":-1.1212,"skX":-65.4788,"skY":-65.4788,"x":-4.2955}},{"duration":0,"transform":{"y":-1.1879,"skX":-5.7667,"skY":-5.7667,"x":-4.4572}}],"name":"s2"},{"frame":[{"tweenEasing":0,"duration":15,"transform":{}},{"tweenEasing":0,"duration":15,"transform":{}},{"tweenEasing":0,"duration":30,"transform":{"y":15.5449,"skX":1.1225,"skY":1.1225,"x":7.8522}},{"duration":0,"transform":{}}],"name":"h1"},{"frame":[{"tweenEasing":0,"duration":15,"transform":{}},{"tweenEasing":0,"duration":15,"transform":{}},{"tweenEasing":0,"duration":30,"transform":{"y":5.9652,"skX":-43.0695,"skY":-43.0695,"x":4.3176}},{"duration":0,"transform":{}}],"name":"s1"},{"frame":[{"tweenEasing":0,"duration":15,"transform":{}},{"tweenEasing":0,"duration":15,"transform":{}},{"tweenEasing":0,"duration":30,"transform":{"scY":1.15,"y":-1.0148,"x":0.0472}},{"duration":0,"transform":{}}],"name":"nz"},{"frame":[{"tweenEasing":0,"duration":15,"transform":{}},{"tweenEasing":0,"duration":45,"transform":{}},{"duration":0,"transform":{"scY":1.0308,"y":1.8879,"scX":1.0308,"x":2.0291}}],"name":"bone1"},{"frame":[{"duration":60,"transform":{}}],"name":"a0001"},{"frame":[{"duration":60,"transform":{}}],"name":"a00011"},{"frame":[{"duration":60,"transform":{}}],"name":"item1"},{"frame":[{"duration":60,"transform":{}}],"name":"item2"},{"frame":[{"duration":60,"transform":{}}],"name":"dq0001"}],"ik":[],"slot":[{"frame":[{"tweenEasing":null,"displayIndex":-1,"duration":60},{"tweenEasing":null,"displayIndex":-1,"duration":0}],"name":"y1"},{"frame":[{"tweenEasing":null,"duration":60},{"tweenEasing":null,"duration":0}],"name":"nz"},{"frame":[{"tweenEasing":null,"displayIndex":-1,"duration":60},{"tweenEasing":null,"displayIndex":-1,"duration":0}],"name":"z1"}],"ffd":[],"name":"chusheng","playTimes":0},{"frame":[{"tweenEasing":null,"duration":14},{"sound":"soundName","tweenEasing":null,"duration":0,"events":[{"name":"eventName"}]}],"duration":40,"bone":[{"frame":[{"duration":40,"transform":{}}],"name":"root"},{"frame":[{"tweenEasing":0,"duration":40,"transform":{}},{"duration":0,"transform":{}}],"name":"bone"},{"frame":[{"tweenEasing":0,"duration":20,"transform":{}},{"tweenEasing":0,"duration":20,"transform":{"skX":-5.9165,"skY":-5.9165}},{"duration":0,"transform":{}}],"name":"st"},{"frame":[{"tweenEasing":0,"duration":40,"transform":{}},{"duration":0,"transform":{}}],"name":"st1"},{"frame":[{"duration":40,"transform":{}}],"name":"t1"},{"frame":[{"duration":40,"transform":{"y":2.5706,"x":9.5766}}],"name":"t2"},{"frame":[{"tweenEasing":0,"duration":20,"transform":{"y":-1.1879,"skX":-5.7667,"skY":-5.7667,"x":-4.4572}},{"tweenEasing":0,"duration":20,"transform":{"y":-1.1879,"skX":5.7513,"skY":5.7513,"x":-4.4572}},{"duration":0,"transform":{"y":-1.1879,"skX":-5.7667,"skY":-5.7667,"x":-4.4572}}],"name":"s2"},{"frame":[{"tweenEasing":0,"duration":20,"transform":{}},{"tweenEasing":0,"duration":20,"transform":{"skX":4.1834,"skY":4.1834}},{"duration":0,"transform":{}}],"name":"h1"},{"frame":[{"tweenEasing":0,"duration":20,"transform":{}},{"tweenEasing":0,"duration":20,"transform":{"skX":11.518,"skY":11.518}},{"duration":0,"transform":{}}],"name":"s1"},{"frame":[{"tweenEasing":0,"duration":20,"transform":{}},{"tweenEasing":0,"duration":20,"transform":{"scY":1.15,"y":-1.0148,"x":0.0472}},{"duration":0,"transform":{}}],"name":"nz"},{"frame":[{"tweenEasing":0,"duration":20,"transform":{"scY":1.0308,"y":1.8879,"scX":1.0308,"x":2.0291}},{"tweenEasing":0,"duration":20,"transform":{"scY":1.24,"y":1.8879,"scX":1.09,"x":2.0291}},{"duration":0,"transform":{"scY":1.0308,"y":1.8879,"scX":1.0308,"x":2.0291}}],"name":"bone1"},{"frame":[{"duration":40,"transform":{}}],"name":"a0001"},{"frame":[{"duration":40,"transform":{}}],"name":"a00011"},{"frame":[{"duration":40,"transform":{}}],"name":"item1"},{"frame":[{"duration":40,"transform":{}}],"name":"item2"},{"frame":[{"duration":40,"transform":{}}],"name":"dq0001"}],"ik":[],"slot":[{"frame":[{"tweenEasing":null,"displayIndex":-1,"duration":40}],"name":"y1"},{"frame":[{"tweenEasing":null,"duration":40}],"name":"nz"},{"frame":[{"tweenEasing":null,"displayIndex":-1,"duration":40}],"name":"z1"}],"ffd":[],"name":"daiji","playTimes":0},{"frame":[{"tweenEasing":null,"duration":14},{"sound":"soundName","tweenEasing":null,"duration":40,"events":[{"name":"eventName"}]},{"sound":"soundName","tweenEasing":null,"duration":40,"events":[{"name":"eventName"}]},{"sound":"soundName","tweenEasing":null,"duration":0,"events":[{"name":"eventName"}]}],"duration":120,"bone":[{"frame":[{"duration":120,"transform":{}}],"name":"root"},{"frame":[{"tweenEasing":0,"duration":40,"transform":{}},{"tweenEasing":0,"duration":40,"transform":{}},{"tweenEasing":0,"duration":40,"transform":{}},{"duration":0,"transform":{}}],"name":"bone"},{"frame":[{"tweenEasing":0,"duration":20,"transform":{}},{"tweenEasing":0,"duration":20,"transform":{"skX":-5.9165,"skY":-5.9165}},{"tweenEasing":0,"duration":20,"transform":{}},{"tweenEasing":0,"duration":20,"transform":{"skX":-5.9165,"skY":-5.9165}},{"tweenEasing":0,"duration":20,"transform":{}},{"tweenEasing":0,"duration":20,"transform":{"skX":-5.9165,"skY":-5.9165}},{"duration":0,"transform":{}}],"name":"st"},{"frame":[{"tweenEasing":0,"duration":40,"transform":{}},{"tweenEasing":0,"duration":40,"transform":{}},{"tweenEasing":0,"duration":40,"transform":{}},{"duration":0,"transform":{}}],"name":"st1"},{"frame":[{"tweenEasing":0,"duration":40,"transform":{}},{"tweenEasing":0,"duration":40,"transform":{}},{"duration":40,"transform":{}}],"name":"t1"},{"frame":[{"tweenEasing":0,"duration":40,"transform":{"y":2.5706,"x":9.5766}},{"tweenEasing":0,"duration":40,"transform":{"y":2.5706,"x":9.5766}},{"duration":40,"transform":{"y":2.5706,"x":9.5766}}],"name":"t2"},{"frame":[{"tweenEasing":0,"duration":20,"transform":{"y":-1.1879,"skX":-5.7667,"skY":-5.7667,"x":-4.4572}},{"tweenEasing":0,"duration":20,"transform":{"y":-1.1879,"skX":5.7513,"skY":5.7513,"x":-4.4572}},{"tweenEasing":0,"duration":20,"transform":{"y":-1.1879,"skX":-5.7667,"skY":-5.7667,"x":-4.4572}},{"tweenEasing":0,"duration":20,"transform":{"y":-1.1879,"skX":5.7513,"skY":5.7513,"x":-4.4572}},{"tweenEasing":0,"duration":20,"transform":{"y":-1.1879,"skX":-5.7667,"skY":-5.7667,"x":-4.4572}},{"tweenEasing":0,"duration":20,"transform":{"y":-1.1879,"skX":5.7513,"skY":5.7513,"x":-4.4572}},{"duration":0,"transform":{"y":-1.1879,"skX":-5.7667,"skY":-5.7667,"x":-4.4572}}],"name":"s2"},{"frame":[{"tweenEasing":0,"duration":20,"transform":{}},{"tweenEasing":0,"duration":20,"transform":{"skX":4.1834,"skY":4.1834}},{"tweenEasing":0,"duration":20,"transform":{}},{"tweenEasing":0,"duration":20,"transform":{"skX":4.1834,"skY":4.1834}},{"tweenEasing":0,"duration":20,"transform":{}},{"tweenEasing":0,"duration":20,"transform":{"skX":4.1834,"skY":4.1834}},{"duration":0,"transform":{}}],"name":"h1"},{"frame":[{"tweenEasing":0,"duration":20,"transform":{}},{"tweenEasing":0,"duration":20,"transform":{"skX":11.518,"skY":11.518}},{"tweenEasing":0,"duration":20,"transform":{}},{"tweenEasing":0,"duration":20,"transform":{"skX":11.518,"skY":11.518}},{"tweenEasing":0,"duration":20,"transform":{}},{"tweenEasing":0,"duration":20,"transform":{"skX":11.518,"skY":11.518}},{"duration":0,"transform":{}}],"name":"s1"},{"frame":[{"tweenEasing":0,"duration":20,"transform":{}},{"tweenEasing":0,"duration":20,"transform":{"scY":1.15,"y":-1.0148,"x":0.0472}},{"tweenEasing":0,"duration":20,"transform":{}},{"tweenEasing":0,"duration":20,"transform":{"scY":1.15,"y":-1.0148,"x":0.0472}},{"tweenEasing":0,"duration":20,"transform":{}},{"tweenEasing":0,"duration":20,"transform":{"scY":1.15,"y":-1.0148,"x":0.0472}},{"duration":0,"transform":{}}],"name":"nz"},{"frame":[{"tweenEasing":0,"duration":20,"transform":{"scY":1.0308,"y":1.8879,"scX":1.0308,"x":2.0291}},{"tweenEasing":0,"duration":20,"transform":{"scY":1.24,"y":1.8879,"scX":1.09,"x":2.0291}},{"tweenEasing":0,"duration":20,"transform":{"scY":1.0308,"y":1.8879,"scX":1.0308,"x":2.0291}},{"tweenEasing":0,"duration":20,"transform":{"scY":1.24,"y":1.8879,"scX":1.09,"x":2.0291}},{"tweenEasing":0,"duration":20,"transform":{"scY":1.0308,"y":1.8879,"scX":1.0308,"x":2.0291}},{"tweenEasing":0,"duration":20,"transform":{"scY":1.24,"y":1.8879,"scX":1.09,"x":2.0291}},{"duration":0,"transform":{"scY":1.0308,"y":1.8879,"scX":1.0308,"x":2.0291}}],"name":"bone1"},{"frame":[{"duration":120,"transform":{}}],"name":"a0001"},{"frame":[{"duration":120,"transform":{}}],"name":"a00011"},{"frame":[{"tweenEasing":0,"duration":30,"transform":{"y":-31.6589,"x":166.7655}},{"tweenEasing":0,"duration":10,"transform":{"y":-13.7732,"skX":-8.0424,"skY":-8.0424,"x":-17.6561}},{"tweenEasing":0,"duration":20,"transform":{"y":-13.7732,"skX":-8.5067,"skY":-8.5067,"x":-17.6561}},{"tweenEasing":0,"duration":20,"transform":{"y":-13.7732,"skX":-6.3657,"skY":-6.3657,"x":-17.6561}},{"tweenEasing":0,"duration":20,"transform":{"y":-13.7732,"skX":-8.5067,"skY":-8.5067,"x":-17.6561}},{"tweenEasing":0,"duration":20,"transform":{"y":-13.7732,"skX":-6.3657,"skY":-6.3657,"x":-17.6561}},{"duration":0,"transform":{"y":-13.7732,"skX":-8.5067,"skY":-8.5067,"x":-17.6561}}],"name":"item1"},{"frame":[{"duration":120,"transform":{}}],"name":"item2"},{"frame":[{"duration":120,"transform":{}}],"name":"dq0001"}],"ik":[],"slot":[{"frame":[{"tweenEasing":null,"displayIndex":1,"duration":120}],"name":"y1"},{"frame":[{"tweenEasing":null,"displayIndex":-1,"duration":120}],"name":"nz"},{"frame":[{"tweenEasing":null,"displayIndex":-1,"duration":40},{"tweenEasing":null,"displayIndex":-1,"duration":40},{"tweenEasing":null,"displayIndex":-1,"duration":40}],"name":"z1"},{"frame":[{"tweenEasing":0,"duration":30,"color":{"aM":0}},{"tweenEasing":null,"duration":90}],"name":"item1"}],"ffd":[],"name":"henai","playTimes":0}],"type":"Armature","frameRate":60,"bone":[{"name":"root","transform":{}},{"transform":{},"name":"bone","parent":"root"},{"length":14,"transform":{"y":-26.1,"skX":-147.3225,"skY":-147.3225,"x":126.25},"parent":"root","name":"item1"},{"length":22,"transform":{"y":-24.1,"skX":161.9657,"skY":161.9657,"x":-9.6},"parent":"bone","name":"st1"},{"length":22,"transform":{"y":-28.381,"skX":-16.4907,"skY":-16.4907,"x":0.6099},"parent":"bone","name":"st"},{"length":30,"transform":{"y":-109.45,"skX":-105.5033,"skY":-105.5033,"x":304.75},"parent":"bone","name":"item2"},{"length":64,"transform":{"y":-16.0513,"skX":-74.4383,"skY":-74.4383,"x":29.0432},"parent":"st","name":"h1"},{"length":22,"transform":{"y":3.7862,"skX":81.0971,"skY":81.0971,"x":36.548},"parent":"st","name":"s2"},{"length":17,"transform":{"y":4.3518,"skX":9.9507,"skY":9.9507,"x":34.1427},"parent":"st1","name":"t2"},{"length":41,"transform":{"y":-4.2392,"skX":-12.7157,"skY":-12.7157,"x":25.8447},"parent":"st1","name":"t1"},{"length":21,"transform":{"y":1.484,"skX":68.8158,"skY":68.8158,"x":16.9947},"parent":"st","name":"s1"},{"length":30,"transform":{"y":-20.6863,"skX":-82.8493,"skY":-82.8493,"x":68.5221},"parent":"item2","name":"dq0001"},{"length":12,"transform":{"y":36.0998,"skX":87.5494,"skY":87.5494,"x":8.5529},"parent":"h1","name":"nz"},{"transform":{"y":31.2346,"x":8.4117},"name":"bone1","parent":"h1"},{"length":22,"transform":{"y":-9.2099,"skX":-178.294,"skY":-178.294,"x":43.9166},"parent":"h1","name":"a0001"},{"length":22,"transform":{"y":43.3029,"skX":-5.169,"skY":174.831,"x":46.2422},"parent":"h1","name":"a00011"}],"defaultActions":[{"gotoAndPlay":"zuo"}],"slot":[{"name":"t2","parent":"t2","color":{}},{"z":1,"name":"s2","parent":"s2","color":{}},{"z":2,"name":"st","parent":"st1","color":{}},{"z":3,"name":"t1","parent":"t1","color":{}},{"z":4,"name":"s1","parent":"s1","color":{}},{"z":5,"name":"h1","parent":"h1","color":{}},{"z":6,"name":"h2","parent":"h1","color":{"aM":0}},{"displayIndex":-1,"z":7,"name":"y1","parent":"h1","color":{}},{"z":8,"name":"nz","parent":"nz","color":{}},{"displayIndex":-1,"z":9,"name":"z1","parent":"bone1","color":{}},{"displayIndex":-1,"z":10,"name":"a0001","parent":"a0001","color":{}},{"displayIndex":-1,"z":11,"name":"a00011","parent":"a00011","color":{}},{"displayIndex":-1,"z":12,"name":"item1","parent":"item1","color":{}},{"displayIndex":-1,"z":13,"name":"dq0001","parent":"dq0001","color":{}},{"displayIndex":-1,"z":14,"name":"item2","parent":"item2","color":{}}],"name":"baobao"}]}