{"width":2048,"SubTexture":[{"width":28,"y":49,"height":34,"name":"t2","x":760},{"width":29,"y":138,"height":40,"name":"s2","x":634},{"width":151,"y":912,"height":67,"name":"st","x":413},{"width":57,"y":1,"height":46,"name":"t1","x":760},{"width":49,"y":751,"height":55,"name":"s1","x":834},{"width":124,"y":1,"height":135,"name":"h2","x":634},{"width":124,"y":183,"height":135,"name":"h1","x":540},{"width":82,"y":478,"height":36,"name":"y2","x":632},{"width":82,"y":950,"height":36,"name":"y1","x":211},{"width":42,"y":538,"height":43,"name":"nz","x":976},{"width":27,"y":833,"height":40,"name":"z1","x":726},{"width":40,"y":583,"height":25,"name":"z2","x":976},{"frameY":-8,"y":1,"frameWidth":153,"frameX":-28,"frameHeight":241,"width":69,"height":200,"name":"a0002","x":894},{"frameY":-7,"y":816,"frameWidth":153,"frameX":-27,"frameHeight":241,"width":65,"height":201,"name":"a0005","x":1044},{"frameY":-7,"y":206,"frameWidth":153,"frameX":-30,"frameHeight":241,"width":69,"height":203,"name":"a0008","x":880},{"frameY":-7,"y":1,"frameWidth":153,"frameX":-28,"frameHeight":241,"width":66,"height":200,"name":"a0004","x":965},{"frameY":-7,"y":1,"frameWidth":153,"frameX":-29,"frameHeight":241,"width":70,"height":203,"name":"a0009","x":822},{"frameY":-7,"y":411,"frameWidth":153,"frameX":-27,"frameHeight":241,"width":67,"height":202,"name":"a0006","x":907},{"frameY":-7,"y":138,"frameWidth":153,"frameX":-26,"frameHeight":241,"width":73,"height":201,"name":"a0013","x":747},{"frameY":-7,"y":203,"frameWidth":153,"frameX":-29,"frameHeight":241,"width":67,"height":200,"name":"a0003","x":951},{"frameY":-7,"y":816,"frameWidth":153,"frameX":-28,"frameHeight":241,"width":65,"height":199,"name":"a0015","x":1111},{"frameY":-7,"y":615,"frameWidth":153,"frameX":-29,"frameHeight":241,"width":66,"height":199,"name":"a0016","x":907},{"frameY":-7,"y":816,"frameWidth":153,"frameX":-27,"frameHeight":241,"width":66,"height":199,"name":"a0014","x":976},{"frameY":-7,"y":138,"frameWidth":153,"frameX":-24,"frameHeight":241,"width":79,"height":204,"name":"a0012","x":666},{"frameY":-7,"y":546,"frameWidth":153,"frameX":-28,"frameHeight":241,"width":71,"height":203,"name":"a0007","x":834},{"frameY":-7,"y":344,"frameWidth":153,"frameX":-26,"frameHeight":241,"width":74,"height":204,"name":"a0011","x":730},{"frameY":-8,"y":341,"frameWidth":153,"frameX":-27,"frameHeight":241,"width":72,"height":203,"name":"a0010","x":806},{"frameY":-7,"y":615,"frameWidth":153,"frameX":-29,"frameHeight":241,"width":66,"height":199,"name":"a0001","x":975},{"frameY":0,"y":886,"frameWidth":168,"frameX":-24,"frameHeight":137,"width":128,"height":136,"name":"item1","x":621},{"frameY":-8,"y":1,"frameWidth":132,"frameX":-14,"frameHeight":196,"width":99,"height":185,"name":"dq0038","x":109},{"frameY":-162,"y":502,"frameWidth":132,"frameX":-67,"frameHeight":196,"width":15,"height":31,"name":"dq0001","x":880},{"frameY":-105,"y":538,"frameWidth":132,"frameX":-56,"frameHeight":196,"width":24,"height":89,"name":"dq0004","x":1043},{"frameY":-105,"y":411,"frameWidth":132,"frameX":-56,"frameHeight":196,"width":25,"height":89,"name":"dq0003","x":880},{"frameY":-3,"y":571,"frameWidth":132,"frameX":-16,"frameHeight":196,"width":100,"height":192,"name":"dq0039","x":109},{"frameY":-3,"y":377,"frameWidth":132,"frameX":-16,"frameHeight":196,"width":100,"height":192,"name":"dq0023","x":106},{"frameY":-6,"y":584,"frameWidth":132,"frameX":-12,"frameHeight":196,"width":106,"height":188,"name":"dq0032","x":1},{"frameY":-19,"y":534,"frameWidth":132,"frameX":-13,"frameHeight":196,"width":103,"height":174,"name":"dq0034","x":517},{"frameY":-3,"y":570,"frameWidth":132,"frameX":-16,"frameHeight":196,"width":100,"height":191,"name":"dq0024","x":211},{"frameY":-39,"y":676,"frameWidth":132,"frameX":-13,"frameHeight":196,"width":106,"height":155,"name":"dq0012","x":726},{"frameY":-126,"y":538,"frameWidth":132,"frameX":-64,"frameHeight":196,"width":17,"height":67,"name":"dq0002","x":1020},{"frameY":-14,"y":186,"frameWidth":132,"frameX":-13,"frameHeight":196,"width":106,"height":180,"name":"dq0028","x":215},{"frameY":-62,"y":344,"frameWidth":132,"frameX":-21,"frameHeight":196,"width":92,"height":132,"name":"dq0009","x":632},{"frameY":-19,"y":710,"frameWidth":132,"frameX":-13,"frameHeight":196,"width":103,"height":174,"name":"dq0018","x":621},{"frameY":0,"y":774,"frameWidth":132,"frameX":-16,"frameHeight":196,"width":103,"height":193,"name":"dq0042","x":1},{"frameY":-22,"y":183,"frameWidth":132,"frameX":-12,"frameHeight":196,"width":106,"height":172,"name":"dq0016","x":323},{"frameY":-8,"y":543,"frameWidth":132,"frameX":-14,"frameHeight":196,"width":99,"height":185,"name":"dq0037","x":313},{"frameY":0,"y":192,"frameWidth":132,"frameX":-16,"frameHeight":196,"width":103,"height":194,"name":"dq0025","x":1},{"frameY":-27,"y":351,"frameWidth":132,"frameX":-12,"frameHeight":196,"width":107,"height":166,"name":"dq0013","x":523},{"frameY":0,"y":774,"frameWidth":132,"frameX":-16,"frameHeight":196,"width":103,"height":193,"name":"dq0026","x":106},{"frameY":-69,"y":203,"frameWidth":132,"frameX":-31,"frameHeight":196,"width":74,"height":126,"name":"dq0007","x":1020},{"frameY":-3,"y":377,"frameWidth":132,"frameX":-16,"frameHeight":196,"width":100,"height":191,"name":"dq0040","x":208},{"frameY":-62,"y":405,"frameWidth":132,"frameX":-21,"frameHeight":196,"width":92,"height":131,"name":"dq0010","x":976},{"frameY":-19,"y":725,"frameWidth":132,"frameX":-13,"frameHeight":196,"width":103,"height":175,"name":"dq0017","x":516},{"frameY":-39,"y":833,"frameWidth":132,"frameX":-13,"frameHeight":196,"width":106,"height":155,"name":"dq0044","x":868},{"frameY":-10,"y":1,"frameWidth":132,"frameX":-12,"frameHeight":196,"width":107,"height":183,"name":"dq0030","x":211},{"frameY":-19,"y":357,"frameWidth":132,"frameX":-13,"frameHeight":196,"width":103,"height":175,"name":"dq0033","x":418},{"frameY":-6,"y":1,"frameWidth":132,"frameX":-12,"frameHeight":196,"width":106,"height":189,"name":"dq0031","x":1},{"frameY":-22,"y":368,"frameWidth":132,"frameX":-12,"frameHeight":196,"width":106,"height":173,"name":"dq0015","x":310},{"frameY":0,"y":388,"frameWidth":132,"frameX":-16,"frameHeight":196,"width":103,"height":194,"name":"dq0041","x":1},{"frameY":-69,"y":1,"frameWidth":132,"frameX":-31,"frameHeight":196,"width":74,"height":125,"name":"dq0008","x":1033},{"frameY":-14,"y":543,"frameWidth":132,"frameX":-13,"frameHeight":196,"width":101,"height":180,"name":"dq0035","x":414},{"frameY":-14,"y":1,"frameWidth":132,"frameX":-13,"frameHeight":196,"width":101,"height":180,"name":"dq0019","x":531},{"frameY":-39,"y":519,"frameWidth":132,"frameX":-13,"frameHeight":196,"width":106,"height":155,"name":"dq0011","x":622},{"frameY":-14,"y":730,"frameWidth":132,"frameX":-13,"frameHeight":196,"width":101,"height":180,"name":"dq0036","x":413},{"frameY":-10,"y":192,"frameWidth":132,"frameX":-12,"frameHeight":196,"width":107,"height":183,"name":"dq0029","x":106},{"frameY":-14,"y":1,"frameWidth":132,"frameX":-13,"frameHeight":196,"width":106,"height":180,"name":"dq0027","x":320},{"frameY":-39,"y":833,"frameWidth":132,"frameX":-13,"frameHeight":196,"width":106,"height":155,"name":"dq0043","x":760},{"frameY":-87,"y":206,"frameWidth":132,"frameX":-47,"frameHeight":196,"width":44,"height":106,"name":"dq0006","x":822},{"frameY":-87,"y":902,"frameWidth":132,"frameX":-47,"frameHeight":196,"width":44,"height":106,"name":"dq0005","x":566},{"frameY":-8,"y":763,"frameWidth":132,"frameX":-14,"frameHeight":196,"width":99,"height":185,"name":"dq0021","x":312},{"frameY":-27,"y":183,"frameWidth":132,"frameX":-12,"frameHeight":196,"width":107,"height":166,"name":"dq0014","x":431},{"frameY":-8,"y":763,"frameWidth":132,"frameX":-14,"frameHeight":196,"width":99,"height":185,"name":"dq0022","x":211},{"frameY":-14,"y":1,"frameWidth":132,"frameX":-13,"frameHeight":196,"width":101,"height":180,"name":"dq0020","x":428},{"frameY":-15,"y":550,"frameWidth":132,"frameX":-20,"frameHeight":132,"width":92,"height":101,"name":"item2","x":730}],"height":1024,"name":"baobao","imagePath":"baobao_tex.png"}