{"frameRate":24,"isGlobal":0,"name":"xx","version":"5.0","armature":[{"aabb":{"width":65.84471616701555,"y":-35.804893254543686,"height":88.28818746099618,"x":-35.0450392846813},"skin":[{"name":"","slot":[{"display":[{"path":"gift","type":"image","name":"gift","transform":{"y":-0.4155,"x":0.3492}}],"name":"gift1"},{"display":[{"path":"gift","type":"image","name":"gift","transform":{"y":1.0791,"x":0.2224}}],"name":"gift2"},{"display":[{"path":"gift","type":"image","name":"gift","transform":{}}],"name":"gift8"},{"display":[{"path":"gift","type":"image","name":"gift","transform":{"y":-0.4107,"x":0.1729}}],"name":"gift4"},{"display":[{"path":"gift","type":"image","name":"gift","transform":{"y":0.3563,"x":-0.2662}}],"name":"gift11"},{"display":[{"path":"gift","type":"image","name":"gift","transform":{}}],"name":"gift14"},{"display":[{"path":"gift","type":"image","name":"gift","transform":{"y":0.3314,"x":-0.3908}}],"name":"gift5"},{"display":[{"path":"mfb","type":"image","name":"mfb","transform":{"skY":-42.2452,"y":-98.0138,"scX":1.7251,"scY":1.7251,"skX":-42.2452,"x":0.9929}}],"name":"mfb"},{"display":[{"path":"gift","type":"image","name":"gift","transform":{}}],"name":"gift"},{"display":[{"path":"gift","type":"image","name":"gift","transform":{}}],"name":"gift3"},{"display":[{"path":"gift","type":"image","name":"gift","transform":{}}],"name":"gift12"},{"display":[{"path":"gift","type":"image","name":"gift","transform":{}}],"name":"gift16"},{"display":[{"path":"gift","type":"image","name":"gift","transform":{}}],"name":"gift13"},{"display":[{"path":"gift","type":"image","name":"gift","transform":{"y":-0.2285,"x":-0.6266}}],"name":"gift9"},{"display":[{"path":"gift","type":"image","name":"gift","transform":{"y":-0.9322,"x":-0.5764}}],"name":"gift7"},{"display":[{"path":"gift","type":"image","name":"gift","transform":{"y":0.4158,"x":-0.1876}}],"name":"gift6"},{"display":[{"path":"gift","type":"image","name":"gift","transform":{"y":-0.4459,"x":-0.4035}}],"name":"gift10"},{"display":[{"path":"gift","type":"image","name":"gift","transform":{}}],"name":"gift15"}]}],"animation":[{"frame":[],"duration":30,"bone":[{"frame":[{"duration":30,"transform":{}}],"name":"root"},{"frame":[{"tweenEasing":0,"duration":7,"transform":{"scX":0.5,"scY":0.5}},{"tweenEasing":0,"duration":7,"transform":{"scX":1.5,"scY":1.5}},{"duration":16,"transform":{"scX":0.5,"scY":0.5}}],"name":"bone3"},{"frame":[{"duration":1,"transform":{"y":-33.9564,"x":-84.6795}},{"tweenEasing":0,"duration":7,"transform":{"y":-33.9564,"scX":0.5,"scY":0.5,"x":-84.6795}},{"tweenEasing":0,"duration":7,"transform":{"y":-33.9564,"scX":1.5,"scY":1.5,"x":-84.6795}},{"tweenEasing":0,"duration":1,"transform":{"y":-33.9564,"scX":0.5,"scY":0.5,"x":-84.6795}},{"tweenEasing":0,"duration":7,"transform":{"y":-9.1144,"scX":0.5,"scY":0.5,"x":-45.239}},{"tweenEasing":0,"duration":7,"transform":{"y":-9.1144,"scX":1.5,"scY":1.5,"x":-45.239}},{"duration":0,"transform":{"y":-9.1144,"scX":0.5,"scY":0.5,"x":-45.239}}],"name":"bone31"},{"frame":[{"tweenEasing":0,"duration":2,"transform":{"y":-4.762,"scX":0.5,"scY":0.5,"x":-99.3324}},{"tweenEasing":0,"duration":7,"transform":{"y":-11.2545,"scX":0.5,"scY":0.5,"x":-159.0537}},{"tweenEasing":0,"duration":7,"transform":{"y":-11.2545,"scX":1.5,"scY":1.5,"x":-159.0537}},{"tweenEasing":0,"duration":1,"transform":{"y":-11.2545,"scX":0.5,"scY":0.5,"x":-159.0537}},{"tweenEasing":0,"duration":7,"transform":{"y":-5.8363,"scX":0.5,"scY":0.5,"x":-78.9375}},{"duration":6,"transform":{"y":-5.8363,"scX":1.5,"scY":1.5,"x":-78.9375}},{"duration":0,"transform":{"y":-23.7832,"scX":1.5,"scY":1.5,"x":-46.848}}],"name":"bone32"},{"frame":[{"duration":3,"transform":{"y":-18.6689,"x":25.3616}},{"tweenEasing":0,"duration":7,"transform":{"y":-18.6689,"scX":0.5,"scY":0.5,"x":25.3616}},{"tweenEasing":0,"duration":7,"transform":{"y":-18.6689,"scX":1.5,"scY":1.5,"x":25.3616}},{"duration":13,"transform":{"y":-18.6689,"scX":0.5,"scY":0.5,"x":25.3616}}],"name":"bone33"},{"frame":[{"duration":4,"transform":{"y":12.5223,"x":-6.8512}},{"tweenEasing":0,"duration":7,"transform":{"y":12.5223,"scX":0.5,"scY":0.5,"x":-6.8512}},{"tweenEasing":0,"duration":7,"transform":{"y":12.5223,"scX":1.5,"scY":1.5,"x":-6.8512}},{"duration":12,"transform":{"y":12.5223,"scX":0.5,"scY":0.5,"x":-6.8512}}],"name":"bone34"},{"frame":[{"duration":5,"transform":{"y":18.3024,"x":-236.9507}},{"tweenEasing":0,"duration":7,"transform":{"y":18.3024,"scX":0.5,"scY":0.5,"x":-236.9507}},{"tweenEasing":0,"duration":7,"transform":{"y":18.3024,"scX":1.5,"scY":1.5,"x":-236.9507}},{"duration":11,"transform":{"y":18.3024,"scX":0.5,"scY":0.5,"x":-236.9507}}],"name":"bone35"},{"frame":[{"duration":6,"transform":{}},{"tweenEasing":0,"duration":7,"transform":{"scX":0.5,"scY":0.5}},{"tweenEasing":0,"duration":7,"transform":{"scX":1.5,"scY":1.5}},{"duration":10,"transform":{"scX":0.5,"scY":0.5}}],"name":"bone36"},{"frame":[{"duration":7,"transform":{}},{"tweenEasing":0,"duration":7,"transform":{"scX":0.5,"scY":0.5}},{"tweenEasing":0,"duration":7,"transform":{"scX":1.5,"scY":1.5}},{"duration":9,"transform":{"scX":0.5,"scY":0.5}}],"name":"bone37"},{"frame":[{"duration":8,"transform":{"y":12.813,"x":10.9225}},{"tweenEasing":0,"duration":7,"transform":{"y":12.813,"scX":0.5,"scY":0.5,"x":10.9225}},{"tweenEasing":0,"duration":7,"transform":{"y":12.813,"scX":1.5,"scY":1.5,"x":10.9225}},{"duration":8,"transform":{"y":12.813,"scX":0.5,"scY":0.5,"x":10.9225}}],"name":"bone38"},{"frame":[{"duration":9,"transform":{"y":-28.6903,"x":-40.8956}},{"tweenEasing":0,"duration":7,"transform":{"y":-28.6903,"scX":0.5,"scY":0.5,"x":-40.8956}},{"tweenEasing":0,"duration":7,"transform":{"y":-28.6903,"scX":1.5,"scY":1.5,"x":-40.8956}},{"duration":7,"transform":{"y":-28.6903,"scX":0.5,"scY":0.5,"x":-40.8956}}],"name":"bone39"},{"frame":[{"tweenEasing":0,"duration":2,"transform":{"y":36.3168,"scX":1.2143,"scY":1.2143,"x":69.8444}},{"tweenEasing":0,"duration":7,"transform":{"y":36.3168,"scX":1.5,"scY":1.5,"x":69.8444}},{"tweenEasing":0,"duration":1,"transform":{"y":36.3168,"scX":0.5,"scY":0.5,"x":69.8444}},{"tweenEasing":0,"duration":6,"transform":{"scX":0.5,"scY":0.5}},{"duration":1,"transform":{"y":40.7194,"scX":1.3571,"scY":1.3571,"x":45.3338}},{"tweenEasing":0,"duration":7,"transform":{"y":40.7194,"scX":1.5,"scY":1.5,"x":45.3338}},{"tweenEasing":0,"duration":1,"transform":{"y":40.7194,"scX":0.5,"scY":0.5,"x":45.3338}},{"tweenEasing":0,"duration":5,"transform":{"y":70.2203,"scX":0.5,"scY":0.5,"x":70.408}},{"duration":0,"transform":{"y":70.2203,"scX":1.2143,"scY":1.2143,"x":70.408}}],"name":"bone310"},{"frame":[{"duration":11,"transform":{"y":-52.8014,"x":-46.0207}},{"tweenEasing":0,"duration":7,"transform":{"y":-52.8014,"scX":0.5,"scY":0.5,"x":-46.0207}},{"tweenEasing":0,"duration":7,"transform":{"y":-52.8014,"scX":1.5,"scY":1.5,"x":-46.0207}},{"duration":5,"transform":{"y":-52.8014,"scX":0.5,"scY":0.5,"x":-46.0207}}],"name":"bone311"},{"frame":[{"duration":12,"transform":{}},{"tweenEasing":0,"duration":7,"transform":{"scX":0.5,"scY":0.5}},{"tweenEasing":0,"duration":7,"transform":{"scX":1.5,"scY":1.5}},{"duration":4,"transform":{"scX":0.5,"scY":0.5}}],"name":"bone312"},{"frame":[{"duration":13,"transform":{"y":-13.759,"x":-120.9774}},{"tweenEasing":0,"duration":7,"transform":{"y":-13.759,"scX":0.5,"scY":0.5,"x":-120.9774}},{"tweenEasing":0,"duration":7,"transform":{"y":-13.759,"scX":1.5,"scY":1.5,"x":-120.9774}},{"duration":3,"transform":{"y":-13.759,"scX":0.5,"scY":0.5,"x":-120.9774}}],"name":"bone313"},{"frame":[{"duration":14,"transform":{"y":-13.0097,"x":-25.5113}},{"tweenEasing":0,"duration":7,"transform":{"y":-13.0097,"scX":0.5,"scY":0.5,"x":-25.5113}},{"tweenEasing":0,"duration":7,"transform":{"y":-13.0097,"scX":1.5,"scY":1.5,"x":-25.5113}},{"duration":2,"transform":{"y":-13.0097,"scX":0.5,"scY":0.5,"x":-25.5113}}],"name":"bone314"},{"frame":[{"duration":15,"transform":{"y":-66.9736,"x":-169.7648}},{"tweenEasing":0,"duration":7,"transform":{"y":-66.9736,"scX":0.5,"scY":0.5,"x":-169.7648}},{"tweenEasing":0,"duration":7,"transform":{"y":-66.9736,"scX":1.5,"scY":1.5,"x":-169.7648}},{"duration":1,"transform":{"y":-66.9736,"scX":0.5,"scY":0.5,"x":-169.7648}}],"name":"bone315"},{"frame":[{"duration":16,"transform":{"y":-28.6381,"x":-135.8959}},{"tweenEasing":0,"duration":7,"transform":{"y":-28.2891,"scX":0.5,"scY":0.5,"x":-140.6439}},{"tweenEasing":0,"duration":7,"transform":{"y":-28.2891,"scX":1.5,"scY":1.5,"x":-140.6439}},{"duration":0,"transform":{"scX":0.5,"scY":0.5}}],"name":"bone316"},{"frame":[{"duration":30,"transform":{}}],"name":"bone"},{"frame":[{"duration":30,"transform":{}}],"name":"mfb"}],"ik":[],"slot":[{"frame":[{"tweenEasing":null,"duration":14},{"tweenEasing":null,"displayIndex":-1,"duration":16}],"name":"gift"},{"frame":[{"tweenEasing":null,"displayIndex":-1,"duration":1},{"tweenEasing":null,"duration":14},{"tweenEasing":null,"displayIndex":-1,"duration":1},{"tweenEasing":null,"duration":14},{"tweenEasing":null,"displayIndex":-1,"duration":0}],"name":"gift1"},{"frame":[{"tweenEasing":null,"displayIndex":-1,"duration":1},{"tweenEasing":null,"displayIndex":-1,"duration":1},{"tweenEasing":null,"duration":14},{"tweenEasing":null,"displayIndex":-1,"duration":1},{"tweenEasing":null,"duration":7},{"tweenEasing":null,"displayIndex":-1,"duration":6}],"name":"gift2"},{"frame":[{"tweenEasing":null,"displayIndex":-1,"duration":3},{"tweenEasing":null,"duration":14},{"tweenEasing":null,"displayIndex":-1,"duration":13}],"name":"gift3"},{"frame":[{"tweenEasing":null,"displayIndex":-1,"duration":4},{"tweenEasing":null,"duration":14},{"tweenEasing":null,"displayIndex":-1,"duration":12}],"name":"gift4"},{"frame":[{"tweenEasing":null,"displayIndex":-1,"duration":5},{"tweenEasing":null,"duration":14},{"tweenEasing":null,"displayIndex":-1,"duration":11}],"name":"gift5"},{"frame":[{"tweenEasing":null,"displayIndex":-1,"duration":6},{"tweenEasing":null,"duration":14},{"tweenEasing":null,"displayIndex":-1,"duration":10}],"name":"gift6"},{"frame":[{"tweenEasing":null,"displayIndex":-1,"duration":7},{"tweenEasing":null,"duration":14},{"tweenEasing":null,"displayIndex":-1,"duration":9}],"name":"gift7"},{"frame":[{"tweenEasing":null,"displayIndex":-1,"duration":8},{"tweenEasing":null,"duration":14},{"tweenEasing":null,"displayIndex":-1,"duration":8}],"name":"gift8"},{"frame":[{"tweenEasing":null,"displayIndex":-1,"duration":9},{"tweenEasing":null,"duration":14},{"tweenEasing":null,"displayIndex":-1,"duration":7}],"name":"gift9"},{"frame":[{"tweenEasing":null,"duration":9},{"tweenEasing":null,"displayIndex":-1,"duration":1},{"tweenEasing":null,"duration":14},{"tweenEasing":null,"displayIndex":-1,"duration":1},{"tweenEasing":null,"duration":5}],"name":"gift10"},{"frame":[{"tweenEasing":null,"displayIndex":-1,"duration":11},{"tweenEasing":null,"duration":14},{"tweenEasing":null,"displayIndex":-1,"duration":5}],"name":"gift11"},{"frame":[{"tweenEasing":null,"displayIndex":-1,"duration":12},{"tweenEasing":null,"duration":14},{"tweenEasing":null,"displayIndex":-1,"duration":4}],"name":"gift12"},{"frame":[{"tweenEasing":null,"displayIndex":-1,"duration":13},{"tweenEasing":null,"duration":14},{"tweenEasing":null,"displayIndex":-1,"duration":3}],"name":"gift13"},{"frame":[{"tweenEasing":null,"displayIndex":-1,"duration":14},{"tweenEasing":null,"duration":14},{"tweenEasing":null,"displayIndex":-1,"duration":2}],"name":"gift14"},{"frame":[{"tweenEasing":null,"displayIndex":-1,"duration":15},{"tweenEasing":null,"duration":14},{"tweenEasing":null,"displayIndex":-1,"duration":1}],"name":"gift15"},{"frame":[{"tweenEasing":null,"displayIndex":-1,"duration":16},{"tweenEasing":null,"duration":14},{"tweenEasing":null,"displayIndex":-1,"duration":0}],"name":"gift16"}],"ffd":[],"name":"1","playTimes":0},{"frame":[],"duration":40,"bone":[{"frame":[{"duration":40,"transform":{}}],"name":"root"},{"frame":[{"duration":40,"transform":{}}],"name":"bone"},{"frame":[{"duration":8,"transform":{}},{"tweenEasing":0,"duration":7,"transform":{"y":-136.5379,"scX":0.0612,"scY":0.0612,"x":-14.2117}},{"tweenEasing":0,"duration":7,"transform":{"y":-136.5379,"x":-14.2117}},{"duration":18,"transform":{"y":-136.5379,"scX":0.0612,"scY":0.0612,"x":-14.2117}}],"name":"bone32"},{"frame":[{"duration":10,"transform":{}},{"tweenEasing":0,"duration":7,"transform":{"y":-145.5692,"scX":0.0612,"scY":0.0612,"x":-46.8856}},{"tweenEasing":0,"duration":7,"transform":{"y":-145.5692,"x":-46.8856}},{"duration":16,"transform":{"y":-145.5692,"scX":0.0612,"scY":0.0612,"x":-46.8856}}],"name":"bone31"},{"frame":[{"duration":10,"transform":{}},{"tweenEasing":0,"duration":7,"transform":{"y":-92.9639,"scX":0.0612,"scY":0.0612,"x":-78.6432}},{"tweenEasing":0,"duration":7,"transform":{"y":-92.9639,"x":-78.6432}},{"duration":16,"transform":{"y":-92.9639,"scX":0.0612,"scY":0.0612,"x":-78.6432}}],"name":"bone3"},{"frame":[{"duration":13,"transform":{}},{"tweenEasing":0,"duration":7,"transform":{"y":-88.9998,"scX":0.0612,"scY":0.0612,"x":-84.4237}},{"tweenEasing":0,"duration":7,"transform":{"y":-88.9998,"x":-84.4237}},{"duration":13,"transform":{"y":-88.9998,"scX":0.0612,"scY":0.0612,"x":-84.4237}}],"name":"bone33"},{"frame":[{"duration":12,"transform":{}},{"tweenEasing":0,"duration":7,"transform":{"y":5.6751,"scX":0.0612,"scY":0.0612,"x":-129.3401}},{"tweenEasing":0,"duration":7,"transform":{"y":5.6751,"x":-129.3401}},{"duration":14,"transform":{"y":5.6751,"scX":0.0612,"scY":0.0612,"x":-129.3401}}],"name":"bone34"},{"frame":[{"duration":15,"transform":{}},{"tweenEasing":0,"duration":7,"transform":{"y":38.5388,"scX":0.0612,"scY":0.0612,"x":-125.1573}},{"tweenEasing":0,"duration":7,"transform":{"y":38.5388,"x":-125.1573}},{"duration":11,"transform":{"y":38.5388,"scX":0.0612,"scY":0.0612,"x":-125.1573}}],"name":"bone35"},{"frame":[{"duration":16,"transform":{}},{"tweenEasing":0,"duration":7,"transform":{"y":24.328,"scX":0.0612,"scY":0.0612,"x":-75.7613}},{"tweenEasing":0,"duration":7,"transform":{"y":24.328,"x":-75.7613}},{"duration":10,"transform":{"y":24.328,"scX":0.0612,"scY":0.0612,"x":-75.7613}}],"name":"bone36"},{"frame":[{"duration":16,"transform":{}},{"tweenEasing":0,"duration":7,"transform":{"y":92.9824,"scX":0.0612,"scY":0.0612,"x":-25.6707}},{"tweenEasing":0,"duration":7,"transform":{"y":92.9824,"x":-25.6707}},{"duration":10,"transform":{"y":92.9824,"scX":0.0612,"scY":0.0612,"x":-25.6707}}],"name":"bone37"},{"frame":[{"duration":16,"transform":{}},{"tweenEasing":0,"duration":7,"transform":{"y":62.8878,"scX":0.0612,"scY":0.0612,"x":36.5427}},{"tweenEasing":0,"duration":7,"transform":{"y":62.8878,"x":36.5427}},{"duration":10,"transform":{"y":62.8878,"scX":0.0612,"scY":0.0612,"x":36.5427}}],"name":"bone38"},{"frame":[{"duration":19,"transform":{}},{"tweenEasing":0,"duration":7,"transform":{"y":35.4389,"scX":0.0612,"scY":0.0612,"x":98.2922}},{"tweenEasing":0,"duration":7,"transform":{"y":35.4389,"x":98.2922}},{"duration":7,"transform":{"y":35.4389,"scX":0.0612,"scY":0.0612,"x":98.2922}}],"name":"bone39"},{"frame":[{"duration":17,"transform":{}},{"tweenEasing":0,"duration":7,"transform":{"y":57.8606,"scX":0.0612,"scY":0.0612,"x":140.922}},{"tweenEasing":0,"duration":7,"transform":{"y":57.8606,"x":140.922}},{"duration":9,"transform":{"y":57.8606,"scX":0.0612,"scY":0.0612,"x":140.922}}],"name":"bone310"},{"frame":[{"duration":21,"transform":{}},{"tweenEasing":0,"duration":7,"transform":{"y":-81.4082,"scX":0.0612,"scY":0.0612,"x":82.5257}},{"tweenEasing":0,"duration":7,"transform":{"y":-81.4082,"x":82.5257}},{"duration":5,"transform":{"y":-81.4082,"scX":0.0612,"scY":0.0612,"x":82.5257}}],"name":"bone311"},{"frame":[{"duration":20,"transform":{}},{"tweenEasing":0,"duration":7,"transform":{"y":-71.1132,"scX":0.0612,"scY":0.0612,"x":93.3641}},{"tweenEasing":0,"duration":7,"transform":{"y":-71.1132,"x":93.3641}},{"duration":6,"transform":{"y":-71.1132,"scX":0.0612,"scY":0.0612,"x":93.3641}}],"name":"bone312"},{"frame":[{"duration":24,"transform":{}},{"tweenEasing":0,"duration":7,"transform":{"y":-110.8892,"scX":0.0612,"scY":0.0612,"x":72.1934}},{"tweenEasing":0,"duration":7,"transform":{"y":-110.8892,"x":72.1934}},{"duration":2,"transform":{"y":-110.8892,"scX":0.0612,"scY":0.0612,"x":72.1934}}],"name":"bone313"},{"frame":[{"duration":23,"transform":{}},{"tweenEasing":0,"duration":7,"transform":{"y":-132.705,"scX":0.0612,"scY":0.0612,"x":75.0977}},{"tweenEasing":0,"duration":7,"transform":{"y":-132.705,"x":75.0977}},{"duration":3,"transform":{"y":-132.705,"scX":0.0612,"scY":0.0612,"x":75.0977}}],"name":"bone314"},{"frame":[{"duration":26,"transform":{}},{"tweenEasing":0,"duration":7,"transform":{"y":-196.9538,"scX":0.0612,"scY":0.0612,"x":25.5611}},{"tweenEasing":0,"duration":7,"transform":{"y":-196.9538,"x":25.5611}},{"duration":0,"transform":{"y":-196.9538,"scX":0.0612,"scY":0.0612,"x":25.5611}}],"name":"bone315"},{"frame":[{"duration":24,"transform":{}},{"tweenEasing":0,"duration":7,"transform":{"y":-163.943,"scX":0.0612,"scY":0.0612,"x":-2.428}},{"tweenEasing":0,"duration":7,"transform":{"y":-163.943,"x":-2.428}},{"duration":2,"transform":{"y":-163.943,"scX":0.0612,"scY":0.0612,"x":-2.428}}],"name":"bone316"},{"frame":[{"tweenEasing":0,"duration":10,"transform":{"skY":1.1547,"skX":1.1547}},{"tweenEasing":0,"duration":11,"transform":{"skY":-120.0787,"skX":-120.0787}},{"tweenEasing":0,"duration":12,"transform":{"skY":119.9213,"skX":119.9213}},{"duration":7,"transform":{"skY":-0.0787,"skX":-0.0787}}],"name":"mfb"}],"ik":[],"slot":[{"frame":[{"tweenEasing":null,"displayIndex":-1,"duration":10},{"tweenEasing":null,"duration":14},{"tweenEasing":null,"duration":16}],"name":"gift"},{"frame":[{"tweenEasing":null,"displayIndex":-1,"duration":10},{"tweenEasing":null,"duration":14},{"tweenEasing":null,"duration":16}],"name":"gift1"},{"frame":[{"tweenEasing":null,"displayIndex":-1,"duration":8},{"tweenEasing":null,"duration":14},{"tweenEasing":null,"duration":18}],"name":"gift2"},{"frame":[{"tweenEasing":null,"displayIndex":-1,"duration":13},{"tweenEasing":null,"duration":14},{"tweenEasing":null,"duration":13}],"name":"gift3"},{"frame":[{"tweenEasing":null,"displayIndex":-1,"duration":12},{"tweenEasing":null,"duration":14},{"tweenEasing":null,"duration":14}],"name":"gift4"},{"frame":[{"tweenEasing":null,"displayIndex":-1,"duration":15},{"tweenEasing":null,"duration":14},{"tweenEasing":null,"duration":11}],"name":"gift5"},{"frame":[{"tweenEasing":null,"displayIndex":-1,"duration":16},{"tweenEasing":null,"duration":14},{"tweenEasing":null,"duration":10}],"name":"gift6"},{"frame":[{"tweenEasing":null,"displayIndex":-1,"duration":16},{"tweenEasing":null,"duration":14},{"tweenEasing":null,"duration":10}],"name":"gift7"},{"frame":[{"tweenEasing":null,"displayIndex":-1,"duration":16},{"tweenEasing":null,"duration":14},{"tweenEasing":null,"duration":10}],"name":"gift8"},{"frame":[{"tweenEasing":null,"displayIndex":-1,"duration":19},{"tweenEasing":null,"duration":14},{"tweenEasing":null,"duration":7}],"name":"gift9"},{"frame":[{"tweenEasing":null,"displayIndex":-1,"duration":17},{"tweenEasing":null,"duration":14},{"tweenEasing":null,"duration":9}],"name":"gift10"},{"frame":[{"tweenEasing":null,"displayIndex":-1,"duration":21},{"tweenEasing":null,"duration":14},{"tweenEasing":null,"duration":5}],"name":"gift11"},{"frame":[{"tweenEasing":null,"displayIndex":-1,"duration":20},{"tweenEasing":null,"duration":14},{"tweenEasing":null,"duration":6}],"name":"gift12"},{"frame":[{"tweenEasing":null,"displayIndex":-1,"duration":24},{"tweenEasing":null,"duration":14},{"tweenEasing":null,"duration":2}],"name":"gift13"},{"frame":[{"tweenEasing":null,"displayIndex":-1,"duration":23},{"tweenEasing":null,"duration":14},{"tweenEasing":null,"duration":3}],"name":"gift14"},{"frame":[{"tweenEasing":null,"displayIndex":-1,"duration":26},{"tweenEasing":null,"duration":14},{"tweenEasing":null,"duration":0}],"name":"gift15"},{"frame":[{"tweenEasing":null,"displayIndex":-1,"duration":24},{"tweenEasing":null,"duration":14},{"tweenEasing":null,"duration":2}],"name":"gift16"},{"frame":[{"tweenEasing":null,"duration":40}],"name":"mfb"}],"ffd":[],"name":"2","playTimes":0}],"type":"Armature","frameRate":60,"bone":[{"name":"root","transform":{}},{"transform":{"scX":0.5797,"scY":0.5797},"name":"bone","parent":"root"},{"transform":{"y":3.8823,"x":-6.3092},"name":"bone32","parent":"bone"},{"transform":{"y":40.6539,"x":8.5934},"name":"bone31","parent":"bone"},{"transform":{"scX":1.3828,"scY":1.3828},"name":"bone3","parent":"bone"},{"transform":{"y":38.5078,"scX":0.9101,"scY":0.9101,"x":-4.4132},"name":"bone33","parent":"bone"},{"transform":{"y":-38.4773,"x":12.9509},"name":"bone34","parent":"bone"},{"transform":{"y":-22.83,"scX":0.8941,"scY":0.8941,"x":31.9189},"name":"bone35","parent":"bone"},{"transform":{"y":12.4586,"x":22.0213},"name":"bone36","parent":"bone"},{"transform":{"y":-11.3012,"scX":1.3218,"scY":1.3218,"x":-8.6808},"name":"bone37","parent":"bone"},{"transform":{"y":26.0746,"scX":1.3981,"scY":1.3981,"x":-9.6331},"name":"bone38","parent":"bone"},{"transform":{"y":18.0727,"x":-21.1075},"name":"bone39","parent":"bone"},{"transform":{"y":-39.7583,"x":-38.4899},"name":"bone310","parent":"bone"},{"transform":{"y":60.9836,"x":14.4807},"name":"bone311","parent":"bone"},{"transform":{"y":-4.7509,"scX":1.2724,"scY":1.2724,"x":14.6145},"name":"bone312","parent":"bone"},{"transform":{"y":22.8255,"scX":0.7145,"scY":0.7145,"x":-7.9989},"name":"bone313","parent":"bone"},{"transform":{"y":3.1011,"x":-18.8312},"name":"bone314","parent":"bone"},{"transform":{"y":68.9769,"scX":0.8302,"scY":0.8302,"x":0.6956},"name":"bone315","parent":"bone"},{"transform":{"y":16.979,"x":10.6532},"name":"bone316","parent":"bone"},{"length":67,"transform":{"skY":0.0787,"y":-1.9405,"skX":0.0787,"x":0.1863},"parent":"bone","name":"mfb"}],"ik":[],"slot":[{"name":"gift","parent":"bone3","color":{}},{"z":1,"name":"gift1","parent":"bone31","color":{}},{"z":2,"name":"gift2","parent":"bone32","color":{}},{"z":3,"name":"gift3","parent":"bone33","color":{}},{"z":4,"name":"gift4","parent":"bone34","color":{}},{"z":5,"name":"gift5","parent":"bone35","color":{}},{"z":6,"name":"gift6","parent":"bone36","color":{}},{"z":7,"name":"gift7","parent":"bone37","color":{}},{"z":8,"name":"gift8","parent":"bone38","color":{}},{"z":9,"name":"gift9","parent":"bone39","color":{}},{"z":10,"name":"gift10","parent":"bone310","color":{}},{"z":11,"name":"gift11","parent":"bone311","color":{}},{"z":12,"name":"gift12","parent":"bone312","color":{}},{"z":13,"name":"gift13","parent":"bone313","color":{}},{"z":14,"name":"gift14","parent":"bone314","color":{}},{"z":15,"name":"gift15","parent":"bone315","color":{}},{"z":16,"name":"gift16","parent":"bone316","color":{}},{"displayIndex":-1,"z":17,"name":"mfb","parent":"mfb","color":{}}],"defaultActions":[{"gotoAndPlay":"1"}],"name":"xx"}]}