{"frameRate":60,"isGlobal":0,"name":"mujian","version":"5.0","armature":[{"defaultActions":[{"gotoAndPlay":"1"}],"skin":[{"name":"","slot":[{"display":[{"path":"guangshu","type":"image","name":"guangshu","transform":{"y":88.5536,"x":0.6244}}],"name":"guangshu"},{"display":[{"path":"mujian2","type":"image","name":"mujian","transform":{"scY":3,"y":-413.8768,"skX":-13.9294,"skY":-13.9294,"scX":3,"x":-33.5053}}],"name":"mujian"}]}],"type":"Armature","frameRate":60,"ik":[],"bone":[{"name":"root","transform":{}},{"transform":{},"name":"bone","parent":"root"},{"transform":{"y":-838.0137},"name":"bone1","parent":"bone"},{"transform":{"scY":0.1,"y":-812.9773},"name":"bone2","parent":"bone"}],"aabb":{"width":620,"y":-1450.3905333074024,"height":736.7686316125328,"x":-343.5052919655892},"slot":[{"name":"guangshu","parent":"bone2","color":{}},{"z":1,"name":"mujian","parent":"bone1","color":{}}],"canvas":{"width":308,"y":-432,"height":1030,"x":3},"animation":[{"frame":[],"duration":50,"ik":[],"bone":[{"frame":[{"duration":50,"transform":{}}],"name":"root"},{"frame":[{"duration":50,"transform":{}}],"name":"bone"},{"frame":[{"duration":50,"transform":{}}],"name":"bone1"},{"frame":[{"tweenEasing":0,"duration":8,"transform":{"scX":0.1}},{"curve":[0,0,0.5,1],"duration":42,"transform":{"scY":50}},{"duration":0,"transform":{"scY":50,"scX":4.55}}],"name":"bone2"}],"slot":[],"ffd":[],"name":"1","playTimes":0}],"name":"mujian"}]}