{"frameRate":60,"isGlobal":0,"name":"xiaofangyuan","version":"5.0","armature":[{"skin":[{"name":"","slot":[{"display":[{"path":"tya","type":"image","name":"tya","transform":{"skY":-90.721,"y":0.3514,"skX":-90.721,"x":37.6524}}],"name":"tya"},{"display":[{"path":"w","type":"image","name":"w","transform":{"skY":14.8393,"y":10.4502,"skX":14.8393,"x":74.4376}},{"path":"w1","type":"image","name":"w1","transform":{"skY":13.0272,"y":-17.6743,"skX":13.0272,"x":97.9533}}],"name":"w"},{"display":[{"path":"tyb","type":"image","name":"tyb","transform":{"skY":-89.493,"y":-2.5864,"skX":-89.493,"x":22.0782}}],"name":"tyb"},{"display":[{"path":"tzb","type":"image","name":"tzb","transform":{"skY":-88.9325,"y":-4.7888,"skX":-88.9325,"x":23.3413}}],"name":"tzb"},{"display":[{"path":"y01","type":"image","name":"y01","transform":{"skY":90.5085,"y":-4.7041,"skX":90.5085,"x":66.9879}},{"path":"y02","type":"image","name":"y02","transform":{"skY":90.5085,"y":-4.7041,"skX":90.5085,"x":66.9879}},{"path":"y17","type":"image","name":"y17","transform":{"skY":90.5085,"y":-4.7041,"skX":90.5085,"x":66.9879}},{"path":"y16","type":"image","name":"y16","transform":{"skY":90.5085,"y":-4.7041,"skX":90.5085,"x":66.9879}},{"path":"y15","type":"image","name":"y15","transform":{"skY":90.5085,"y":-4.7041,"skX":90.5085,"x":66.9879}},{"path":"y14","type":"image","name":"y14","transform":{"skY":90.5085,"y":-4.7041,"skX":90.5085,"x":66.9879}},{"path":"y13","type":"image","name":"y13","transform":{"skY":90.5085,"y":-4.7041,"skX":90.5085,"x":66.9879}},{"path":"y12","type":"image","name":"y12","transform":{"skY":90.5085,"y":-4.7041,"skX":90.5085,"x":66.9879}},{"path":"y11","type":"image","name":"y11","transform":{"skY":90.5085,"y":-4.7041,"skX":90.5085,"x":66.9879}},{"path":"y10","type":"image","name":"y10","transform":{"skY":90.5085,"y":-4.7041,"skX":90.5085,"x":66.9879}},{"path":"y09","type":"image","name":"y09","transform":{"skY":90.5085,"y":-4.7041,"skX":90.5085,"x":66.9879}},{"path":"y08","type":"image","name":"y08","transform":{"skY":90.5085,"y":-4.7041,"skX":90.5085,"x":66.9879}},{"path":"y07","type":"image","name":"y07","transform":{"skY":90.5085,"y":-4.7041,"skX":90.5085,"x":66.9879}},{"path":"y06","type":"image","name":"y06","transform":{"skY":90.5085,"y":-4.7041,"skX":90.5085,"x":66.9879}},{"path":"y05","type":"image","name":"y05","transform":{"skY":90.5085,"y":-4.7041,"skX":90.5085,"x":66.9879}},{"path":"y04","type":"image","name":"y04","transform":{"skY":90.5085,"y":-4.7041,"skX":90.5085,"x":66.9879}},{"path":"y03","type":"image","name":"y03","transform":{"skY":90.5085,"y":-4.7041,"skX":90.5085,"x":66.9879}}],"name":"y01"},{"display":[{"path":"sza","type":"image","name":"sza","transform":{"skY":-62.6445,"y":0.4256,"skX":-62.6445,"x":27.8089}}],"name":"sza"},{"display":[{"path":"sya","type":"image","name":"sya","transform":{"skY":-116.2295,"y":2.4213,"skX":-116.2295,"x":33.0466}}],"name":"sya"},{"display":[{"path":"szb","type":"image","name":"szb","transform":{"skY":140.1692,"y":2.5597,"skX":140.1692,"x":6.0454}}],"name":"szb"},{"display":[{"path":"syb","type":"image","name":"syb","transform":{"skY":-54.6956,"y":0.9786,"skX":-54.6956,"x":25.9288}}],"name":"syb"},{"display":[{"path":"st","type":"image","name":"st","transform":{"skY":90.4176,"y":-7.1551,"skX":90.4176,"x":77.9648}}],"name":"st"},{"display":[{"path":"gt","type":"image","name":"gt","transform":{"skY":89.6079,"y":-1.5489,"skX":89.6079,"x":58.1812}}],"name":"gt"},{"display":[{"path":"tza","type":"image","name":"tza","transform":{"skY":-90.8295,"y":-0.1934,"skX":-90.8295,"x":33.9958}}],"name":"tza"},{"display":[{"path":"syc","type":"image","name":"syc","transform":{"skY":-39.1073,"y":-1.423,"skX":-39.1073,"x":12.5467}}],"name":"syc"},{"display":[{"path":"mj","type":"image","name":"mj","transform":{"skY":-76.9518,"y":12.2215,"scX":0.7391,"scY":0.7391,"skX":-76.9518,"x":21.2256}}],"name":"mj"}]}],"animation":[{"frame":[],"duration":80,"bone":[{"frame":[{"duration":80,"transform":{}}],"name":"root"},{"frame":[{"tweenEasing":0,"duration":40,"transform":{}},{"tweenEasing":0,"duration":40,"transform":{}},{"duration":0,"transform":{}}],"name":"bone"},{"frame":[{"tweenEasing":0,"duration":40,"transform":{}},{"tweenEasing":0,"duration":40,"transform":{"y":-5.53}},{"duration":0,"transform":{}}],"name":"st"},{"frame":[{"tweenEasing":0,"duration":40,"transform":{}},{"tweenEasing":0,"duration":40,"transform":{"skY":-1.9628,"skX":-1.9628}},{"duration":0,"transform":{}}],"name":"gt"},{"frame":[{"tweenEasing":0,"duration":40,"transform":{}},{"tweenEasing":0,"duration":40,"transform":{}},{"duration":0,"transform":{}}],"name":"mj"},{"frame":[{"tweenEasing":0,"duration":40,"transform":{}},{"tweenEasing":0,"duration":40,"transform":{"y":-0.0173,"x":-2.3699}},{"duration":0,"transform":{}}],"name":"sya"},{"frame":[{"tweenEasing":0,"duration":40,"transform":{}},{"tweenEasing":0,"duration":40,"transform":{}},{"duration":0,"transform":{}}],"name":"syb"},{"frame":[{"tweenEasing":0,"duration":40,"transform":{}},{"tweenEasing":0,"duration":40,"transform":{}},{"duration":0,"transform":{}}],"name":"syc"},{"frame":[{"tweenEasing":0,"duration":40,"transform":{}},{"tweenEasing":0,"duration":40,"transform":{}},{"duration":0,"transform":{}}],"name":"w"},{"frame":[{"tweenEasing":0,"duration":40,"transform":{}},{"tweenEasing":0,"duration":40,"transform":{"y":-0.0173,"x":-2.3699}},{"duration":0,"transform":{}}],"name":"sza"},{"frame":[{"tweenEasing":0,"duration":36,"transform":{}},{"tweenEasing":0,"duration":2,"transform":{}},{"tweenEasing":0,"duration":2,"transform":{"y":0.6479,"x":1.2523}},{"tweenEasing":0,"duration":10,"transform":{}},{"tweenEasing":0,"duration":2,"transform":{}},{"tweenEasing":0,"duration":2,"transform":{"y":0.6479,"x":1.2523}},{"tweenEasing":0,"duration":26,"transform":{}},{"duration":0,"transform":{}}],"name":"szb"},{"frame":[{"tweenEasing":0,"duration":40,"transform":{}},{"tweenEasing":0,"duration":40,"transform":{"y":-0.0288,"x":-3.9499}},{"duration":0,"transform":{}}],"name":"tza"},{"frame":[{"tweenEasing":0,"duration":40,"transform":{}},{"tweenEasing":0,"duration":40,"transform":{"y":-0.0343,"x":2.3698}},{"duration":0,"transform":{}}],"name":"tzb"},{"frame":[{"tweenEasing":0,"duration":40,"transform":{}},{"tweenEasing":0,"duration":40,"transform":{"y":-0.0288,"x":-3.9499}},{"duration":0,"transform":{}}],"name":"tya"},{"frame":[{"tweenEasing":0,"duration":40,"transform":{}},{"tweenEasing":0,"duration":40,"transform":{"y":-0.0199,"x":1.5799}},{"duration":0,"transform":{}}],"name":"tyb"},{"frame":[{"duration":80,"transform":{}}],"name":"y01"}],"slot":[],"ffd":[],"ik":[],"name":"huo1","playTimes":0},{"frame":[],"duration":80,"bone":[{"frame":[{"duration":80,"transform":{}}],"name":"root"},{"frame":[{"tweenEasing":0,"duration":40,"transform":{}},{"tweenEasing":0,"duration":40,"transform":{}},{"duration":0,"transform":{}}],"name":"bone"},{"frame":[{"tweenEasing":0,"duration":40,"transform":{}},{"tweenEasing":0,"duration":40,"transform":{"y":-5.53}},{"duration":0,"transform":{}}],"name":"st"},{"frame":[{"tweenEasing":0,"duration":40,"transform":{}},{"tweenEasing":0,"duration":40,"transform":{"skY":-1.9628,"skX":-1.9628}},{"duration":0,"transform":{}}],"name":"gt"},{"frame":[{"tweenEasing":0,"duration":40,"transform":{}},{"tweenEasing":0,"duration":40,"transform":{}},{"duration":0,"transform":{}}],"name":"mj"},{"frame":[{"duration":40,"transform":{},"curve":[0.5,0,0.5,1]},{"duration":40,"transform":{"skY":14.712,"y":-0.0173,"skX":14.712,"x":-2.3699},"curve":[0.5,0,0.5,1]},{"duration":0,"transform":{}}],"name":"sya"},{"frame":[{"duration":40,"transform":{},"curve":[0.5,0,0.5,1]},{"duration":40,"transform":{"skY":-10.8675,"skX":-10.8675},"curve":[0.5,0,0.5,1]},{"duration":0,"transform":{}}],"name":"syb"},{"frame":[{"tweenEasing":0,"duration":40,"transform":{}},{"tweenEasing":0,"duration":40,"transform":{}},{"duration":0,"transform":{}}],"name":"syc"},{"frame":[{"tweenEasing":0,"duration":40,"transform":{}},{"tweenEasing":0,"duration":40,"transform":{}},{"duration":0,"transform":{}}],"name":"w"},{"frame":[{"duration":40,"transform":{},"curve":[0.5,0,0.5,1]},{"duration":40,"transform":{"skY":10.6028,"y":-0.0173,"skX":10.6028,"x":-2.3699},"curve":[0.5,0,0.5,1]},{"duration":0,"transform":{}}],"name":"sza"},{"frame":[{"tweenEasing":0,"duration":40,"transform":{}},{"tweenEasing":0,"duration":40,"transform":{}},{"duration":0,"transform":{}}],"name":"szb"},{"frame":[{"tweenEasing":0,"duration":40,"transform":{}},{"tweenEasing":0,"duration":40,"transform":{"y":-0.0288,"x":-3.9499}},{"duration":0,"transform":{}}],"name":"tza"},{"frame":[{"tweenEasing":0,"duration":40,"transform":{}},{"tweenEasing":0,"duration":40,"transform":{"y":-0.0343,"x":2.3698}},{"duration":0,"transform":{}}],"name":"tzb"},{"frame":[{"tweenEasing":0,"duration":40,"transform":{}},{"tweenEasing":0,"duration":40,"transform":{"y":-0.0288,"x":-3.9499}},{"duration":0,"transform":{}}],"name":"tya"},{"frame":[{"tweenEasing":0,"duration":40,"transform":{}},{"tweenEasing":0,"duration":40,"transform":{"y":-0.0199,"x":1.5799}},{"duration":0,"transform":{}}],"name":"tyb"},{"frame":[{"duration":80,"transform":{}}],"name":"y01"}],"slot":[{"frame":[{"tweenEasing":null,"displayIndex":1,"duration":80}],"name":"w"}],"ffd":[],"ik":[],"name":"huo2","playTimes":0},{"frame":[],"duration":80,"bone":[{"frame":[{"duration":80,"transform":{}}],"name":"root"},{"frame":[{"tweenEasing":0,"duration":40,"transform":{}},{"tweenEasing":0,"duration":40,"transform":{}},{"duration":0,"transform":{}}],"name":"bone"},{"frame":[{"tweenEasing":0,"duration":40,"transform":{}},{"tweenEasing":0,"duration":40,"transform":{"y":-5.53}},{"duration":0,"transform":{}}],"name":"st"},{"frame":[{"tweenEasing":0,"duration":40,"transform":{}},{"tweenEasing":0,"duration":40,"transform":{"skY":-1.9628,"skX":-1.9628}},{"duration":0,"transform":{}}],"name":"gt"},{"frame":[{"tweenEasing":0,"duration":40,"transform":{}},{"tweenEasing":0,"duration":40,"transform":{}},{"duration":0,"transform":{}}],"name":"mj"},{"frame":[{"tweenEasing":0,"duration":40,"transform":{}},{"tweenEasing":0,"duration":40,"transform":{"y":-0.0173,"x":-2.3699}},{"duration":0,"transform":{}}],"name":"sya"},{"frame":[{"tweenEasing":0,"duration":40,"transform":{}},{"tweenEasing":0,"duration":40,"transform":{}},{"duration":0,"transform":{}}],"name":"syb"},{"frame":[{"tweenEasing":0,"duration":40,"transform":{}},{"tweenEasing":0,"duration":40,"transform":{}},{"duration":0,"transform":{}}],"name":"syc"},{"frame":[{"tweenEasing":0,"duration":40,"transform":{}},{"tweenEasing":0,"duration":40,"transform":{}},{"duration":0,"transform":{}}],"name":"w"},{"frame":[{"tweenEasing":0,"duration":40,"transform":{}},{"tweenEasing":0,"duration":40,"transform":{"y":-0.0173,"x":-2.3699}},{"duration":0,"transform":{}}],"name":"sza"},{"frame":[{"tweenEasing":0,"duration":40,"transform":{}},{"tweenEasing":0,"duration":40,"transform":{}},{"duration":0,"transform":{}}],"name":"szb"},{"frame":[{"tweenEasing":0,"duration":40,"transform":{}},{"tweenEasing":0,"duration":40,"transform":{"y":-0.0288,"x":-3.9499}},{"duration":0,"transform":{}}],"name":"tza"},{"frame":[{"tweenEasing":0,"duration":40,"transform":{}},{"tweenEasing":0,"duration":40,"transform":{"y":-0.0343,"x":2.3698}},{"duration":0,"transform":{}}],"name":"tzb"},{"frame":[{"tweenEasing":0,"duration":40,"transform":{}},{"tweenEasing":0,"duration":40,"transform":{"y":-0.0288,"x":-3.9499}},{"duration":0,"transform":{}}],"name":"tya"},{"frame":[{"tweenEasing":0,"duration":40,"transform":{}},{"tweenEasing":0,"duration":40,"transform":{"y":-0.0199,"x":1.5799}},{"duration":0,"transform":{}}],"name":"tyb"},{"frame":[{"duration":80,"transform":{}}],"name":"y01"}],"slot":[{"frame":[{"tweenEasing":null,"displayIndex":-1,"duration":80}],"name":"mj"}],"ffd":[],"ik":[],"name":"si1","playTimes":0},{"frame":[],"duration":110,"bone":[{"frame":[{"duration":110,"transform":{}}],"name":"root"},{"frame":[{"tweenEasing":0,"duration":40,"transform":{}},{"tweenEasing":0,"duration":40,"transform":{}},{"duration":30,"transform":{}}],"name":"bone"},{"frame":[{"tweenEasing":0,"duration":40,"transform":{}},{"tweenEasing":0,"duration":40,"transform":{"y":-5.53}},{"tweenEasing":0,"duration":20,"transform":{}},{"tweenEasing":0,"duration":10,"transform":{"skY":64.7182,"y":35.0355,"skX":64.7182,"x":137.2642}},{"duration":0,"transform":{"skY":87.8552,"y":35.0355,"skX":87.8552,"x":137.2642}}],"name":"st"},{"frame":[{"tweenEasing":0,"duration":40,"transform":{}},{"tweenEasing":0,"duration":40,"transform":{"skY":-1.9628,"skX":-1.9628}},{"tweenEasing":0,"duration":20,"transform":{}},{"tweenEasing":0,"duration":10,"transform":{"skY":31.278,"skX":31.278}},{"duration":0,"transform":{"skY":3.0883,"skX":3.0883}}],"name":"gt"},{"frame":[{"tweenEasing":0,"duration":40,"transform":{}},{"tweenEasing":0,"duration":40,"transform":{}},{"tweenEasing":0,"duration":20,"transform":{}},{"duration":10,"transform":{"skY":31.278,"skX":31.278}}],"name":"mj"},{"frame":[{"tweenEasing":0,"duration":40,"transform":{}},{"tweenEasing":0,"duration":40,"transform":{"y":-0.0173,"x":-2.3699}},{"tweenEasing":0,"duration":20,"transform":{}},{"tweenEasing":0,"duration":10,"transform":{"skY":31.278,"skX":31.278}},{"duration":0,"transform":{"skY":-29.9118,"skX":-29.9118}}],"name":"sya"},{"frame":[{"tweenEasing":0,"duration":40,"transform":{}},{"tweenEasing":0,"duration":40,"transform":{}},{"tweenEasing":0,"duration":20,"transform":{}},{"duration":10,"transform":{"skY":31.278,"skX":31.278}}],"name":"syb"},{"frame":[{"tweenEasing":0,"duration":40,"transform":{}},{"tweenEasing":0,"duration":40,"transform":{}},{"tweenEasing":0,"duration":20,"transform":{}},{"duration":10,"transform":{"skY":31.278,"skX":31.278}}],"name":"syc"},{"frame":[{"tweenEasing":0,"duration":40,"transform":{}},{"tweenEasing":0,"duration":40,"transform":{}},{"tweenEasing":0,"duration":20,"transform":{}},{"duration":10,"transform":{"skY":31.278,"skX":31.278}}],"name":"w"},{"frame":[{"tweenEasing":0,"duration":40,"transform":{}},{"tweenEasing":0,"duration":40,"transform":{"y":-0.0173,"x":-2.3699}},{"tweenEasing":0,"duration":20,"transform":{}},{"tweenEasing":0,"duration":10,"transform":{"skY":-92.9439,"skX":-92.9439}},{"duration":0,"transform":{"skY":-131.3101,"skX":-131.3101}}],"name":"sza"},{"frame":[{"tweenEasing":0,"duration":40,"transform":{}},{"tweenEasing":0,"duration":40,"transform":{}},{"tweenEasing":0,"duration":20,"transform":{}},{"duration":10,"transform":{"skY":31.278,"skX":31.278}}],"name":"szb"},{"frame":[{"tweenEasing":0,"duration":40,"transform":{}},{"tweenEasing":0,"duration":40,"transform":{"y":-0.0288,"x":-3.9499}},{"tweenEasing":0,"duration":20,"transform":{}},{"tweenEasing":0,"duration":10,"transform":{"skY":31.278,"skX":31.278}},{"duration":0,"transform":{"skY":-11.1883,"skX":-11.1883}}],"name":"tza"},{"frame":[{"tweenEasing":0,"duration":40,"transform":{}},{"tweenEasing":0,"duration":40,"transform":{"y":-0.0343,"x":2.3698}},{"tweenEasing":0,"duration":20,"transform":{}},{"duration":10,"transform":{"skY":31.278,"skX":31.278}}],"name":"tzb"},{"frame":[{"tweenEasing":0,"duration":40,"transform":{}},{"tweenEasing":0,"duration":40,"transform":{"y":-0.0288,"x":-3.9499}},{"tweenEasing":0,"duration":20,"transform":{}},{"tweenEasing":0,"duration":10,"transform":{"skY":31.278,"skX":31.278}},{"duration":0,"transform":{"skY":-46.8125,"skX":-46.8125}}],"name":"tya"},{"frame":[{"tweenEasing":0,"duration":40,"transform":{}},{"tweenEasing":0,"duration":40,"transform":{"y":-0.0199,"x":1.5799}},{"tweenEasing":0,"duration":20,"transform":{}},{"duration":10,"transform":{"skY":31.278,"skX":31.278}}],"name":"tyb"},{"frame":[{"duration":110,"transform":{}}],"name":"y01"}],"slot":[{"frame":[{"tweenEasing":null,"displayIndex":-1,"duration":80},{"tweenEasing":null,"displayIndex":-1,"duration":30}],"name":"mj"},{"frame":[{"tweenEasing":null,"displayIndex":-1,"duration":8},{"tweenEasing":null,"duration":6},{"tweenEasing":null,"displayIndex":1,"duration":5},{"tweenEasing":null,"displayIndex":16,"duration":6},{"tweenEasing":null,"displayIndex":15,"duration":5},{"tweenEasing":null,"displayIndex":14,"duration":6},{"tweenEasing":null,"displayIndex":13,"duration":5},{"tweenEasing":null,"displayIndex":12,"duration":6},{"tweenEasing":null,"displayIndex":11,"duration":5},{"tweenEasing":null,"displayIndex":10,"duration":6},{"tweenEasing":null,"displayIndex":9,"duration":7},{"tweenEasing":null,"displayIndex":8,"duration":5},{"tweenEasing":null,"displayIndex":7,"duration":6},{"tweenEasing":null,"displayIndex":6,"duration":5},{"tweenEasing":null,"displayIndex":5,"duration":6},{"tweenEasing":null,"displayIndex":4,"duration":5},{"tweenEasing":null,"displayIndex":3,"duration":6},{"tweenEasing":null,"displayIndex":2,"duration":5},{"tweenEasing":null,"displayIndex":-1,"duration":7}],"name":"y01"}],"ffd":[],"ik":[],"name":"si2","playTimes":0}],"type":"Armature","name":"xiaofangyuan","bone":[{"name":"root","transform":{}},{"length":83,"transform":{"skY":-90.1388,"y":-7.1897,"scX":3.2484,"scY":3.2484,"skX":-90.1388,"x":4.3463},"parent":"root","name":"y01"},{"transform":{},"name":"bone","parent":"root"},{"length":102,"transform":{"skY":-90.4176,"y":-93.2841,"skX":-90.4176,"x":-0.6773},"parent":"bone","name":"st"},{"length":109,"transform":{"skY":0.8097,"y":-10.7839,"skX":0.8097,"x":160.0328},"parent":"st","name":"gt"},{"length":51,"transform":{"skY":-178.7529,"y":29.2659,"skX":-178.7529,"x":15.7971},"parent":"st","name":"tza"},{"length":61,"transform":{"skY":-153.3529,"y":-66.6178,"skX":-153.3529,"x":128.1389},"parent":"st","name":"sya"},{"length":47,"transform":{"skY":153.0621,"y":55.7043,"skX":153.0621,"x":110.1469},"parent":"st","name":"sza"},{"length":59,"transform":{"skY":-178.8614,"y":-35.9074,"skX":-178.8614,"x":19.7022},"parent":"st","name":"tya"},{"length":40,"transform":{"skY":166.5597,"y":26.1365,"skX":166.5597,"x":16.6792},"parent":"gt","name":"mj"},{"length":40,"transform":{"skY":-1.897,"y":-1.5592,"skX":-1.897,"x":55.8833},"parent":"tza","name":"tzb"},{"length":14,"transform":{"skY":157.1863,"y":1.1141,"skX":157.1863,"x":54.8182},"parent":"sza","name":"szb"},{"length":57,"transform":{"skY":-61.5339,"y":4.0072,"skX":-61.5339,"x":58.0482},"parent":"sya","name":"syb"},{"length":39,"transform":{"skY":-1.228,"skX":-1.228,"x":59.6047},"parent":"tya","name":"tyb"},{"length":30,"transform":{"skY":-15.5883,"y":-1.2005,"skX":-15.5883,"x":45.024},"parent":"syb","name":"syc"},{"length":38,"transform":{"skY":-53.9466,"y":-11.6408,"skX":-53.9466,"x":16.6983},"parent":"syc","name":"w"}],"aabb":{"width":269.2451867548066,"y":-395.42452463591565,"height":395.7784131376664,"x":-110.29119580089234},"slot":[{"name":"sza","parent":"sza","color":{}},{"z":1,"name":"tza","parent":"tza","color":{}},{"z":2,"name":"tzb","parent":"tzb","color":{}},{"z":3,"name":"tya","parent":"tya","color":{}},{"z":4,"name":"tyb","parent":"tyb","color":{}},{"z":5,"name":"st","parent":"st","color":{}},{"z":6,"name":"w","parent":"w","color":{}},{"z":7,"name":"szb","parent":"szb","color":{}},{"z":8,"name":"sya","parent":"sya","color":{}},{"z":9,"name":"syc","parent":"syc","color":{}},{"z":10,"name":"syb","parent":"syb","color":{}},{"z":11,"name":"gt","parent":"gt","color":{}},{"z":12,"name":"mj","parent":"mj","color":{}},{"displayIndex":-1,"z":13,"name":"y01","parent":"y01","color":{}}],"ik":[],"frameRate":60,"defaultActions":[{"gotoAndPlay":"huo1"}]}]}