{"width":512,"imagePath":"xiaofangyuan_tex.png","height":1024,"name":"xiaofangyuan","SubTexture":[{"width":61,"y":95,"height":69,"name":"sza","x":441},{"width":35,"y":350,"height":81,"name":"tza","x":438},{"width":46,"y":543,"height":61,"name":"tzb","x":434},{"width":35,"y":350,"height":76,"name":"tya","x":475},{"width":45,"y":606,"height":62,"name":"tyb","x":397},{"width":150,"y":171,"height":180,"name":"st","x":272},{"frameY":-7,"y":147,"frameWidth":269,"frameX":0,"frameHeight":146,"width":269,"height":132,"name":"w1","x":1},{"frameY":-1,"y":1,"frameWidth":269,"frameX":0,"frameHeight":146,"width":269,"height":144,"name":"w","x":1},{"width":34,"y":428,"height":30,"name":"szb","x":475},{"width":44,"y":465,"height":76,"name":"sya","x":434},{"width":53,"y":508,"height":44,"name":"syc","x":101},{"width":54,"y":287,"height":61,"name":"syb","x":424},{"width":167,"y":1,"height":168,"name":"gt","x":272},{"frameY":-21,"y":281,"frameWidth":142,"frameX":-6,"frameHeight":124,"width":132,"height":103,"name":"mj","x":1},{"frameY":-15,"y":577,"frameWidth":104,"frameX":0,"frameHeight":140,"width":33,"height":24,"name":"y17","x":397},{"frameY":-3,"y":467,"frameWidth":104,"frameX":-2,"frameHeight":140,"width":102,"height":94,"name":"y13","x":204},{"frameY":-96,"y":287,"frameWidth":104,"frameX":-44,"frameHeight":140,"width":26,"height":44,"name":"y02","x":480},{"frameY":-21,"y":465,"frameWidth":104,"frameX":-6,"frameHeight":140,"width":92,"height":110,"name":"y06","x":340},{"frameY":-17,"y":353,"frameWidth":104,"frameX":-4,"frameHeight":140,"width":96,"height":110,"name":"y07","x":340},{"frameY":-13,"y":396,"frameWidth":104,"frameX":-3,"frameHeight":140,"width":99,"height":110,"name":"y09","x":103},{"frameY":-30,"y":614,"frameWidth":104,"frameX":-15,"frameHeight":140,"width":71,"height":108,"name":"y04","x":1},{"frameY":-2,"y":577,"frameWidth":104,"frameX":-1,"frameHeight":140,"width":88,"height":54,"name":"y16","x":307},{"frameY":-10,"y":281,"frameWidth":104,"frameX":-3,"frameHeight":140,"width":101,"height":113,"name":"y10","x":135},{"frameY":0,"y":563,"frameWidth":104,"frameX":-1,"frameHeight":140,"width":102,"height":88,"name":"y14","x":101},{"frameY":-3,"y":563,"frameWidth":104,"frameX":-1,"frameHeight":140,"width":100,"height":76,"name":"y15","x":205},{"frameY":-47,"y":1,"frameWidth":104,"frameX":-23,"frameHeight":140,"width":57,"height":92,"name":"y03","x":441},{"frameY":-5,"y":353,"frameWidth":104,"frameX":-4,"frameHeight":140,"width":100,"height":112,"name":"y12","x":238},{"frameY":-24,"y":171,"frameWidth":104,"frameX":-9,"frameHeight":140,"width":83,"height":114,"name":"y05","x":424},{"frameY":-135,"y":386,"frameWidth":104,"frameX":-55,"frameHeight":140,"width":5,"height":4,"name":"y01","x":103},{"frameY":-15,"y":502,"frameWidth":104,"frameX":-4,"frameHeight":140,"width":98,"height":110,"name":"y08","x":1},{"frameY":-8,"y":386,"frameWidth":104,"frameX":-4,"frameHeight":140,"width":100,"height":114,"name":"y11","x":1}]}