{"frameRate":60,"isGlobal":0,"name":"che","version":"5.0","armature":[{"aabb":{"width":859,"y":-354.5,"height":356,"x":-401},"skin":[{"name":"","slot":[{"display":[{"path":"luntai","type":"image","name":"luntai","transform":{"y":0.5,"x":0.5}}],"name":"luntai1"},{"display":[{"path":"at","type":"image","name":"at","transform":{"y":-176.5,"x":28.5}}],"name":"at"},{"display":[{"path":"lk","type":"image","name":"lk","transform":{"y":-164.5,"x":-4.5}}],"name":"lk"},{"display":[{"path":"luntai","type":"image","name":"luntai","transform":{"y":0.5,"x":0.5}}],"name":"luntai"}]}],"animation":[{"frame":[],"duration":0,"bone":[{"frame":[{"duration":0,"transform":{}}],"name":"root"},{"frame":[{"duration":0,"transform":{}}],"name":"bone"},{"frame":[{"duration":0,"transform":{}}],"name":"bone1"},{"frame":[{"duration":0,"transform":{}}],"name":"luntai"},{"frame":[{"duration":0,"transform":{}}],"name":"luntai1"}],"ik":[],"slot":[],"ffd":[],"name":"aotuo1","playTimes":0},{"frame":[],"duration":9,"bone":[{"frame":[{"duration":9,"transform":{}}],"name":"root"},{"frame":[{"tweenEasing":0,"duration":3,"transform":{}},{"tweenEasing":0,"duration":2,"transform":{"y":2.97}},{"tweenEasing":0,"duration":1,"transform":{"y":4.95}},{"tweenEasing":0,"duration":3,"transform":{"y":3.7125}},{"duration":0,"transform":{}}],"name":"bone"},{"frame":[{"duration":9,"transform":{}}],"name":"bone1"},{"frame":[{"tweenEasing":0,"duration":3,"transform":{}},{"tweenEasing":0,"duration":2,"transform":{"skY":120,"y":-2.376,"skX":120}},{"tweenEasing":0,"duration":1,"transform":{"skY":200,"y":-3.96,"skX":200}},{"tweenEasing":0,"duration":3,"transform":{"skY":-120,"y":-2.97,"skX":-120}},{"duration":0,"transform":{}}],"name":"luntai"},{"frame":[{"tweenEasing":0,"duration":3,"transform":{}},{"tweenEasing":0,"duration":2,"transform":{"skY":120,"y":-2.376,"skX":120}},{"tweenEasing":0,"duration":1,"transform":{"skY":200,"y":-3.96,"skX":200}},{"tweenEasing":0,"duration":3,"transform":{"skY":-120,"y":-2.97,"skX":-120}},{"duration":0,"transform":{}}],"name":"luntai1"}],"ik":[],"slot":[],"ffd":[],"name":"aotuo2","playTimes":0},{"frame":[],"duration":0,"bone":[{"frame":[{"duration":0,"transform":{}}],"name":"root"},{"frame":[{"duration":0,"transform":{}}],"name":"bone"},{"frame":[{"duration":0,"transform":{}}],"name":"bone1"},{"frame":[{"duration":0,"transform":{}}],"name":"luntai"},{"frame":[{"duration":0,"transform":{}}],"name":"luntai1"}],"ik":[],"slot":[{"frame":[{"tweenEasing":null,"displayIndex":-1,"duration":0}],"name":"at"},{"frame":[{"tweenEasing":null,"duration":0}],"name":"lk"},{"frame":[{"tweenEasing":null,"displayIndex":-1,"duration":0}],"name":"luntai"},{"frame":[{"tweenEasing":null,"displayIndex":-1,"duration":0}],"name":"luntai1"}],"ffd":[],"name":"lk","playTimes":0}],"type":"Armature","frameRate":60,"bone":[{"name":"root","transform":{}},{"transform":{},"name":"bone","parent":"root"},{"transform":{},"name":"bone1","parent":"root"},{"transform":{"y":-72,"x":297},"name":"luntai","parent":"bone"},{"transform":{"y":-72,"x":-280.1203},"name":"luntai1","parent":"bone"}],"ik":[],"slot":[{"name":"at","parent":"bone","color":{}},{"displayIndex":-1,"z":1,"name":"lk","parent":"bone1","color":{}},{"z":2,"name":"luntai","parent":"luntai","color":{}},{"z":3,"name":"luntai1","parent":"luntai1","color":{}}],"defaultActions":[{"gotoAndPlay":"aotuo1"}],"name":"che"}]}