{"GameSkin0000":{"0":{"0":{"0":{"type":"Image","scale9Grid":"176,88,1061,3","source":"scene0_json.1","height":1078},"1":{"type":"Image","scale9Grid":"176,345,1061,15","source":"scene0_json.4","y":1078,"height":626},"2":{"type":"Image","source":"scene0_json.2","x":234.32,"y":721.54},"3":{"type":"Component","skinName":"TalkSkin0","x":974,"y":620.97,"name":"talk1","visible":false},"4":{"0":{"type":"Image","scale9Grid":"0,12,5,11","source":"scene0_json.7","x":-2.5,"y":-110,"name":"cord"},"type":"Group","x":494.77,"y":192,"width":50,"height":50,"name":"zhizhugroup"},"type":"Group","y":-192,"width":974,"height":1704,"name":"bg"},"1":{"type":"Group","x":418.78,"y":737.8,"width":50,"height":50,"name":"rolebox"},"2":{"type":"Image","source":"ItemUI_json.item13","x":982.21,"y":662.6,"name":"toy"},"3":{"type":"Image","source":"scene0_json.3","x":286.32,"y":676.04,"name":"door"},"4":{"type":"Group","x":-99.73,"y":831.79,"width":50,"height":50,"name":"rolebox0"},"5":{"type":"Component","skinName":"TalkSkin1","x":124.8,"y":400.03,"name":"talk0","visible":false},"type":"Group","width":983,"height":1512,"verticalCenter":116}},"GameSkin0001":{"0":{"0":{"type":"Image","scale9Grid":"176,88,1061,3","source":"scene1_json.7","y":-192,"height":1078},"1":{"type":"Image","scale9Grid":"176,345,1061,15","source":"scene1_json.ground","y":886,"height":626},"2":{"type":"Group","x":30.72,"y":806.02,"width":50,"height":50},"3":{"type":"Group","x":456.72,"y":816.02,"width":50,"height":50},"4":{"type":"Group","x":578.72,"y":816.02,"width":50,"height":50},"5":{"type":"Component","skinName":"TalkSkin1","x":124.8,"y":400.03,"visible":false},"type":"Group","width":629,"height":1512,"verticalCenter":116}}}