{"width":256,"imagePath":"huodui_tex.png","height":512,"name":"huodui","SubTexture":[{"width":151,"y":1,"height":126,"name":"huodui","x":1},{"frameY":-1,"y":89,"frameWidth":56,"frameX":-2,"frameHeight":88,"width":49,"height":86,"name":"00015","x":154},{"frameY":-1,"y":1,"frameWidth":56,"frameX":-2,"frameHeight":88,"width":50,"height":86,"name":"00017","x":154},{"frameY":-8,"y":208,"frameWidth":56,"frameX":-4,"frameHeight":88,"width":48,"height":79,"name":"00009","x":102},{"frameY":-10,"y":129,"frameWidth":56,"frameX":-4,"frameHeight":88,"width":50,"height":77,"name":"00005","x":102},{"frameY":-3,"y":129,"frameWidth":56,"frameX":-2,"frameHeight":88,"width":49,"height":84,"name":"00013","x":1},{"frameY":0,"y":1,"frameWidth":56,"frameX":-4,"frameHeight":88,"width":49,"height":87,"name":"00003","x":206},{"frameY":-9,"y":177,"frameWidth":56,"frameX":-4,"frameHeight":88,"width":49,"height":78,"name":"00007","x":154},{"frameY":-5,"y":129,"frameWidth":56,"frameX":-2,"frameHeight":88,"width":48,"height":82,"name":"00011","x":52},{"frameY":0,"y":90,"frameWidth":56,"frameX":-3,"frameHeight":88,"width":48,"height":87,"name":"00001","x":205}]}