{"frameRate":24,"isGlobal":0,"name":"huodui","version":"5.0","armature":[{"aabb":{"width":151,"y":-160.6634882781643,"height":205.1634882781643,"x":-82},"skin":[{"name":"","slot":[{"display":[{"path":"huodui","type":"image","name":"huodui","transform":{"y":-18.5,"x":-6.5}}],"name":"huodui"},{"display":[{"path":"00001","type":"image","name":"00001","transform":{"y":-35.1302}},{"path":"00003","type":"image","name":"00003","transform":{"y":-35.1302}},{"path":"00005","type":"image","name":"00005","transform":{"y":-35.1302}},{"path":"00007","type":"image","name":"00007","transform":{"y":-35.1302}},{"path":"00009","type":"image","name":"00009","transform":{"y":-35.1302}},{"path":"00011","type":"image","name":"00011","transform":{"y":-35.1302}},{"path":"00013","type":"image","name":"00013","transform":{"y":-35.1302}},{"path":"00015","type":"image","name":"00015","transform":{"y":-35.1302}},{"path":"00017","type":"image","name":"00017","transform":{"y":-35.1302}}],"name":"00001"}]}],"animation":[{"frame":[],"duration":18,"ik":[],"bone":[{"frame":[{"duration":18,"transform":{}}],"name":"root"},{"frame":[{"duration":18,"transform":{}}],"name":"bone"},{"frame":[{"duration":18,"transform":{}}],"name":"bone1"}],"slot":[{"frame":[{"tweenEasing":null,"duration":2},{"tweenEasing":null,"displayIndex":1,"duration":2},{"tweenEasing":null,"displayIndex":2,"duration":2},{"tweenEasing":null,"displayIndex":3,"duration":2},{"tweenEasing":null,"displayIndex":4,"duration":2},{"tweenEasing":null,"displayIndex":5,"duration":2},{"tweenEasing":null,"displayIndex":6,"duration":2},{"tweenEasing":null,"displayIndex":7,"duration":2},{"tweenEasing":null,"displayIndex":8,"duration":2},{"tweenEasing":null,"duration":0}],"name":"00001"}],"ffd":[],"name":"1","playTimes":0}],"ik":[],"frameRate":24,"bone":[{"name":"root","transform":{}},{"transform":{},"name":"bone","parent":"root"},{"transform":{"scY":2.41,"y":-31.9998,"scX":2.81,"x":-3.9663},"name":"bone1","parent":"bone"}],"defaultActions":[{"gotoAndPlay":"1"}],"slot":[{"name":"huodui","parent":"bone","color":{}},{"z":1,"name":"00001","parent":"bone1","color":{}}],"type":"Armature","name":"huodui"}]}