{"frameRate":60,"isGlobal":0,"name":"B","version":"5.5","armature":[{"slot":[{"name":"hb","parent":"hb","color":{}},{"z":1,"name":"st","parent":"st","color":{}},{"z":2,"name":"ha","parent":"ha","color":{}}],"skin":[{"name":"","slot":[{"display":[{"path":"ha","type":"image","name":"ha","transform":{"skY":90,"y":9.6069,"skX":90,"x":35.4435}}],"name":"ha"},{"display":[{"path":"st","type":"image","name":"st","transform":{"skY":92.0822,"y":-12.4991,"skX":92.0822,"x":86.6405}}],"name":"st"},{"display":[{"path":"hb","type":"image","name":"hb","transform":{"skY":-95.1516,"y":-53.7763,"skX":-95.1516,"x":63.0902}}],"name":"hb"}]}],"type":"Armature","frameRate":60,"bone":[{"name":"root","transform":{}},{"transform":{},"name":"bone","parent":"root"},{"length":144,"transform":{"skY":-92.0822,"y":-50.4,"skX":-92.0822,"x":4.05},"parent":"bone","name":"st"},{"length":33,"transform":{"skY":2.0822,"y":-4.3656,"skX":2.0822,"x":199.1901},"parent":"st","name":"ha"},{"length":103,"transform":{"skY":-174.8484,"y":-38.3,"skX":-174.8484,"x":83.45},"parent":"ha","name":"hb"}],"aabb":{"width":204,"y":-406.74349633682266,"height":407.71429925653086,"x":-99.94310225749226},"defaultActions":[{"gotoAndPlay":"1"}],"animation":[{"frame":[],"duration":80,"bone":[{"translateFrame":[{"tweenEasing":0,"duration":40},{"tweenEasing":0,"duration":40},{"duration":0}],"scaleFrame":[{"tweenEasing":0,"duration":40},{"tweenEasing":0,"duration":40},{"duration":0}],"name":"root","rotateFrame":[{"tweenEasing":0,"duration":40},{"tweenEasing":0,"duration":40},{"duration":0}]},{"translateFrame":[{"tweenEasing":0,"duration":40},{"tweenEasing":0,"duration":40},{"duration":0}],"scaleFrame":[{"tweenEasing":0,"duration":40},{"tweenEasing":0,"duration":40},{"duration":0}],"name":"bone","rotateFrame":[{"tweenEasing":0,"duration":40},{"tweenEasing":0,"duration":40},{"duration":0}]},{"translateFrame":[{"tweenEasing":0,"duration":40},{"tweenEasing":0,"y":-2.16,"duration":40},{"duration":0}],"scaleFrame":[{"tweenEasing":0,"duration":40},{"tweenEasing":0,"y":1.02,"duration":40,"x":1.02},{"duration":0}],"name":"st","rotateFrame":[{"tweenEasing":0,"duration":40},{"tweenEasing":0,"duration":40},{"duration":0}]},{"translateFrame":[{"tweenEasing":0,"duration":40},{"tweenEasing":0,"duration":40},{"duration":0}],"scaleFrame":[{"tweenEasing":0,"duration":40},{"tweenEasing":0,"y":0.98,"duration":40,"x":0.98},{"duration":0}],"name":"ha","rotateFrame":[{"tweenEasing":0,"duration":40},{"tweenEasing":0,"duration":40,"rotate":-2.6844},{"duration":0}]},{"translateFrame":[{"tweenEasing":0,"duration":40},{"tweenEasing":0,"duration":40},{"duration":0}],"scaleFrame":[{"tweenEasing":0,"duration":40},{"tweenEasing":0,"duration":40},{"duration":0}],"name":"hb","rotateFrame":[{"tweenEasing":0,"duration":40},{"tweenEasing":0,"duration":40,"rotate":-1.6751},{"duration":0}]}],"slot":[{"colorFrame":[],"displayFrame":[],"name":"hb"},{"colorFrame":[],"displayFrame":[],"name":"st"},{"colorFrame":[],"displayFrame":[],"name":"ha"}],"ffd":[],"name":"1","ik":[],"playTimes":0}],"name":"B","ik":[]}]}