{"width":512,"imagePath":"renfanzi_tex.png","height":256,"name":"renfanzi","SubTexture":[{"width":138,"y":1,"height":215,"name":"hb","x":1},{"frameY":0,"y":217,"frameWidth":49,"frameX":-4,"frameHeight":30,"width":45,"height":30,"name":"tzc","x":225},{"width":33,"y":172,"height":57,"name":"tzb","x":304},{"width":42,"y":86,"height":91,"name":"tza","x":357},{"frameY":0,"y":201,"frameWidth":48,"frameX":-3,"frameHeight":30,"width":45,"height":30,"name":"tyc","x":178},{"width":70,"y":88,"height":127,"name":"tyb","x":232},{"width":56,"y":1,"height":83,"name":"tya","x":264},{"width":30,"y":217,"height":38,"name":"szc","x":272},{"width":51,"y":86,"height":84,"name":"sza","x":304},{"width":35,"y":201,"height":47,"name":"syc","x":141},{"width":89,"y":88,"height":111,"name":"st","x":141},{"width":47,"y":1,"height":83,"name":"sya","x":322},{"width":121,"y":1,"height":85,"name":"ha","x":141}]}