{"frameRate":60,"isGlobal":0,"name":"renfanzi","version":"5.0","armature":[{"aabb":{"width":162.49086934161718,"y":-364.6535895202654,"height":373.0927144820238,"x":-90.28217864852877},"skin":[{"name":"","slot":[{"display":[{"path":"ha","type":"image","name":"ha","transform":{"skY":95.6199,"y":-12.4048,"skX":95.6199,"x":37.3951}}],"name":"ha"},{"display":[{"path":"st","type":"image","name":"st","transform":{"skY":90.6275,"y":-5.5118,"skX":90.6275,"x":44.716}}],"name":"st"},{"display":[{"path":"szc","type":"image","name":"szc","transform":{"skY":-59.0993,"y":-3.1809,"skX":-59.0993,"x":19.2865}}],"name":"szc"},{"display":[{"path":"tyb","type":"image","name":"tyb","transform":{"skY":-102.3356,"y":-5.2202,"skX":-102.3356,"x":-10.2922}}],"name":"tyb"},{"display":[{"path":"hb","type":"image","name":"hb","transform":{"skY":-86.5365,"y":12.6987,"skX":-86.5365,"x":91.348}}],"name":"hb"},{"display":[{"path":"sza","type":"image","name":"sza","transform":{"skY":-70.4127,"y":0.4662,"skX":-70.4127,"x":34.0011}}],"name":"sza"},{"display":[{"path":"tzb","type":"image","name":"tzb","transform":{"skY":-84.9539,"y":-0.503,"skX":-84.9539,"x":20.8933}}],"name":"tzb"},{"display":[{"path":"tyc","type":"image","name":"tyc","transform":{"skY":-85.715,"y":-7.4752,"skX":-85.715,"x":11.7324}}],"name":"tyc"},{"display":[{"path":"tya","type":"image","name":"tya","transform":{"skY":-106.4714,"y":-4.014,"skX":-106.4714,"x":11.5917}}],"name":"tya"},{"display":[{"path":"syc","type":"image","name":"syc","transform":{"skY":-113.1616,"y":0.15,"skX":-113.1616,"x":8.8807}}],"name":"syc"},{"display":[{"path":"tzc","type":"image","name":"tzc","transform":{"skY":-72.2109,"y":-4.1952,"skX":-72.2109,"x":14.0185}}],"name":"tzc"},{"display":[{"path":"tza","type":"image","name":"tza","transform":{"skY":-89.302,"y":2.4154,"skX":-89.302,"x":17.1573}}],"name":"tza"},{"display":[{"path":"sya","type":"image","name":"sya","transform":{"skY":-113.8465,"y":4.6499,"skX":-113.8465,"x":36.3001}}],"name":"sya"}]}],"animation":[{"frame":[],"duration":80,"bone":[{"frame":[{"duration":80,"transform":{}}],"name":"root"},{"frame":[{"duration":80,"transform":{}}],"name":"bone"},{"frame":[{"tweenEasing":0,"duration":40,"transform":{}},{"tweenEasing":0,"duration":40,"transform":{"y":-2.55,"scX":1.05,"scY":1.05}},{"duration":0,"transform":{}}],"name":"st"},{"frame":[{"tweenEasing":0,"duration":40,"transform":{}},{"tweenEasing":0,"duration":40,"transform":{"skY":-5.9988,"scX":0.95,"scY":0.95,"skX":-5.9988}},{"duration":0,"transform":{}}],"name":"sya"},{"frame":[{"tweenEasing":0,"duration":80,"transform":{}},{"duration":0,"transform":{}}],"name":"syc"},{"frame":[{"tweenEasing":0,"duration":40,"transform":{}},{"tweenEasing":0,"duration":40,"transform":{"skY":3.3606,"scX":0.95,"scY":0.95,"skX":3.3606}},{"duration":0,"transform":{}}],"name":"sza"},{"frame":[{"tweenEasing":0,"duration":80,"transform":{}},{"duration":0,"transform":{}}],"name":"szc"},{"frame":[{"tweenEasing":0,"duration":40,"transform":{}},{"tweenEasing":0,"duration":40,"transform":{"skY":-1.7288,"scX":0.95,"scY":0.95,"skX":-1.7288}},{"duration":0,"transform":{}}],"name":"ha"},{"frame":[{"tweenEasing":0,"duration":80,"transform":{}},{"duration":0,"transform":{}}],"name":"hb"},{"frame":[{"tweenEasing":0,"duration":40,"transform":{}},{"tweenEasing":0,"duration":40,"transform":{"y":-0.0266,"scX":0.95,"scY":0.95,"x":-2.4284}},{"duration":0,"transform":{}}],"name":"tya"},{"frame":[{"tweenEasing":0,"duration":80,"transform":{}},{"duration":0,"transform":{}}],"name":"tyb"},{"frame":[{"tweenEasing":0,"duration":80,"transform":{}},{"duration":0,"transform":{}}],"name":"tyc"},{"frame":[{"tweenEasing":0,"duration":40,"transform":{}},{"tweenEasing":0,"duration":40,"transform":{"y":-0.0266,"scX":0.95,"scY":0.95,"x":-2.4284}},{"duration":0,"transform":{}}],"name":"tza"},{"frame":[{"tweenEasing":0,"duration":80,"transform":{}},{"duration":0,"transform":{}}],"name":"tzb"},{"frame":[{"tweenEasing":0,"duration":80,"transform":{}},{"duration":0,"transform":{}}],"name":"tzc"}],"ik":[],"slot":[],"ffd":[],"name":"1","playTimes":0},{"frame":[],"duration":80,"bone":[{"frame":[{"duration":80,"transform":{}}],"name":"root"},{"frame":[{"duration":80,"transform":{}}],"name":"bone"},{"frame":[{"tweenEasing":0,"duration":40,"transform":{}},{"tweenEasing":0,"duration":40,"transform":{"y":-2.55,"scX":1.05,"scY":1.05}},{"duration":0,"transform":{}}],"name":"st"},{"frame":[{"tweenEasing":0,"duration":16,"transform":{}},{"tweenEasing":0,"duration":15,"transform":{"skY":-8.0753,"scX":0.98,"scY":0.98,"skX":-8.0753}},{"tweenEasing":0,"duration":9,"transform":{"skY":-1.3775,"scX":0.9612,"scY":0.9612,"skX":-1.3775}},{"tweenEasing":0,"duration":40,"transform":{"skY":-5.9988,"scX":0.95,"scY":0.95,"skX":-5.9988}},{"duration":0,"transform":{}}],"name":"sya"},{"frame":[{"tweenEasing":0,"duration":80,"transform":{}},{"duration":0,"transform":{}}],"name":"syc"},{"frame":[{"tweenEasing":0,"duration":16,"transform":{}},{"tweenEasing":0,"duration":10,"transform":{"skY":-64.8428,"y":-1.9475,"scX":0.98,"scY":0.98,"skX":-64.8428,"x":1.6594}},{"tweenEasing":0,"duration":10,"transform":{"skY":-48.6321,"y":-3.1647,"scX":0.9675,"scY":0.9675,"skX":-48.6321,"x":2.6965}},{"tweenEasing":0,"duration":4,"transform":{"skY":-69.5859,"y":-4.3819,"scX":0.955,"scY":0.955,"skX":-69.5859,"x":3.7336}},{"tweenEasing":0,"duration":6,"transform":{"skY":-61.2044,"y":-4.8688,"scX":0.95,"scY":0.95,"skX":-61.2044,"x":4.1485}},{"tweenEasing":0,"duration":10,"transform":{"skY":-48.6321,"y":-4.1385,"scX":0.9575,"scY":0.9575,"skX":-48.6321,"x":3.5262}},{"tweenEasing":0,"duration":24,"transform":{"skY":-64.8428,"y":-2.9213,"scX":0.97,"scY":0.97,"skX":-64.8428,"x":2.4891}},{"duration":0,"transform":{}}],"name":"sza"},{"frame":[{"tweenEasing":0,"duration":80,"transform":{}},{"duration":0,"transform":{}}],"name":"szc"},{"frame":[{"tweenEasing":0,"duration":16,"transform":{}},{"tweenEasing":0,"duration":24,"transform":{"skY":-4.6251,"scX":0.98,"scY":0.98,"skX":-4.6251}},{"tweenEasing":0,"duration":20,"transform":{"skY":2.6559,"scX":0.95,"scY":0.95,"skX":2.6559}},{"tweenEasing":0,"duration":20,"transform":{"skY":-1.6989,"scX":0.975,"scY":0.975,"skX":-1.6989}},{"duration":0,"transform":{}}],"name":"ha"},{"frame":[{"tweenEasing":0,"duration":80,"transform":{}},{"duration":0,"transform":{}}],"name":"hb"},{"frame":[{"tweenEasing":0,"duration":40,"transform":{}},{"tweenEasing":0,"duration":40,"transform":{"y":-0.0266,"scX":0.95,"scY":0.95,"x":-2.4284}},{"duration":0,"transform":{}}],"name":"tya"},{"frame":[{"tweenEasing":0,"duration":80,"transform":{}},{"duration":0,"transform":{}}],"name":"tyb"},{"frame":[{"tweenEasing":0,"duration":80,"transform":{}},{"duration":0,"transform":{}}],"name":"tyc"},{"frame":[{"tweenEasing":0,"duration":40,"transform":{}},{"tweenEasing":0,"duration":40,"transform":{"y":-0.0266,"scX":0.95,"scY":0.95,"x":-2.4284}},{"duration":0,"transform":{}}],"name":"tza"},{"frame":[{"tweenEasing":0,"duration":80,"transform":{}},{"duration":0,"transform":{}}],"name":"tzb"},{"frame":[{"tweenEasing":0,"duration":80,"transform":{}},{"duration":0,"transform":{}}],"name":"tzc"}],"ik":[],"slot":[],"ffd":[],"name":"2","playTimes":0}],"type":"Armature","frameRate":60,"bone":[{"name":"root","transform":{}},{"transform":{},"name":"bone","parent":"root"},{"length":59,"transform":{"skY":-90.6275,"y":-123.702,"skX":-90.6275,"x":2.5247},"parent":"bone","name":"st"},{"length":62,"transform":{"skY":-155.526,"y":-35.1283,"skX":-155.526,"x":79.7895},"parent":"st","name":"sya"},{"length":63,"transform":{"skY":161.0402,"y":20.2036,"skX":161.0402,"x":77.8334},"parent":"st","name":"sza"},{"length":40,"transform":{"skY":-4.9924,"y":1.0667,"skX":-4.9924,"x":97.3942},"parent":"st","name":"ha"},{"length":49,"transform":{"skY":-162.9011,"y":-22.0786,"skX":-162.9011,"x":-7.0586},"parent":"st","name":"tya"},{"length":53,"transform":{"skY":179.9294,"y":16.699,"skX":179.9294,"x":-0.1829},"parent":"st","name":"tza"},{"length":20,"transform":{"skY":-0.6849,"y":1.8273,"skX":-0.6849,"x":70.0706},"parent":"sya","name":"syc"},{"length":55,"transform":{"skY":-177.8437,"y":-4.0352,"skX":-177.8437,"x":129.0153},"parent":"ha","name":"hb"},{"length":23,"transform":{"skY":-11.3134,"y":-1.2719,"skX":-11.3134,"x":64.1379},"parent":"sza","name":"szc"},{"length":49,"transform":{"skY":-4.1358,"skX":-4.1358,"x":49.3763},"parent":"tya","name":"tyb"},{"length":45,"transform":{"skY":-4.3481,"skX":-4.3481,"x":53.354},"parent":"tza","name":"tzb"},{"length":17,"transform":{"skY":-16.6206,"y":-1.885,"skX":-16.6206,"x":52.1513},"parent":"tyb","name":"tyc"},{"length":19,"transform":{"skY":-12.743,"y":-0.0572,"skX":-12.743,"x":44.8288},"parent":"tzb","name":"tzc"}],"ik":[],"slot":[{"name":"hb","parent":"hb","color":{}},{"z":1,"name":"tzc","parent":"tzc","color":{}},{"z":2,"name":"tzb","parent":"tzb","color":{}},{"z":3,"name":"tza","parent":"tza","color":{}},{"z":4,"name":"tyc","parent":"tyc","color":{}},{"z":5,"name":"tyb","parent":"tyb","color":{}},{"z":6,"name":"tya","parent":"tya","color":{}},{"z":7,"name":"szc","parent":"szc","color":{}},{"z":8,"name":"sza","parent":"sza","color":{}},{"z":9,"name":"syc","parent":"syc","color":{}},{"z":10,"name":"st","parent":"st","color":{}},{"z":11,"name":"sya","parent":"sya","color":{}},{"z":12,"name":"ha","parent":"ha","color":{}}],"defaultActions":[{"gotoAndPlay":"1"}],"name":"renfanzi"}]}