{"frameRate":60,"isGlobal":0,"name":"jixiebi","version":"5.0","armature":[{"defaultActions":[{"gotoAndPlay":"1"}],"skin":[{"name":"","slot":[{"display":[{"path":"b1","type":"image","name":"b1","transform":{"skY":-70.6641,"y":4.3743,"skX":-70.6641,"x":31.3704}}],"name":"b1"},{"display":[{"path":"b2","type":"image","name":"b2","transform":{"skY":-151.3651,"y":1.8087,"skX":-151.3651,"x":45.7926}}],"name":"b2"},{"display":[{"path":"b3","type":"image","name":"b3","transform":{"skY":-151.3651,"y":-14.5867,"skX":-151.3651,"x":5.2035}}],"name":"b3"}]}],"animation":[{"frame":[],"duration":120,"ik":[],"bone":[{"frame":[{"duration":120,"transform":{}}],"name":"root"},{"frame":[{"duration":120,"transform":{}}],"name":"bone"},{"frame":[{"tweenEasing":0,"duration":10,"transform":{}},{"tweenEasing":0,"duration":20,"transform":{"skY":-26.5989,"skX":-26.5989}},{"tweenEasing":0,"duration":10,"transform":{"skY":-26.5989,"skX":-26.5989}},{"tweenEasing":0,"duration":20,"transform":{"skY":69.6904,"skX":69.6904}},{"tweenEasing":0,"duration":10,"transform":{"skY":69.6904,"skX":69.6904}},{"tweenEasing":0,"duration":20,"transform":{"skY":134.5402,"skX":134.5402}},{"tweenEasing":0,"duration":30,"transform":{"skY":134.5402,"skX":134.5402}},{"duration":0,"transform":{}}],"name":"b1"},{"frame":[{"tweenEasing":0,"duration":10,"transform":{}},{"tweenEasing":0,"duration":20,"transform":{"skY":46.6641,"skX":46.6641}},{"tweenEasing":0,"duration":10,"transform":{"skY":46.6641,"skX":46.6641}},{"tweenEasing":0,"duration":20,"transform":{"skY":-103.1498,"skX":-103.1498}},{"tweenEasing":0,"duration":10,"transform":{"skY":-103.1498,"skX":-103.1498}},{"tweenEasing":0,"duration":20,"transform":{"skY":-198.7325,"skX":-198.7325}},{"tweenEasing":0,"duration":30,"transform":{"skY":-198.7325,"skX":-198.7325}},{"duration":0,"transform":{}}],"name":"b2"},{"frame":[{"tweenEasing":0,"duration":10,"transform":{}},{"tweenEasing":0,"duration":20,"transform":{"skY":-37.4269,"skX":-37.4269}},{"tweenEasing":0,"duration":10,"transform":{"skY":-37.4269,"skX":-37.4269}},{"tweenEasing":0,"duration":20,"transform":{"skY":86.9281,"skX":86.9281}},{"tweenEasing":0,"duration":10,"transform":{"skY":86.9281,"skX":86.9281}},{"tweenEasing":0,"duration":20,"transform":{"skY":-23.6235,"skX":-23.6235}},{"tweenEasing":0,"duration":30,"transform":{"skY":-23.6235,"skX":-23.6235}},{"duration":0,"transform":{}}],"name":"b3"}],"slot":[],"ffd":[],"name":"1","playTimes":0}],"type":"Armature","frameRate":60,"ik":[],"bone":[{"name":"root","transform":{}},{"transform":{},"name":"bone","parent":"root"},{"length":85,"transform":{"skY":70.6641,"y":-223.6272,"skX":70.6641,"x":19.6105},"parent":"bone","name":"b1"},{"length":93,"transform":{"skY":80.701,"y":-0.0254,"skX":80.701,"x":97.9324},"parent":"b1","name":"b2"},{"transform":{"y":0.392,"x":95.6625},"name":"b3","parent":"b2"}],"aabb":{"width":131.16822945394372,"y":-246.07784059569778,"height":204.64699393270809,"x":-62.166298952013264},"slot":[{"name":"b3","parent":"b3","color":{}},{"z":1,"name":"b2","parent":"b2","color":{}},{"z":2,"name":"b1","parent":"b1","color":{}}],"name":"jixiebi"}]}