{"frameRate":24,"isGlobal":0,"name":"penshui","version":"5.0","armature":[{"aabb":{"width":328,"y":-1513.5965973343082,"height":1718.878972268447,"x":-164.15554865072426},"skin":[{"name":"","slot":[{"display":[{"path":"lajitong","type":"image","name":"lajitong","transform":{"y":-3.9575,"skX":90,"skY":90,"x":-117.5518}}],"name":"lajitong"},{"display":[{"path":"a0005","type":"image","name":"a0005","transform":{"skX":89.3548,"skY":89.3548}},{"path":"a0006","type":"image","name":"a0006","transform":{"skX":89.3548,"skY":89.3548}},{"path":"a0007","type":"image","name":"a0007","transform":{"skX":89.3548,"skY":89.3548}},{"path":"a0008","type":"image","name":"a0008","transform":{"skX":89.3548,"skY":89.3548}},{"path":"a0009","type":"image","name":"a0009","transform":{"skX":89.3548,"skY":89.3548}},{"path":"a0010","type":"image","name":"a0010","transform":{"skX":89.3548,"skY":89.3548}},{"path":"a0011","type":"image","name":"a0011","transform":{"skX":89.3548,"skY":89.3548}},{"path":"a0012","type":"image","name":"a0012","transform":{"skX":89.3548,"skY":89.3548}},{"path":"a0013","type":"image","name":"a0013","transform":{"skX":89.3548,"skY":89.3548}},{"path":"a0014","type":"image","name":"a0014","transform":{"skX":89.3548,"skY":89.3548}},{"path":"a0015","type":"image","name":"a0015","transform":{"skX":89.3548,"skY":89.3548}},{"path":"a0016","type":"image","name":"a0016","transform":{"skX":89.3548,"skY":89.3548}}],"name":"a0005"},{"display":[{"path":"ot0011","type":"image","name":"ot0011","transform":{"y":-484.2631,"x":5.3725}},{"path":"ot0013","type":"image","name":"ot0013","transform":{"y":-484.2631,"x":5.3725}},{"path":"ot0015","type":"image","name":"ot0015","transform":{"y":-484.2631,"x":5.3725}},{"path":"ot0017","type":"image","name":"ot0017","transform":{"y":-484.2631,"x":5.3725}},{"path":"ot0019","type":"image","name":"ot0019","transform":{"y":-484.2631,"x":5.3725}}],"name":"ot0011"},{"display":[{"path":"xiaofang","type":"image","name":"xiaofang","transform":{"y":0.0652,"skX":91.2789,"skY":91.2789,"x":71.6631}}],"name":"xiaofang"}]}],"ik":[],"animation":[{"frame":[],"duration":11,"bone":[{"frame":[{"duration":11,"transform":{}}],"name":"root"},{"frame":[{"duration":11,"transform":{}}],"name":"bone"},{"frame":[{"duration":11,"transform":{}}],"name":"bone1"},{"frame":[{"duration":11,"transform":{}}],"name":"xiaofang"},{"frame":[{"duration":11,"transform":{}}],"name":"bone2"},{"frame":[{"duration":11,"transform":{}}],"name":"bone3"}],"ik":[],"slot":[{"frame":[{"tweenEasing":null,"duration":1},{"tweenEasing":null,"displayIndex":1,"duration":1},{"tweenEasing":null,"displayIndex":2,"duration":1},{"tweenEasing":null,"displayIndex":3,"duration":1},{"tweenEasing":null,"displayIndex":4,"duration":1},{"tweenEasing":null,"duration":1},{"tweenEasing":null,"displayIndex":1,"duration":1},{"tweenEasing":null,"displayIndex":2,"duration":1},{"tweenEasing":null,"displayIndex":3,"duration":1},{"tweenEasing":null,"displayIndex":4,"duration":1},{"tweenEasing":null,"duration":1},{"tweenEasing":null,"displayIndex":1,"duration":0}],"name":"ot0011"},{"frame":[{"tweenEasing":null,"displayIndex":-1,"duration":11}],"name":"lajitong"},{"frame":[{"tweenEasing":null,"duration":1},{"tweenEasing":null,"displayIndex":1,"duration":1},{"tweenEasing":null,"displayIndex":2,"duration":1},{"tweenEasing":null,"displayIndex":3,"duration":1},{"tweenEasing":null,"displayIndex":4,"duration":1},{"tweenEasing":null,"displayIndex":5,"duration":1},{"tweenEasing":null,"displayIndex":6,"duration":1},{"tweenEasing":null,"displayIndex":7,"duration":1},{"tweenEasing":null,"displayIndex":8,"duration":1},{"tweenEasing":null,"displayIndex":9,"duration":1},{"tweenEasing":null,"displayIndex":10,"duration":1},{"tweenEasing":null,"displayIndex":11,"duration":0}],"name":"a0005"}],"ffd":[],"name":"1","playTimes":0},{"frame":[],"duration":30,"bone":[{"frame":[{"duration":30,"transform":{}}],"name":"root"},{"frame":[{"duration":30,"transform":{}}],"name":"bone"},{"frame":[{"duration":18,"transform":{}},{"tweenEasing":0,"duration":2,"transform":{}},{"duration":10,"transform":{"scY":0.25,"scX":0.75}}],"name":"bone1"},{"frame":[{"duration":30,"transform":{}}],"name":"xiaofang"},{"frame":[{"tweenEasing":0,"duration":10,"transform":{}},{"tweenEasing":0,"duration":10,"transform":{}},{"tweenEasing":0,"duration":4,"transform":{"y":1263.6034}},{"tweenEasing":0,"duration":3,"transform":{"scY":1.3,"y":1263.6034,"scX":0.6}},{"tweenEasing":0,"duration":3,"transform":{"scY":0.8,"y":1263.6034,"scX":1.25}},{"duration":0,"transform":{"y":1263.6034}}],"name":"bone2"},{"frame":[{"duration":17,"transform":{}},{"tweenEasing":0,"duration":1,"transform":{}},{"tweenEasing":0,"duration":2,"transform":{"scY":0.3214,"y":86.2131}},{"duration":10,"transform":{"scY":0.1071,"y":258.083,"scX":0.3333}}],"name":"bone3"}],"ik":[],"slot":[{"frame":[{"tweenEasing":null,"duration":1},{"tweenEasing":null,"displayIndex":1,"duration":1},{"tweenEasing":null,"displayIndex":2,"duration":1},{"tweenEasing":null,"displayIndex":3,"duration":1},{"tweenEasing":null,"displayIndex":4,"duration":1},{"tweenEasing":null,"duration":1},{"tweenEasing":null,"displayIndex":1,"duration":1},{"tweenEasing":null,"displayIndex":2,"duration":1},{"tweenEasing":null,"displayIndex":3,"duration":1},{"tweenEasing":null,"displayIndex":4,"duration":1},{"tweenEasing":null,"duration":1},{"tweenEasing":null,"displayIndex":1,"duration":1},{"tweenEasing":null,"displayIndex":2,"duration":1},{"tweenEasing":null,"displayIndex":3,"duration":1},{"tweenEasing":null,"displayIndex":4,"duration":1},{"tweenEasing":null,"duration":1},{"tweenEasing":null,"displayIndex":1,"duration":1},{"tweenEasing":null,"displayIndex":2,"duration":1},{"tweenEasing":null,"displayIndex":3,"duration":1},{"tweenEasing":null,"displayIndex":4,"duration":1},{"tweenEasing":null,"displayIndex":-1,"duration":10}],"name":"ot0011"},{"frame":[{"tweenEasing":null,"duration":1},{"tweenEasing":null,"displayIndex":1,"duration":1},{"tweenEasing":null,"displayIndex":2,"duration":1},{"tweenEasing":null,"displayIndex":3,"duration":1},{"tweenEasing":null,"displayIndex":4,"duration":1},{"tweenEasing":null,"displayIndex":5,"duration":1},{"tweenEasing":null,"displayIndex":6,"duration":1},{"tweenEasing":null,"displayIndex":7,"duration":1},{"tweenEasing":null,"displayIndex":8,"duration":1},{"tweenEasing":null,"displayIndex":9,"duration":1},{"tweenEasing":null,"displayIndex":10,"duration":1},{"tweenEasing":null,"duration":1},{"tweenEasing":null,"displayIndex":1,"duration":1},{"tweenEasing":null,"displayIndex":2,"duration":1},{"tweenEasing":null,"displayIndex":3,"duration":1},{"tweenEasing":null,"displayIndex":4,"duration":1},{"tweenEasing":null,"displayIndex":5,"duration":1},{"tweenEasing":null,"displayIndex":6,"duration":1},{"tweenEasing":null,"displayIndex":7,"duration":1},{"tweenEasing":null,"displayIndex":8,"duration":1},{"tweenEasing":null,"displayIndex":9,"duration":1},{"tweenEasing":null,"displayIndex":-1,"duration":9}],"name":"a0005"}],"ffd":[],"name":"2","playTimes":0}],"type":"Armature","frameRate":24,"bone":[{"name":"root","transform":{}},{"transform":{},"name":"bone","parent":"root"},{"length":87,"transform":{"scY":4.62,"y":-293.1273,"skX":-89.5562,"skY":-89.5562,"scX":3.3,"x":-2.4722},"parent":"root","name":"bone3"},{"transform":{"scY":0.396,"y":-99.9266,"scX":0.396,"x":-2.2833},"name":"bone1","parent":"bone"},{"length":93,"transform":{"y":-1270.5448,"skX":90,"skY":90,"x":-11.3191},"parent":"bone","name":"bone2"},{"length":64,"transform":{"y":-4.45,"skX":-91.2789,"skY":-91.2789},"parent":"bone","name":"xiaofang"}],"defaultActions":[{"gotoAndPlay":"1"}],"slot":[{"name":"xiaofang","parent":"xiaofang","color":{}},{"displayIndex":1,"z":1,"name":"ot0011","parent":"bone1","color":{}},{"displayIndex":-1,"z":2,"name":"a0005","parent":"bone3","color":{}},{"z":3,"name":"lajitong","parent":"bone2","color":{}}],"name":"penshui"}]}