{"width":2048,"SubTexture":[{"width":81,"y":600,"height":150,"name":"xiaofang","x":1956},{"frameY":-39,"y":1,"frameWidth":328,"frameX":-22,"frameHeight":994,"width":267,"height":945,"name":"ot0017","x":841},{"frameY":-43,"y":1,"frameWidth":328,"frameX":-22,"frameHeight":994,"width":274,"height":940,"name":"ot0011","x":565},{"frameY":-51,"y":1,"frameWidth":328,"frameX":-21,"frameHeight":994,"width":270,"height":933,"name":"ot0019","x":1110},{"frameY":-46,"y":1,"frameWidth":328,"frameX":-17,"frameHeight":994,"width":279,"height":938,"name":"ot0013","x":284},{"frameY":-48,"y":1,"frameWidth":328,"frameX":-19,"frameHeight":994,"width":281,"height":936,"name":"ot0015","x":1},{"frameY":-19,"y":125,"frameWidth":220,"frameX":-1,"frameHeight":145,"width":212,"height":114,"name":"a0014","x":1803},{"frameY":-19,"y":496,"frameWidth":220,"frameX":-14,"frameHeight":145,"width":176,"height":123,"name":"a0009","x":1382},{"frameY":-19,"y":241,"frameWidth":220,"frameX":-2,"frameHeight":145,"width":208,"height":115,"name":"a0013","x":1798},{"frameY":-19,"y":1,"frameWidth":220,"frameX":-11,"frameHeight":145,"width":200,"height":122,"name":"a0008","x":1803},{"frameY":-19,"y":1,"frameWidth":220,"frameX":-4,"frameHeight":145,"width":201,"height":126,"name":"a0012","x":1600},{"frameY":-19,"y":379,"frameWidth":220,"frameX":-12,"frameHeight":145,"width":198,"height":115,"name":"a0007","x":1382},{"frameY":-19,"y":358,"frameWidth":220,"frameX":-8,"frameHeight":145,"width":190,"height":120,"name":"a0011","x":1775},{"frameY":-19,"y":254,"frameWidth":220,"frameX":-15,"frameHeight":145,"width":193,"height":123,"name":"a0006","x":1382},{"frameY":-19,"y":129,"frameWidth":220,"frameX":-20,"frameHeight":145,"width":196,"height":123,"name":"a0016","x":1600},{"frameY":-18,"y":480,"frameWidth":220,"frameX":-12,"frameHeight":145,"width":178,"height":121,"name":"a0010","x":1776},{"frameY":-19,"y":254,"frameWidth":220,"frameX":-20,"frameHeight":145,"width":196,"height":118,"name":"a0005","x":1577},{"frameY":-19,"y":480,"frameWidth":220,"frameX":-23,"frameHeight":145,"width":192,"height":118,"name":"a0015","x":1582},{"width":216,"y":1,"height":251,"name":"lajitong","x":1382}],"height":1024,"name":"penshui","imagePath":"penshui_tex.png"}