{"frameRate":60,"isGlobal":0,"name":"A","version":"5.0","armature":[{"skin":[{"name":"","slot":[{"display":[{"path":"ha","type":"image","name":"ha","transform":{"skY":90,"y":0.8478,"skX":90,"x":74.8596}}],"name":"ha"},{"display":[{"path":"st","type":"image","name":"st","transform":{"skY":92.0822,"y":-4.7074,"skX":92.0822,"x":78.3227}}],"name":"st"},{"display":[{"path":"hb","type":"image","name":"hb","transform":{"skY":-95.1516,"y":-9.9315,"skX":-95.1516,"x":15.7409}}],"name":"hb"}]}],"animation":[{"frame":[],"duration":80,"bone":[{"frame":[{"tweenEasing":0,"duration":40,"transform":{}},{"tweenEasing":0,"duration":40,"transform":{}},{"duration":0,"transform":{}}],"name":"root"},{"frame":[{"tweenEasing":0,"duration":40,"transform":{}},{"tweenEasing":0,"duration":40,"transform":{}},{"duration":0,"transform":{}}],"name":"bone"},{"frame":[{"tweenEasing":0,"duration":40,"transform":{}},{"tweenEasing":0,"duration":40,"transform":{"y":-2.16,"scX":1.02,"scY":1.02}},{"duration":0,"transform":{}}],"name":"st"},{"frame":[{"tweenEasing":0,"duration":40,"transform":{}},{"tweenEasing":0,"duration":40,"transform":{"skY":-2.6844,"scX":0.98,"scY":0.98,"skX":-2.6844}},{"duration":0,"transform":{}}],"name":"ha"},{"frame":[{"tweenEasing":0,"duration":40,"transform":{}},{"tweenEasing":0,"duration":40,"transform":{"skY":-1.6751,"skX":-1.6751}},{"duration":0,"transform":{}}],"name":"hb"}],"slot":[],"ffd":[],"ik":[],"name":"1","playTimes":0}],"type":"Armature","name":"A","bone":[{"name":"root","transform":{}},{"transform":{},"name":"bone","parent":"root"},{"length":144,"transform":{"skY":-92.0822,"y":-50.4,"skX":-92.0822,"x":4.05},"parent":"bone","name":"st"},{"length":33,"transform":{"skY":2.0822,"y":-4.3656,"skX":2.0822,"x":199.1901},"parent":"st","name":"ha"},{"length":103,"transform":{"skY":-174.8484,"y":-38.3,"skX":-174.8484,"x":83.45},"parent":"ha","name":"hb"}],"aabb":{"width":185.87198515769944,"y":-419.18089053803334,"height":420.68089053803334,"x":-126.87198515769944},"slot":[{"name":"hb","parent":"hb","color":{}},{"z":1,"name":"st","parent":"st","color":{}},{"z":2,"name":"ha","parent":"ha","color":{}}],"ik":[],"frameRate":60,"defaultActions":[{"gotoAndPlay":"1"}]}]}