{"frameRate":60,"isGlobal":0,"name":"zhadan","version":"5.0","armature":[{"skin":[{"name":"","slot":[{"display":[{"path":"t2","type":"image","name":"t2","transform":{"y":-7.8487,"skX":-90,"skY":-90,"x":13.0859}}],"name":"t2"},{"display":[{"path":"C4","type":"image","name":"C4","transform":{"y":-1.6316,"skX":93.3274,"skY":93.3274,"x":9.1911}}],"name":"C4"},{"display":[{"path":"st1","type":"image","name":"st1","transform":{"y":-63.2209,"x":45.9032}}],"name":"st1"},{"display":[{"path":"st","type":"image","name":"st","transform":{"y":0.6726,"skX":90.9326,"skY":90.9326,"x":90.2503}}],"name":"st"},{"display":[{"path":"t1","type":"image","name":"t1","transform":{"y":-12.092,"skX":-91.8648,"skY":-91.8648,"x":12.7383}}],"name":"t1"},{"display":[{"path":"h","type":"image","name":"h","transform":{"y":5.2499,"skX":85.8795,"skY":85.8795,"x":41.1312}}],"name":"h"}]}],"ik":[],"animation":[{"frame":[],"duration":80,"bone":[{"frame":[{"duration":80,"transform":{}}],"name":"root"},{"frame":[{"tweenEasing":0,"duration":40,"transform":{}},{"tweenEasing":0,"duration":40,"transform":{}},{"duration":0,"transform":{}}],"name":"bone"},{"frame":[{"tweenEasing":0,"duration":40,"transform":{}},{"tweenEasing":0,"duration":40,"transform":{}},{"duration":0,"transform":{}}],"name":"st"},{"frame":[{"tweenEasing":0,"duration":40,"transform":{}},{"tweenEasing":0,"duration":40,"transform":{"skX":-5.2515,"skY":-5.2515}},{"duration":0,"transform":{}}],"name":"h"},{"frame":[{"tweenEasing":0,"duration":40,"transform":{}},{"tweenEasing":0,"duration":40,"transform":{}},{"duration":0,"transform":{}}],"name":"t1"},{"frame":[{"tweenEasing":0,"duration":40,"transform":{}},{"tweenEasing":0,"duration":40,"transform":{}},{"duration":0,"transform":{}}],"name":"t2"},{"frame":[{"duration":80,"transform":{"y":28.1347,"x":0.0764}}],"name":"C4"}],"slot":[],"ffd":[],"ik":[],"name":"1","playTimes":0},{"frame":[],"duration":35,"bone":[{"frame":[{"duration":35,"transform":{}}],"name":"root"},{"frame":[{"duration":35,"transform":{}}],"name":"bone"},{"frame":[{"duration":35,"transform":{}}],"name":"st"},{"frame":[{"tweenEasing":0,"duration":20,"transform":{}},{"duration":15,"transform":{"skX":-10.1342,"skY":-10.1342}}],"name":"h"},{"frame":[{"duration":35,"transform":{}}],"name":"t1"},{"frame":[{"duration":35,"transform":{}}],"name":"t2"},{"frame":[{"tweenEasing":0,"duration":10,"transform":{"y":28.1347,"x":0.0764}},{"tweenEasing":0,"duration":5,"transform":{"y":62.8791,"skX":29.1429,"skY":29.1429,"x":69.7582}},{"tweenEasing":0,"duration":10,"transform":{"y":107.3895,"skX":43.7143,"skY":43.7143,"x":36.9683}},{"tweenEasing":0,"duration":1,"transform":{"y":116.1824,"skX":72.8572,"skY":72.8572,"x":-32.5734}},{"tweenEasing":0,"duration":5,"transform":{"y":119.6795,"skX":75.7715,"skY":75.7715,"x":-38.1692}},{"tweenEasing":0,"duration":4,"transform":{"y":137.1654,"skX":8.0762,"skY":8.0762,"x":-66.1484}},{"duration":0,"transform":{"y":151.154,"skX":23.76,"skY":23.76,"x":-88.5317}}],"name":"C4"}],"slot":[],"ffd":[],"ik":[],"name":"2","playTimes":0}],"type":"Armature","frameRate":60,"bone":[{"name":"root","transform":{}},{"transform":{},"name":"bone","parent":"root"},{"length":43,"transform":{"y":-27.0593,"skX":-90.9326,"skY":-90.9326,"x":13.8789},"parent":"bone","name":"st"},{"length":29,"transform":{"y":-12.7799,"skX":5.0532,"skY":5.0532,"x":128.7571},"parent":"st","name":"h"},{"length":21,"transform":{"y":42.9715,"skX":-177.2026,"skY":-177.2026,"x":-2.0997},"parent":"st","name":"t1"},{"length":19,"transform":{"y":62.5662,"skX":-179.0674,"skY":-179.0674,"x":6.6325},"parent":"st","name":"t2"},{"length":25,"transform":{"y":13.2685,"skX":-2.3948,"skY":-2.3948,"x":64.9628},"parent":"st","name":"C4"}],"aabb":{"width":151.48085122118488,"y":-248.2389405996556,"height":252.70470669884156,"x":-44.30320503317593},"slot":[{"name":"t2","parent":"t2","color":{}},{"z":1,"name":"t1","parent":"t1","color":{}},{"z":2,"name":"st1","parent":"root","color":{}},{"z":3,"name":"C4","parent":"C4","color":{}},{"z":4,"name":"st","parent":"st","color":{}},{"z":5,"name":"h","parent":"h","color":{}}],"defaultActions":[{"gotoAndPlay":"1"}],"name":"zhadan"}]}