{"frameRate":60,"isGlobal":0,"name":"xiaohai2","version":"5.0","armature":[{"skin":[{"name":"","slot":[{"display":[{"path":"tou","type":"image","name":"tou","transform":{"skY":96.2034,"y":4.2334,"skX":96.2034,"x":15.3601}}],"name":"tou"},{"display":[{"path":"ys","type":"image","name":"ys","transform":{"skY":-117.9417,"y":10.7437,"skX":-117.9417,"x":19.589}}],"name":"ys"},{"display":[{"path":"st","type":"image","name":"st","transform":{"skY":85.7817,"y":1.1947,"skX":85.7817,"x":13.6952}}],"name":"st"},{"display":[{"path":"zs","type":"image","name":"zs","transform":{"skY":-56.4226,"y":5.2007,"skX":-56.4226,"x":12.71}}],"name":"zs"}]}],"animation":[{"frame":[],"duration":60,"bone":[{"frame":[{"duration":60,"transform":{}}],"name":"root"},{"frame":[{"duration":60,"transform":{}}],"name":"bone"},{"frame":[{"tweenEasing":0,"duration":60,"transform":{}},{"duration":0,"transform":{}}],"name":"st"},{"frame":[{"tweenEasing":0,"duration":30,"transform":{}},{"tweenEasing":0,"duration":30,"transform":{"skY":-3.9815,"y":-0.0633,"skX":-3.9815,"x":0.8577}},{"duration":0,"transform":{}}],"name":"tou"},{"frame":[{"tweenEasing":0,"duration":20,"transform":{"skY":-16.3138,"skX":-16.3138}},{"tweenEasing":0,"duration":20,"transform":{"skY":17.3394,"skX":17.3394}},{"tweenEasing":0,"duration":20,"transform":{"skY":-5.8571,"skX":-5.8571}},{"duration":0,"transform":{"skY":-16.3138,"skX":-16.3138}}],"name":"ys"},{"frame":[{"tweenEasing":0,"duration":30,"transform":{}},{"tweenEasing":0,"duration":30,"transform":{"skY":8.9037,"skX":8.9037}},{"duration":0,"transform":{}}],"name":"zs"}],"ik":[],"slot":[],"ffd":[],"name":"1","playTimes":0}],"type":"Armature","name":"xiaohai2","defaultActions":[{"gotoAndPlay":"1"}],"ik":[],"aabb":{"width":77.01894182259122,"y":-82.52766038145357,"height":84.40739674641007,"x":-41.87011425572727},"slot":[{"name":"ys","parent":"ys","color":{}},{"z":1,"name":"st","parent":"st","color":{}},{"z":2,"name":"zs","parent":"zs","color":{}},{"z":3,"name":"tou","parent":"tou","color":{}}],"frameRate":60,"bone":[{"name":"root","transform":{}},{"transform":{},"name":"bone","parent":"root"},{"length":29,"transform":{"skY":-85.7817,"y":-9.55,"skX":-85.7817,"x":6.95},"parent":"bone","name":"st"},{"length":16,"transform":{"skY":-10.4217,"y":-0.4487,"skX":-10.4217,"x":35.3127},"parent":"st","name":"tou"},{"length":16,"transform":{"skY":-156.2766,"y":-7.3964,"skX":-156.2766,"x":23.4695},"parent":"st","name":"ys"},{"length":14,"transform":{"skY":142.2043,"y":8.535,"skX":142.2043,"x":26.3492},"parent":"st","name":"zs"}]}]}