{"frameRate":60,"isGlobal":0,"name":"jingbao","version":"5.5","armature":[{"aabb":{"width":128,"y":-24.587000000000003,"height":128,"x":-64},"skin":[{"name":"","slot":[{"display":[{"path":"jb1","type":"image","name":"jb1","transform":{"y":37.6937}}],"name":"jb1"},{"display":[{"path":"jb","type":"image","name":"jb","transform":{"y":25.8469}}],"name":"jb"}]}],"canvas":{"width":800,"y":0,"height":600,"x":0},"animation":[{"frame":[],"duration":60,"zOrder":{"frame":[{"tweenEasing":null,"duration":60,"zOrder":[]}]},"bone":[{"rotateFrame":[{"duration":60}],"scaleFrame":[{"duration":60}],"name":"root","translateFrame":[{"duration":60}]},{"rotateFrame":[{"duration":60}],"scaleFrame":[{"duration":60}],"name":"bone","translateFrame":[{"duration":60}]},{"rotateFrame":[{"tweenEasing":0,"duration":30},{"tweenEasing":0,"duration":30},{"duration":0}],"scaleFrame":[{"tweenEasing":0,"duration":30},{"tweenEasing":0,"duration":30},{"duration":0}],"name":"bone1","translateFrame":[{"tweenEasing":0,"duration":30},{"tweenEasing":0,"duration":30},{"duration":0}]}],"slot":[{"colorFrame":[{"tweenEasing":0,"duration":30},{"tweenEasing":0,"duration":30},{"duration":0}],"displayFrame":[{"duration":30},{"duration":30},{"duration":0}],"name":"jb"},{"colorFrame":[{"curve":[0,0,0.5,1],"duration":30,"color":{"aM":0}},{"curve":[0.5,0,1,1],"duration":30},{"duration":0,"color":{"aM":0}}],"displayFrame":[{"duration":30},{"duration":30},{"duration":0}],"name":"jb1"}],"ffd":[],"name":"1","ik":[],"playTimes":0},{"frame":[],"duration":0,"bone":[{"rotateFrame":[],"scaleFrame":[],"name":"root","translateFrame":[]},{"rotateFrame":[],"scaleFrame":[],"name":"bone","translateFrame":[]},{"rotateFrame":[],"scaleFrame":[],"name":"bone1","translateFrame":[]}],"slot":[{"colorFrame":[],"displayFrame":[],"name":"jb"},{"colorFrame":[],"displayFrame":[{"value":-1,"duration":0}],"name":"jb1"}],"ffd":[],"name":"2","ik":[],"playTimes":0}],"type":"Armature","name":"jingbao","bone":[{"name":"root","transform":{}},{"transform":{},"name":"bone","parent":"root"},{"transform":{"y":1.7193},"name":"bone1","parent":"root"}],"defaultActions":[{"gotoAndPlay":"1"}],"slot":[{"name":"jb","parent":"bone1","color":{}},{"z":1,"name":"jb1","parent":"bone1","color":{}}],"ik":[],"frameRate":60}]}