{"frameRate":60,"isGlobal":0,"name":"gongjiao5","version":"5.0","armature":[{"defaultActions":[{"gotoAndPlay":"1"}],"skin":[{"name":"","slot":[{"display":[{"path":"st","type":"image","name":"st","transform":{"skY":88.1492,"y":-5.1327,"skX":88.1492,"x":15.0514}}],"name":"st"},{"display":[{"path":"yj","type":"image","name":"yj","transform":{"skY":-90,"y":1.2075,"skX":-90,"x":27.0615}}],"name":"yj"},{"display":[{"path":"zj","type":"image","name":"zj","transform":{"skY":-76.2776,"y":-1.6524,"skX":-76.2776,"x":37.0552}}],"name":"zj"},{"display":[{"path":"ys","type":"image","name":"ys","transform":{"skY":-175.082,"y":29.5084,"skX":-175.082,"x":27.6403}}],"name":"ys"},{"display":[{"path":"tou","type":"image","name":"tou","transform":{"skY":88.6178,"y":-1.0126,"skX":88.6178,"x":52.5475}}],"name":"tou"},{"display":[{"path":"zs","type":"image","name":"zs","transform":{"skY":-8.9643,"y":-32.1513,"skX":-8.9643,"x":26.4493}}],"name":"zs"}]}],"animation":[{"frame":[],"duration":60,"ik":[],"bone":[{"frame":[{"duration":60,"transform":{}}],"name":"root"},{"frame":[{"duration":60,"transform":{}}],"name":"bone"},{"frame":[{"tweenEasing":0,"duration":15,"transform":{}},{"tweenEasing":0,"duration":15,"transform":{}},{"tweenEasing":0,"duration":16,"transform":{}},{"tweenEasing":0,"duration":14,"transform":{}},{"duration":0,"transform":{}}],"name":"st"},{"frame":[{"tweenEasing":0,"duration":15,"transform":{}},{"tweenEasing":0,"duration":15,"transform":{"skY":-15.2063,"skX":-15.2063}},{"tweenEasing":0,"duration":16,"transform":{}},{"tweenEasing":0,"duration":14,"transform":{"skY":-15.2063,"skX":-15.2063}},{"duration":0,"transform":{}}],"name":"tou"},{"frame":[{"tweenEasing":0,"duration":15,"transform":{}},{"tweenEasing":0,"duration":15,"transform":{"skY":20.7733,"skX":20.7733}},{"tweenEasing":0,"duration":16,"transform":{}},{"tweenEasing":0,"duration":14,"transform":{"skY":20.7733,"skX":20.7733}},{"duration":0,"transform":{}}],"name":"zs"},{"frame":[{"tweenEasing":0,"duration":15,"transform":{}},{"tweenEasing":0,"duration":15,"transform":{"skY":-23.2445,"skX":-23.2445}},{"tweenEasing":0,"duration":16,"transform":{}},{"tweenEasing":0,"duration":14,"transform":{"skY":-23.2445,"skX":-23.2445}},{"duration":0,"transform":{}}],"name":"ys"},{"frame":[{"tweenEasing":0,"duration":15,"transform":{}},{"tweenEasing":0,"duration":15,"transform":{}},{"tweenEasing":0,"duration":16,"transform":{}},{"tweenEasing":0,"duration":14,"transform":{}},{"duration":0,"transform":{}}],"name":"zj"},{"frame":[{"tweenEasing":0,"duration":15,"transform":{}},{"tweenEasing":0,"duration":15,"transform":{}},{"tweenEasing":0,"duration":16,"transform":{}},{"tweenEasing":0,"duration":14,"transform":{}},{"duration":0,"transform":{}}],"name":"yj"}],"slot":[],"ffd":[],"name":"1","playTimes":0},{"frame":[],"duration":40,"ik":[],"bone":[{"frame":[{"duration":40,"transform":{}}],"name":"root"},{"frame":[{"duration":40,"transform":{}}],"name":"bone"},{"frame":[{"tweenEasing":0,"duration":10,"transform":{"skY":-33.575,"y":4.1369,"skX":-33.575}},{"tweenEasing":0,"duration":10,"transform":{"skY":0.9216,"y":4.1369,"skX":0.9216,"x":4.9528}},{"tweenEasing":0,"duration":10,"transform":{"skY":-33.575,"y":4.1369,"skX":-33.575}},{"tweenEasing":0,"duration":10,"transform":{"skY":0.9216,"y":4.1369,"skX":0.9216,"x":4.9528}},{"duration":0,"transform":{"skY":-33.575,"y":4.1369,"skX":-33.575}}],"name":"st"},{"frame":[{"tweenEasing":0,"duration":10,"transform":{"skY":-26.0157,"skX":-26.0157}},{"tweenEasing":0,"duration":10,"transform":{"skY":16.9783,"skX":16.9783}},{"tweenEasing":0,"duration":10,"transform":{"skY":-26.0157,"skX":-26.0157}},{"tweenEasing":0,"duration":10,"transform":{"skY":16.9783,"skX":16.9783}},{"duration":0,"transform":{"skY":-26.0157,"skX":-26.0157}}],"name":"tou"},{"frame":[{"tweenEasing":0,"duration":10,"transform":{"skY":66.0514,"scY":-1,"skX":66.0514}},{"tweenEasing":0,"duration":10,"transform":{"skY":139.5752,"y":-1.8938,"scY":-1,"skX":139.5752,"x":-1.4646}},{"tweenEasing":0,"duration":10,"transform":{"skY":0.329,"scY":-1,"skX":0.329}},{"tweenEasing":0,"duration":10,"transform":{"skY":115.3068,"scY":-1,"skX":115.3068}},{"duration":0,"transform":{"skY":66.0514,"scY":-1,"skX":66.0514}}],"name":"zs"},{"frame":[{"tweenEasing":0,"duration":10,"transform":{"skY":-72.4159,"skX":-72.4159}},{"tweenEasing":0,"duration":10,"transform":{"skY":-176.5143,"skX":-176.5143}},{"tweenEasing":0,"duration":10,"transform":{"skY":-17.4281,"skX":-17.4281}},{"tweenEasing":0,"duration":10,"transform":{"skY":-109.6607,"skX":-109.6607}},{"duration":0,"transform":{"skY":-72.4159,"skX":-72.4159}}],"name":"ys"},{"frame":[{"tweenEasing":0,"duration":10,"transform":{"skY":36.7656,"y":-4.9553,"skX":36.7656,"x":0.6267}},{"tweenEasing":0,"duration":10,"transform":{"skY":0.4794,"y":-4.6545,"skX":0.4794,"x":0.9581}},{"tweenEasing":0,"duration":10,"transform":{"skY":36.7656,"y":-4.9553,"skX":36.7656,"x":0.6267}},{"tweenEasing":0,"duration":10,"transform":{"skY":-43.5069,"y":-4.6545,"skX":-43.5069,"x":0.9581}},{"duration":0,"transform":{"skY":36.7656,"y":-4.9553,"skX":36.7656,"x":0.6267}}],"name":"zj"},{"frame":[{"tweenEasing":0,"duration":10,"transform":{"skY":37.2458,"y":-5.1266,"skX":37.2458,"x":4.5311}},{"tweenEasing":0,"duration":10,"transform":{"skY":52.7849,"y":-5.1304,"skX":52.7849,"x":4.9842}},{"tweenEasing":0,"duration":10,"transform":{"skY":37.2458,"y":-5.1266,"skX":37.2458,"x":4.5311}},{"tweenEasing":0,"duration":10,"transform":{"skY":13.6293,"y":1.1928,"skX":13.6293,"x":-2.8997}},{"duration":0,"transform":{"skY":37.2458,"y":-5.1266,"skX":37.2458,"x":4.5311}}],"name":"yj"}],"slot":[],"ffd":[],"name":"2","playTimes":0},{"frame":[],"duration":160,"ik":[],"bone":[{"frame":[{"duration":160,"transform":{}}],"name":"root"},{"frame":[{"tweenEasing":0,"duration":40,"transform":{}},{"tweenEasing":0,"duration":2,"transform":{"x":196.7112}},{"duration":36,"transform":{"scX":-1,"x":186.8756}},{"duration":2,"transform":{"scX":-1,"x":9.8356}},{"tweenEasing":0,"duration":30,"transform":{}},{"tweenEasing":0,"duration":10,"transform":{"x":-131.9289}},{"duration":10,"transform":{"scX":-1,"x":-15.9296}},{"duration":10,"transform":{"x":100.0697}},{"duration":2,"transform":{"scX":-1,"x":216.069}},{"tweenEasing":0,"duration":8,"transform":{"scX":-1,"x":239.2689}},{"duration":10,"transform":{"x":132.9272}},{"duration":0,"transform":{}}],"name":"bone"},{"frame":[{"tweenEasing":0,"duration":10,"transform":{"skY":-33.575,"skX":-33.575}},{"tweenEasing":0,"duration":10,"transform":{"skY":0.9216,"skX":0.9216}},{"tweenEasing":0,"duration":10,"transform":{"skY":-33.575,"skX":-33.575}},{"tweenEasing":0,"duration":10,"transform":{"skY":0.9216,"skX":0.9216}},{"tweenEasing":0,"duration":10,"transform":{"skY":-33.575,"skX":-33.575}},{"tweenEasing":0,"duration":10,"transform":{"skY":0.9216,"skX":0.9216}},{"tweenEasing":0,"duration":10,"transform":{"skY":-33.575,"skX":-33.575}},{"tweenEasing":0,"duration":10,"transform":{"skY":0.9216,"skX":0.9216}},{"tweenEasing":0,"duration":10,"transform":{"skY":-33.575,"skX":-33.575}},{"tweenEasing":0,"duration":10,"transform":{"skY":0.9216,"skX":0.9216}},{"tweenEasing":0,"duration":10,"transform":{"skY":-33.575,"skX":-33.575}},{"tweenEasing":0,"duration":10,"transform":{"skY":0.9216,"skX":0.9216}},{"tweenEasing":0,"duration":10,"transform":{"skY":-33.575,"skX":-33.575}},{"tweenEasing":0,"duration":10,"transform":{"skY":0.9216,"skX":0.9216}},{"tweenEasing":0,"duration":10,"transform":{"skY":-33.575,"skX":-33.575}},{"tweenEasing":0,"duration":10,"transform":{"skY":0.9216,"skX":0.9216}},{"duration":0,"transform":{"skY":-33.575,"skX":-33.575}}],"name":"st"},{"frame":[{"tweenEasing":0,"duration":10,"transform":{"skY":-26.0157,"skX":-26.0157}},{"tweenEasing":0,"duration":10,"transform":{"skY":16.9783,"skX":16.9783}},{"tweenEasing":0,"duration":10,"transform":{"skY":-26.0157,"skX":-26.0157}},{"tweenEasing":0,"duration":10,"transform":{"skY":16.9783,"skX":16.9783}},{"tweenEasing":0,"duration":10,"transform":{"skY":-26.0157,"skX":-26.0157}},{"tweenEasing":0,"duration":10,"transform":{"skY":16.9783,"skX":16.9783}},{"tweenEasing":0,"duration":10,"transform":{"skY":-26.0157,"skX":-26.0157}},{"tweenEasing":0,"duration":10,"transform":{"skY":16.9783,"skX":16.9783}},{"tweenEasing":0,"duration":10,"transform":{"skY":-26.0157,"skX":-26.0157}},{"tweenEasing":0,"duration":10,"transform":{"skY":16.9783,"skX":16.9783}},{"tweenEasing":0,"duration":10,"transform":{"skY":-26.0157,"skX":-26.0157}},{"tweenEasing":0,"duration":10,"transform":{"skY":16.9783,"skX":16.9783}},{"tweenEasing":0,"duration":10,"transform":{"skY":-26.0157,"skX":-26.0157}},{"tweenEasing":0,"duration":10,"transform":{"skY":16.9783,"skX":16.9783}},{"tweenEasing":0,"duration":10,"transform":{"skY":-26.0157,"skX":-26.0157}},{"tweenEasing":0,"duration":10,"transform":{"skY":16.9783,"skX":16.9783}},{"duration":0,"transform":{"skY":-26.0157,"skX":-26.0157}}],"name":"tou"},{"frame":[{"tweenEasing":0,"duration":10,"transform":{"skY":66.0514,"scY":-1,"skX":66.0514}},{"tweenEasing":0,"duration":10,"transform":{"skY":139.5752,"y":-1.8938,"scY":-1,"skX":139.5752,"x":-1.4646}},{"tweenEasing":0,"duration":10,"transform":{"skY":0.329,"scY":-1,"skX":0.329}},{"tweenEasing":0,"duration":10,"transform":{"skY":115.3068,"scY":-1,"skX":115.3068}},{"tweenEasing":0,"duration":10,"transform":{"skY":66.0514,"scY":-1,"skX":66.0514}},{"tweenEasing":0,"duration":10,"transform":{"skY":139.5752,"y":-1.8938,"scY":-1,"skX":139.5752,"x":-1.4646}},{"tweenEasing":0,"duration":10,"transform":{"skY":0.329,"scY":-1,"skX":0.329}},{"tweenEasing":0,"duration":10,"transform":{"skY":115.3068,"scY":-1,"skX":115.3068}},{"tweenEasing":0,"duration":10,"transform":{"skY":66.0514,"scY":-1,"skX":66.0514}},{"tweenEasing":0,"duration":10,"transform":{"skY":139.5752,"y":-1.8938,"scY":-1,"skX":139.5752,"x":-1.4646}},{"tweenEasing":0,"duration":10,"transform":{"skY":0.329,"scY":-1,"skX":0.329}},{"tweenEasing":0,"duration":10,"transform":{"skY":115.3068,"scY":-1,"skX":115.3068}},{"tweenEasing":0,"duration":10,"transform":{"skY":-36.2882,"scY":-1,"skX":-36.2882}},{"tweenEasing":0,"duration":10,"transform":{"skY":144.1288,"y":-1.8938,"scY":-1,"skX":144.1288,"x":-1.4646}},{"tweenEasing":0,"duration":10,"transform":{"skY":-29.472,"scY":-1,"skX":-29.472}},{"tweenEasing":0,"duration":10,"transform":{"skY":-43.6811,"scY":-1,"skX":-43.6811}},{"duration":0,"transform":{"skY":66.0514,"scY":-1,"skX":66.0514}}],"name":"zs"},{"frame":[{"tweenEasing":0,"duration":10,"transform":{"skY":-72.4159,"skX":-72.4159}},{"tweenEasing":0,"duration":10,"transform":{"skY":-176.5143,"skX":-176.5143}},{"tweenEasing":0,"duration":10,"transform":{"skY":-17.4281,"skX":-17.4281}},{"tweenEasing":0,"duration":10,"transform":{"skY":-109.6607,"skX":-109.6607}},{"tweenEasing":0,"duration":10,"transform":{"skY":-72.4159,"skX":-72.4159}},{"tweenEasing":0,"duration":10,"transform":{"skY":-176.5143,"skX":-176.5143}},{"tweenEasing":0,"duration":10,"transform":{"skY":-17.4281,"skX":-17.4281}},{"tweenEasing":0,"duration":10,"transform":{"skY":-109.6607,"skX":-109.6607}},{"tweenEasing":0,"duration":10,"transform":{"skY":-72.4159,"skX":-72.4159}},{"tweenEasing":0,"duration":10,"transform":{"skY":-176.5143,"skX":-176.5143}},{"tweenEasing":0,"duration":10,"transform":{"skY":-17.4281,"skX":-17.4281}},{"tweenEasing":0,"duration":10,"transform":{"skY":-228.2744,"skX":-228.2744}},{"tweenEasing":0,"duration":10,"transform":{"skY":-46.0545,"skX":-46.0545}},{"tweenEasing":0,"duration":10,"transform":{"skY":-221.6398,"skX":-221.6398}},{"tweenEasing":0,"duration":10,"transform":{"skY":-3.9532,"skX":-3.9532}},{"tweenEasing":0,"duration":10,"transform":{"skY":-2.0883,"skX":-2.0883}},{"duration":0,"transform":{"skY":-72.4159,"skX":-72.4159}}],"name":"ys"},{"frame":[{"tweenEasing":0,"duration":10,"transform":{"skY":36.7656,"y":-4.9553,"skX":36.7656,"x":0.6267}},{"tweenEasing":0,"duration":10,"transform":{"skY":0.4794,"y":-4.6545,"skX":0.4794,"x":0.9581}},{"tweenEasing":0,"duration":10,"transform":{"skY":36.7656,"y":-4.9553,"skX":36.7656,"x":0.6267}},{"tweenEasing":0,"duration":10,"transform":{"skY":2.3901,"y":-4.9553,"skX":2.3901,"x":0.6267}},{"tweenEasing":0,"duration":10,"transform":{"skY":36.7656,"y":-4.9553,"skX":36.7656,"x":0.6267}},{"tweenEasing":0,"duration":10,"transform":{"skY":0.4794,"y":-4.6545,"skX":0.4794,"x":0.9581}},{"tweenEasing":0,"duration":10,"transform":{"skY":36.7656,"y":-4.9553,"skX":36.7656,"x":0.6267}},{"tweenEasing":0,"duration":10,"transform":{"skY":-43.5069,"y":-4.6545,"skX":-43.5069,"x":0.9581}},{"tweenEasing":0,"duration":10,"transform":{"skY":36.7656,"y":-4.9553,"skX":36.7656,"x":0.6267}},{"tweenEasing":0,"duration":10,"transform":{"skY":0.4794,"y":-4.6545,"skX":0.4794,"x":0.9581}},{"tweenEasing":0,"duration":10,"transform":{"skY":36.7656,"y":-4.9553,"skX":36.7656,"x":0.6267}},{"tweenEasing":0,"duration":10,"transform":{"skY":-43.5069,"y":-4.6545,"skX":-43.5069,"x":0.9581}},{"tweenEasing":0,"duration":10,"transform":{"skY":36.7656,"y":-4.9553,"skX":36.7656,"x":0.6267}},{"tweenEasing":0,"duration":10,"transform":{"skY":0.4794,"y":-4.6545,"skX":0.4794,"x":0.9581}},{"tweenEasing":0,"duration":10,"transform":{"skY":36.7656,"y":-4.9553,"skX":36.7656,"x":0.6267}},{"tweenEasing":0,"duration":10,"transform":{"skY":-43.5069,"y":-4.6545,"skX":-43.5069,"x":0.9581}},{"duration":0,"transform":{"skY":36.7656,"y":-4.9553,"skX":36.7656,"x":0.6267}}],"name":"zj"},{"frame":[{"tweenEasing":0,"duration":10,"transform":{"skY":37.2458,"y":-5.1266,"skX":37.2458,"x":4.5311}},{"tweenEasing":0,"duration":10,"transform":{"skY":52.7849,"y":-5.1304,"skX":52.7849,"x":4.9842}},{"tweenEasing":0,"duration":10,"transform":{"skY":37.2458,"y":-5.1266,"skX":37.2458,"x":4.5311}},{"tweenEasing":0,"duration":10,"transform":{"skY":77.1745,"y":1.1928,"skX":77.1745,"x":-2.8997}},{"tweenEasing":0,"duration":10,"transform":{"skY":37.2458,"y":-5.1266,"skX":37.2458,"x":4.5311}},{"tweenEasing":0,"duration":10,"transform":{"skY":52.7849,"y":-5.1304,"skX":52.7849,"x":4.9842}},{"tweenEasing":0,"duration":10,"transform":{"skY":37.2458,"y":-5.1266,"skX":37.2458,"x":4.5311}},{"tweenEasing":0,"duration":10,"transform":{"skY":13.6293,"y":1.1928,"skX":13.6293,"x":-2.8997}},{"tweenEasing":0,"duration":10,"transform":{"skY":37.2458,"y":-5.1266,"skX":37.2458,"x":4.5311}},{"tweenEasing":0,"duration":10,"transform":{"skY":52.7849,"y":-5.1304,"skX":52.7849,"x":4.9842}},{"tweenEasing":0,"duration":10,"transform":{"skY":37.2458,"y":-5.1266,"skX":37.2458,"x":4.5311}},{"tweenEasing":0,"duration":10,"transform":{"skY":13.6293,"y":1.1928,"skX":13.6293,"x":-2.8997}},{"tweenEasing":0,"duration":10,"transform":{"skY":37.2458,"y":-5.1266,"skX":37.2458,"x":4.5311}},{"tweenEasing":0,"duration":10,"transform":{"skY":52.7849,"y":-5.1304,"skX":52.7849,"x":4.9842}},{"tweenEasing":0,"duration":10,"transform":{"skY":37.2458,"y":-5.1266,"skX":37.2458,"x":4.5311}},{"tweenEasing":0,"duration":10,"transform":{"skY":13.6293,"y":1.1928,"skX":13.6293,"x":-2.8997}},{"duration":0,"transform":{"skY":37.2458,"y":-5.1266,"skX":37.2458,"x":4.5311}}],"name":"yj"}],"slot":[],"ffd":[],"name":"3","playTimes":0}],"type":"Armature","frameRate":60,"ik":[],"bone":[{"name":"root","transform":{}},{"transform":{},"name":"bone","parent":"root"},{"length":29,"transform":{"skY":-88.1492,"y":-80.8444,"skX":-88.1492,"x":-1.072},"parent":"bone","name":"st"},{"length":18,"transform":{"skY":-0.4685,"y":6.3856,"skX":-0.4685,"x":49.6354},"parent":"st","name":"tou"},{"length":17,"transform":{"skY":97.1136,"y":21.0965,"skX":97.1136,"x":33.1496},"parent":"st","name":"zs"},{"length":21,"transform":{"skY":-96.7687,"y":-6.4449,"skX":-96.7687,"x":31.5482},"parent":"st","name":"ys"},{"length":32,"transform":{"skY":165.5429,"y":9.1176,"skX":165.5429,"x":-3.9028},"parent":"st","name":"zj"},{"length":28,"transform":{"skY":178.1492,"y":-5.9525,"skX":178.1492,"x":-19.8934},"parent":"st","name":"yj"}],"aabb":{"width":158.7830051838273,"y":-238.80428548279156,"height":242.9564282846359,"x":-71.56283699958445},"slot":[{"name":"ys","parent":"ys","color":{}},{"z":1,"name":"zj","parent":"zj","color":{}},{"z":2,"name":"yj","parent":"yj","color":{}},{"z":3,"name":"st","parent":"st","color":{}},{"z":4,"name":"zs","parent":"zs","color":{}},{"z":5,"name":"tou","parent":"tou","color":{}}],"name":"gongjiao5"}]}