{"width":1024,"imagePath":"yv_tex.png","height":1024,"name":"yv","SubTexture":[{"width":64,"y":953,"height":70,"name":"b2","x":675},{"width":14,"y":829,"height":27,"name":"t4","x":562},{"width":24,"y":577,"height":15,"name":"t5","x":821},{"width":41,"y":733,"height":43,"name":"t2","x":70},{"width":35,"y":990,"height":28,"name":"s3","x":1},{"width":16,"y":155,"height":26,"name":"t3","x":825},{"width":24,"y":686,"height":15,"name":"t6","x":555},{"width":39,"y":686,"height":43,"name":"t1","x":514},{"width":67,"y":918,"height":65,"name":"st","x":405},{"width":52,"y":984,"height":37,"name":"s1","x":69},{"width":78,"y":714,"height":62,"name":"b1","x":821},{"width":176,"y":355,"height":118,"name":"h3","x":847},{"width":176,"y":475,"height":118,"name":"h","x":847},{"width":123,"y":595,"height":117,"name":"h2","x":821},{"width":114,"y":531,"height":117,"name":"h1","x":263},{"width":29,"y":990,"height":23,"name":"s2","x":38},{"width":64,"y":877,"height":74,"name":"koushao","x":675},{"width":145,"y":206,"height":149,"name":"shubao","x":181},{"frameY":-7,"y":577,"frameWidth":153,"frameX":-26,"frameHeight":241,"width":73,"height":201,"name":"a0013","x":746},{"frameY":-7,"y":789,"frameWidth":153,"frameX":-27,"frameHeight":241,"width":66,"height":199,"name":"a0014","x":1},{"frameY":-7,"y":585,"frameWidth":153,"frameX":-27,"frameHeight":241,"width":67,"height":202,"name":"a0006","x":1},{"frameY":-7,"y":595,"frameWidth":153,"frameX":-29,"frameHeight":241,"width":70,"height":203,"name":"a0009","x":946},{"frameY":-7,"y":783,"frameWidth":153,"frameX":-29,"frameHeight":241,"width":66,"height":199,"name":"a0001","x":70},{"frameY":-7,"y":780,"frameWidth":153,"frameX":-28,"frameHeight":241,"width":71,"height":203,"name":"a0007","x":820},{"frameY":-7,"y":531,"frameWidth":153,"frameX":-28,"frameHeight":241,"width":66,"height":200,"name":"a0004","x":379},{"frameY":-7,"y":531,"frameWidth":153,"frameX":-29,"frameHeight":241,"width":67,"height":200,"name":"a0003","x":194},{"frameY":-7,"y":800,"frameWidth":153,"frameX":-30,"frameHeight":241,"width":69,"height":203,"name":"a0008","x":946},{"frameY":-7,"y":650,"frameWidth":153,"frameX":-29,"frameHeight":241,"width":66,"height":199,"name":"a0016","x":263},{"frameY":-8,"y":531,"frameWidth":153,"frameX":-28,"frameHeight":241,"width":69,"height":200,"name":"a0002","x":123},{"frameY":-7,"y":536,"frameWidth":153,"frameX":-28,"frameHeight":241,"width":65,"height":199,"name":"a0015","x":447},{"frameY":-8,"y":780,"frameWidth":153,"frameX":-27,"frameHeight":241,"width":72,"height":203,"name":"a0010","x":746},{"frameY":-7,"y":577,"frameWidth":153,"frameX":-26,"frameHeight":241,"width":74,"height":204,"name":"a0011","x":670},{"frameY":-7,"y":733,"frameWidth":153,"frameX":-27,"frameHeight":241,"width":65,"height":201,"name":"a0005","x":138},{"frameY":-7,"y":379,"frameWidth":153,"frameX":-24,"frameHeight":241,"width":79,"height":204,"name":"a0012","x":589},{"width":118,"y":379,"height":155,"name":"xiaochui","x":469},{"frameY":-3,"y":386,"frameWidth":200,"frameX":-45,"frameHeight":200,"width":120,"height":192,"name":"xsz","x":1},{"width":146,"y":198,"height":377,"name":"qiqiu2","x":699},{"width":84,"y":155,"height":34,"name":"fb","x":739},{"width":107,"y":733,"height":103,"name":"laba","x":331},{"width":286,"y":466,"height":63,"name":"wang2","x":123},{"width":286,"y":379,"height":85,"name":"wang1","x":181},{"width":71,"y":686,"height":83,"name":"biao","x":583},{"frameY":0,"y":1,"frameWidth":379,"frameX":0,"frameHeight":248,"width":379,"height":203,"name":"aaa0007","x":1},{"frameY":-49,"y":198,"frameWidth":379,"frameX":-35,"frameHeight":248,"width":315,"height":179,"name":"aaa0003","x":382},{"frameY":-96,"y":1,"frameWidth":379,"frameX":-59,"frameHeight":248,"width":263,"height":152,"name":"aaa0001","x":739},{"frameY":-20,"y":1,"frameWidth":379,"frameX":-14,"frameHeight":248,"width":355,"height":195,"name":"aaa0005","x":382},{"frameY":-1,"y":155,"frameWidth":200,"frameX":-23,"frameHeight":200,"width":150,"height":198,"name":"shouji","x":847},{"frameY":-11,"y":206,"frameWidth":200,"frameX":-12,"frameHeight":200,"width":178,"height":178,"name":"jinbi","x":1},{"frameY":-7,"y":783,"frameWidth":122,"frameX":0,"frameHeight":99,"width":116,"height":92,"name":"sc0002","x":583},{"frameY":-8,"y":877,"frameWidth":122,"frameX":-9,"frameHeight":99,"width":111,"height":90,"name":"sc0004","x":562},{"frameY":0,"y":585,"frameWidth":122,"frameX":-3,"frameHeight":99,"width":118,"height":99,"name":"sc0005","x":514},{"frameY":-13,"y":936,"frameWidth":122,"frameX":-5,"frameHeight":99,"width":113,"height":84,"name":"sc0003","x":138},{"frameY":-12,"y":829,"frameWidth":122,"frameX":-2,"frameHeight":99,"width":120,"height":87,"name":"sc0001","x":440},{"width":92,"y":851,"height":70,"name":"jitui","x":311},{"width":104,"y":851,"height":75,"name":"xiangchang","x":205},{"width":134,"y":737,"height":90,"name":"shanzi","x":447}]}