{"frameRate":60,"isGlobal":0,"name":"bingdu","version":"5.0","armature":[{"defaultActions":[{"gotoAndPlay":"1"}],"skin":[{"name":"","slot":[{"display":[{"path":"yj","type":"image","name":"yj","transform":{"skY":-98.6005,"y":8.9373,"skX":-98.6005,"x":21.3608}}],"name":"yj"},{"display":[{"path":"ys","type":"image","name":"ys","transform":{"skY":171.0316,"y":-10.4073,"skX":171.0316,"x":41.7957}}],"name":"ys"},{"display":[{"path":"zj","type":"image","name":"zj","transform":{"skY":-84.8997,"y":-9.4083,"skX":-84.8997,"x":23.3855}}],"name":"zj"},{"display":[{"path":"zs","type":"image","name":"zs","transform":{"skY":13.3602,"y":11.7655,"skX":13.3602,"x":31.6883}}],"name":"zs"},{"display":[{"path":"st","type":"image","name":"st","transform":{"skY":90.8273,"y":4.4761,"skX":90.8273,"x":40.1587}}],"name":"st"}]}],"animation":[{"frame":[],"duration":60,"ik":[],"bone":[{"frame":[{"duration":60,"transform":{}}],"name":"root"},{"frame":[{"duration":60,"transform":{}}],"name":"bone"},{"frame":[{"tweenEasing":0,"duration":30,"transform":{}},{"tweenEasing":0,"duration":30,"transform":{"y":-5.1679}},{"duration":0,"transform":{}}],"name":"st"},{"frame":[{"tweenEasing":0,"duration":30,"transform":{}},{"tweenEasing":0,"duration":30,"transform":{"skY":-11.3139,"skX":-11.3139}},{"duration":0,"transform":{}}],"name":"ys"},{"frame":[{"tweenEasing":0,"duration":30,"transform":{}},{"tweenEasing":0,"duration":30,"transform":{"skY":6.3815,"skX":6.3815}},{"duration":0,"transform":{}}],"name":"zs"},{"frame":[{"tweenEasing":0,"duration":30,"transform":{}},{"tweenEasing":0,"duration":30,"transform":{"skY":6.3815,"skX":6.3815}},{"duration":0,"transform":{}}],"name":"zj"},{"frame":[{"tweenEasing":0,"duration":30,"transform":{}},{"tweenEasing":0,"duration":30,"transform":{"skY":-11.3139,"skX":-11.3139}},{"duration":0,"transform":{}}],"name":"yj"}],"slot":[],"ffd":[],"name":"1","playTimes":0}],"type":"Armature","frameRate":60,"ik":[],"bone":[{"name":"root","transform":{}},{"transform":{},"name":"bone","parent":"root"},{"length":41,"transform":{"skY":-90.8273,"y":-39.848,"skX":-90.8273,"x":0.8138},"parent":"bone","name":"st"},{"length":35,"transform":{"skY":-80.2043,"y":-43.3541,"skX":-80.2043,"x":41.5803},"parent":"st","name":"ys"},{"length":37,"transform":{"skY":77.4671,"y":59.9999,"skX":77.4671,"x":48.0387},"parent":"st","name":"zs"},{"length":27,"transform":{"skY":175.727,"y":29.9909,"skX":175.727,"x":2.6172},"parent":"st","name":"zj"},{"length":28,"transform":{"skY":-170.5721,"y":-22.615,"skX":-170.5721,"x":-0.8736},"parent":"st","name":"yj"}],"aabb":{"width":260.7065987942957,"y":-143.0671295431589,"height":148.7031927239795,"x":-129.54336639578935},"slot":[{"name":"zs","parent":"zs","color":{}},{"z":1,"name":"zj","parent":"zj","color":{}},{"z":2,"name":"ys","parent":"ys","color":{}},{"z":3,"name":"yj","parent":"yj","color":{}},{"z":4,"name":"st","parent":"st","color":{}}],"name":"bingdu"}]}