{"width":512,"imagePath":"cangmao_tex.png","height":512,"name":"cangmao","SubTexture":[{"frameY":-58,"y":1,"frameWidth":244,"frameX":0,"frameHeight":294,"width":147,"height":236,"name":"y2","x":240},{"width":237,"y":1,"height":304,"name":"y1","x":1},{"width":121,"y":1,"height":125,"name":"y2a","x":389},{"width":6,"y":172,"height":10,"name":"yyy","x":500},{"width":5,"y":184,"height":8,"name":"yy","x":500},{"width":20,"y":239,"height":31,"name":"s3","x":353},{"width":12,"y":239,"height":26,"name":"tt6","x":375},{"width":21,"y":274,"height":13,"name":"tt5","x":458},{"width":12,"y":172,"height":24,"name":"tt4","x":486},{"width":21,"y":272,"height":13,"name":"tt3","x":353},{"width":23,"y":128,"height":19,"name":"tt2","x":486},{"width":31,"y":253,"height":19,"name":"tt1","x":458},{"width":55,"y":239,"height":60,"name":"st1","x":240},{"width":54,"y":239,"height":60,"name":"st2","x":297},{"width":46,"y":228,"height":23,"name":"s2","x":458},{"width":10,"y":267,"height":14,"name":"s1","x":376},{"width":95,"y":128,"height":98,"name":"ha","x":389},{"width":16,"y":198,"height":18,"name":"t4","x":486},{"width":16,"y":270,"height":14,"name":"t3","x":491},{"width":18,"y":253,"height":15,"name":"t2","x":491},{"width":15,"y":149,"height":21,"name":"t1","x":486},{"width":65,"y":289,"height":33,"name":"st","x":353},{"width":67,"y":228,"height":59,"name":"h","x":389}]}