{"frameRate":60,"isGlobal":0,"name":"cangmao","version":"5.0","armature":[{"skin":[{"name":"","slot":[{"display":[{"path":"ha","type":"image","name":"ha","transform":{"skY":92.0309,"y":-3.8099,"skX":92.0309,"x":42.642}}],"name":"ha"},{"display":[{"path":"tt3","type":"image","name":"tt3","transform":{"skY":-69.8516,"y":-2.4314,"skX":-69.8516,"x":3.3436}}],"name":"tt3"},{"display":[{"path":"t3","type":"image","name":"t3","transform":{"skY":-60.4222,"y":-1.0314,"skX":-60.4222,"x":5.912}}],"name":"t3"},{"display":[{"path":"s1","type":"image","name":"s1","transform":{"skY":175.0303,"y":1.9998,"skX":175.0303,"x":2.1175}}],"name":"s1"},{"display":[{"path":"st1","type":"image","name":"st1","transform":{"skY":91.5737,"y":-1.0243,"skX":91.5737,"x":26.2882}},{"path":"st2","type":"image","name":"st2","transform":{"skY":91.8664,"y":-2.5285,"skX":91.8664,"x":25.4975}}],"name":"st1"},{"display":[{"path":"y2","type":"image","name":"y2","transform":{"skY":88.9045,"y":-22.4191,"skX":88.9045,"x":136.7193}},{"path":"y1","type":"image","name":"y1","transform":{"skY":88.6196,"y":-12.497,"skX":88.6196,"x":137.8214}}],"name":"y2"},{"display":[{"path":"s2","type":"image","name":"s2","transform":{"skY":161.1117,"y":1.2886,"skX":161.1117,"x":16.2061}}],"name":"s2"},{"display":[{"path":"tt4","type":"image","name":"tt4","transform":{"skY":-87.8723,"y":1.3449,"skX":-87.8723,"x":7.6519}}],"name":"tt4"},{"display":[{"path":"st","type":"image","name":"st","transform":{"y":7.93,"x":-7.6633}}],"name":"st"},{"display":[{"path":"tt2","type":"image","name":"tt2","transform":{"skY":-78.1377,"y":1.2999,"skX":-78.1377,"x":6.1926}}],"name":"tt2"},{"display":[{"path":"tt1","type":"image","name":"tt1","transform":{"skY":-92.9425,"y":-3.0296,"skX":-92.9425,"x":3.76}}],"name":"tt1"},{"display":[{"path":"y2a","type":"image","name":"y2a","transform":{"skY":88.5925,"y":-8.3826,"skX":88.5925,"x":57.9493}}],"name":"y2a"},{"display":[{"path":"s3","type":"image","name":"s3","transform":{"skY":-61.7652,"y":1.1137,"skX":-61.7652,"x":12.9945}}],"name":"s3"},{"display":[{"path":"t2","type":"image","name":"t2","transform":{"skY":-56.8598,"y":-0.8329,"skX":-56.8598,"x":5.7114}}],"name":"t2"},{"display":[{"path":"t4","type":"image","name":"t4","transform":{"skY":-127.3566,"y":-0.006,"skX":-127.3566,"x":7.1075}}],"name":"t4"},{"display":[{"path":"h","type":"image","name":"h","transform":{"skY":43.9733,"y":-8.5948,"skX":43.9733,"x":22.3947}}],"name":"h"},{"display":[{"path":"tt5","type":"image","name":"tt5","transform":{"skY":-63.4349,"y":-0.8593,"skX":-63.4349,"x":2.4412}}],"name":"tt5"},{"display":[{"path":"yyy","type":"image","name":"yyy","transform":{"y":1.0023,"x":1.5025}}],"name":"yyy"},{"display":[{"path":"tt6","type":"image","name":"tt6","transform":{"skY":-84.9447,"y":0.0009,"skX":-84.9447,"x":6.084}}],"name":"tt6"},{"display":[{"path":"yy","type":"image","name":"yy","transform":{"y":-0.4434,"x":0.1344}}],"name":"yy"},{"display":[{"path":"t1","type":"image","name":"t1","transform":{"skY":-104.449,"y":0.0099,"skX":-104.449,"x":7.7455}}],"name":"t1"}]}],"animation":[{"frame":[],"duration":79,"bone":[{"frame":[{"duration":79,"transform":{}}],"name":"root"},{"frame":[{"duration":79,"transform":{}}],"name":"bone"},{"frame":[{"duration":79,"transform":{}}],"name":"st"},{"frame":[{"tweenEasing":0,"duration":79,"transform":{}},{"duration":0,"transform":{}}],"name":"y2"},{"frame":[{"duration":79,"transform":{}}],"name":"t3"},{"frame":[{"duration":79,"transform":{}}],"name":"t2"},{"frame":[{"duration":79,"transform":{}}],"name":"h"},{"frame":[{"duration":79,"transform":{}}],"name":"t4"},{"frame":[{"duration":79,"transform":{}}],"name":"t1"},{"frame":[{"tweenEasing":0,"duration":40,"transform":{"skY":6.2146,"skX":6.2146}},{"tweenEasing":0,"duration":39,"transform":{"skY":-1.905,"skX":-1.905}},{"duration":0,"transform":{"skY":6.2146,"skX":6.2146}}],"name":"bone1"},{"frame":[{"duration":79,"transform":{}}],"name":"st1"},{"frame":[{"tweenEasing":0,"duration":40,"transform":{"skY":-4.531,"skX":-4.531}},{"tweenEasing":0,"duration":39,"transform":{"skY":7.6261,"skX":7.6261}},{"duration":0,"transform":{"skY":-4.531,"skX":-4.531}}],"name":"ha"},{"frame":[{"duration":79,"transform":{}}],"name":"s2"},{"frame":[{"tweenEasing":0,"duration":38,"transform":{}},{"tweenEasing":0,"duration":41,"transform":{"skY":-7.5978,"skX":-7.5978}},{"duration":0,"transform":{}}],"name":"s3"},{"frame":[{"tweenEasing":0,"duration":38,"transform":{}},{"tweenEasing":0,"duration":41,"transform":{"skY":-1.767,"skX":-1.767}},{"duration":0,"transform":{}}],"name":"s1"},{"frame":[{"duration":79,"transform":{}}],"name":"tt1"},{"frame":[{"duration":79,"transform":{}}],"name":"tt6"},{"frame":[{"duration":79,"transform":{}}],"name":"tt3"},{"frame":[{"duration":79,"transform":{}}],"name":"tt2"},{"frame":[{"duration":79,"transform":{}}],"name":"tt4"},{"frame":[{"duration":79,"transform":{}}],"name":"tt5"},{"frame":[{"tweenEasing":0,"duration":40,"transform":{}},{"tweenEasing":0,"duration":39,"transform":{"y":-14.6031}},{"duration":0,"transform":{}}],"name":"yy"},{"frame":[{"tweenEasing":0,"duration":40,"transform":{}},{"tweenEasing":0,"duration":39,"transform":{"y":19.9619}},{"duration":0,"transform":{}}],"name":"yyy"}],"slot":[{"frame":[{"tweenEasing":null,"duration":79}],"name":"y2"}],"ffd":[],"ik":[],"name":"cang","playTimes":0},{"frame":[],"duration":92,"bone":[{"frame":[{"duration":92,"transform":{}}],"name":"root"},{"frame":[{"tweenEasing":0,"duration":40,"transform":{}},{"tweenEasing":0,"duration":10,"transform":{}},{"duration":42,"transform":{}}],"name":"bone"},{"frame":[{"duration":5,"transform":{"y":-22.0731,"x":5.6585},"curve":[0,0,0.5,1]},{"tweenEasing":0,"duration":5,"transform":{"skY":120,"y":-82.5822,"skX":120,"x":5.6585}},{"tweenEasing":0,"duration":5,"transform":{"skY":-120,"y":-127.7538,"skX":-120,"x":5.6585}},{"tweenEasing":0,"duration":5,"transform":{"y":-157.38,"x":5.6585}},{"duration":5,"transform":{"skY":120,"y":-168.4587,"skX":120,"x":5.6585},"curve":[0.5,0,1,1]},{"tweenEasing":0,"duration":5,"transform":{"skY":-120,"y":-155.2753,"skX":-120,"x":5.6585}},{"tweenEasing":0,"duration":5,"transform":{"y":-120.0206,"x":5.6585}},{"tweenEasing":0,"duration":5,"transform":{"skY":120,"y":-66.2671,"skX":120,"x":5.6585}},{"tweenEasing":0,"duration":2,"transform":{"skY":-120,"y":5.7376,"skX":-120,"x":5.6585}},{"tweenEasing":0,"duration":8,"transform":{"y":7.6376,"x":5.6585}},{"tweenEasing":0,"duration":8,"transform":{"y":6.6376,"x":5.6585}},{"tweenEasing":0,"duration":6,"transform":{"y":6.6376,"x":5.6585}},{"tweenEasing":0,"duration":6,"transform":{"y":-12.2368,"x":161.1061}},{"tweenEasing":0,"duration":7,"transform":{"y":4.7608,"x":316.5536}},{"tweenEasing":0,"duration":7,"transform":{"y":-9.8156,"x":497.9091}},{"tweenEasing":0,"duration":8,"transform":{"y":4.1541,"x":679.2646}},{"duration":0,"transform":{"y":-13.7356,"x":886.528}}],"name":"st"},{"frame":[{"tweenEasing":0,"duration":40,"transform":{}},{"tweenEasing":0,"duration":10,"transform":{}},{"duration":42,"transform":{}}],"name":"y2"},{"frame":[{"tweenEasing":0,"duration":40,"transform":{"y":-2.8547,"x":2.1244}},{"tweenEasing":0,"duration":2,"transform":{"y":-2.8547,"x":2.1244}},{"tweenEasing":0,"duration":8,"transform":{"skY":3.1897,"y":-3.302,"skX":3.1897,"x":-0.804}},{"tweenEasing":0,"duration":4,"transform":{"skY":3.1897,"y":-2.302,"skX":3.1897,"x":-0.804}},{"tweenEasing":0,"duration":8,"transform":{"skY":3.1897,"y":-2.302,"skX":3.1897,"x":-0.804}},{"tweenEasing":0,"duration":4,"transform":{"skY":-34.1307,"y":-3.7283,"skX":-34.1307,"x":0.6224}},{"tweenEasing":0,"duration":4,"transform":{"skY":-18.2696,"y":-2.302,"skX":-18.2696,"x":0.8601}},{"tweenEasing":0,"duration":4,"transform":{"skY":37.9907,"y":-4.5604,"skX":37.9907,"x":-1.3983}},{"tweenEasing":0,"duration":4,"transform":{"skY":8.6846,"y":-3.4906,"skX":8.6846,"x":-0.0908}},{"tweenEasing":0,"duration":4,"transform":{"skY":-34.1307,"y":-3.7283,"skX":-34.1307,"x":0.6224}},{"tweenEasing":0,"duration":4,"transform":{"skY":-18.2696,"y":-2.302,"skX":-18.2696,"x":0.8601}},{"tweenEasing":0,"duration":4,"transform":{"skY":37.9907,"y":-4.5604,"skX":37.9907,"x":-1.3983}},{"duration":2,"transform":{"skY":8.6846,"y":-3.4906,"skX":8.6846,"x":-0.0908}}],"name":"t3"},{"frame":[{"tweenEasing":0,"duration":40,"transform":{"y":-1.3278,"x":-8.2321}},{"tweenEasing":0,"duration":2,"transform":{"y":-1.3278,"x":-8.2321}},{"tweenEasing":0,"duration":8,"transform":{"skY":25.3744,"y":-2.9,"skX":25.3744}},{"tweenEasing":0,"duration":4,"transform":{"skY":25.3744,"y":-1.9,"skX":25.3744}},{"tweenEasing":0,"duration":4,"transform":{"skY":25.3744,"y":-1.9,"skX":25.3744}},{"tweenEasing":0,"duration":4,"transform":{"skY":-11.946,"y":-3.3264,"skX":-11.946,"x":1.4264}},{"tweenEasing":0,"duration":4,"transform":{"skY":3.9152,"y":-1.9,"skX":3.9152,"x":1.6641}},{"tweenEasing":0,"duration":4,"transform":{"skY":60.1755,"y":-4.1584,"skX":60.1755,"x":-0.5943}},{"tweenEasing":0,"duration":4,"transform":{"skY":30.8694,"y":-3.0886,"skX":30.8694,"x":0.7132}},{"tweenEasing":0,"duration":4,"transform":{"skY":-11.946,"y":-3.3264,"skX":-11.946,"x":1.4264}},{"tweenEasing":0,"duration":4,"transform":{"skY":3.9152,"y":-1.9,"skX":3.9152,"x":1.6641}},{"tweenEasing":0,"duration":4,"transform":{"skY":60.1755,"y":-4.1584,"skX":60.1755,"x":-0.5943}},{"duration":6,"transform":{"skY":30.8694,"y":-3.0886,"skX":30.8694,"x":0.7132}}],"name":"t2"},{"frame":[{"tweenEasing":0,"duration":40,"transform":{"skY":16.8666,"y":3.3858,"skX":16.8666,"x":-30.4721}},{"tweenEasing":0,"duration":2,"transform":{"skY":16.8666,"y":3.3858,"skX":16.8666,"x":-30.4721}},{"tweenEasing":0,"duration":8,"transform":{"skY":6.6452,"skX":6.6452}},{"duration":42,"transform":{"skY":6.6452,"skX":6.6452}}],"name":"h"},{"frame":[{"tweenEasing":0,"duration":40,"transform":{"y":-4.1028,"x":6.1741}},{"tweenEasing":0,"duration":2,"transform":{"y":-4.1028,"x":6.1741}},{"tweenEasing":0,"duration":8,"transform":{"skY":-39.6085,"y":-2.9,"skX":-39.6085}},{"tweenEasing":0,"duration":4,"transform":{"skY":-39.6085,"y":-1.9,"skX":-39.6085}},{"tweenEasing":0,"duration":10,"transform":{"skY":-39.6085,"y":-1.9,"skX":-39.6085}},{"tweenEasing":0,"duration":4,"transform":{"skY":-76.9289,"y":-3.3264,"skX":-76.9289,"x":1.4264}},{"tweenEasing":0,"duration":4,"transform":{"skY":-61.0678,"y":-1.9,"skX":-61.0678,"x":1.6641}},{"tweenEasing":0,"duration":4,"transform":{"skY":-4.8074,"y":-4.1584,"skX":-4.8074,"x":-0.5943}},{"tweenEasing":0,"duration":4,"transform":{"skY":-34.1136,"y":-3.0886,"skX":-34.1136,"x":0.7132}},{"tweenEasing":0,"duration":4,"transform":{"skY":-76.9289,"y":-3.3264,"skX":-76.9289,"x":1.4264}},{"tweenEasing":0,"duration":4,"transform":{"skY":-61.0678,"y":-1.9,"skX":-61.0678,"x":1.6641}},{"tweenEasing":0,"duration":4,"transform":{"skY":-4.8074,"y":-4.1584,"skX":-4.8074,"x":-0.5943}},{"duration":0,"transform":{"skY":-34.1136,"y":-3.0886,"skX":-34.1136,"x":0.7132}}],"name":"t4"},{"frame":[{"tweenEasing":0,"duration":40,"transform":{"y":-3.731,"x":-2.6688}},{"tweenEasing":0,"duration":2,"transform":{"y":-3.731,"x":-2.6688}},{"tweenEasing":0,"duration":8,"transform":{"skY":-29.8741,"y":-2.9,"skX":-29.8741}},{"tweenEasing":0,"duration":4,"transform":{"skY":-29.8741,"y":-1.9,"skX":-29.8741}},{"tweenEasing":0,"duration":4,"transform":{"skY":-67.1945,"y":-3.3264,"skX":-67.1945,"x":1.4264}},{"tweenEasing":0,"duration":4,"transform":{"skY":-51.3334,"y":-1.9,"skX":-51.3334,"x":1.6641}},{"tweenEasing":0,"duration":4,"transform":{"skY":4.9269,"y":-4.1584,"skX":4.9269,"x":-0.5943}},{"tweenEasing":0,"duration":4,"transform":{"skY":-24.3792,"y":-3.0886,"skX":-24.3792,"x":0.7132}},{"tweenEasing":0,"duration":4,"transform":{"skY":-67.1945,"y":-3.3264,"skX":-67.1945,"x":1.4264}},{"tweenEasing":0,"duration":4,"transform":{"skY":-51.3334,"y":-1.9,"skX":-51.3334,"x":1.6641}},{"tweenEasing":0,"duration":4,"transform":{"skY":4.9269,"y":-4.1584,"skX":4.9269,"x":-0.5943}},{"duration":10,"transform":{"skY":-24.3792,"y":-3.0886,"skX":-24.3792,"x":0.7132}}],"name":"t1"},{"frame":[{"duration":92,"transform":{}}],"name":"bone1"},{"frame":[{"duration":92,"transform":{}}],"name":"st1"},{"frame":[{"duration":92,"transform":{}}],"name":"ha"},{"frame":[{"duration":92,"transform":{}}],"name":"s2"},{"frame":[{"duration":92,"transform":{}}],"name":"s3"},{"frame":[{"duration":92,"transform":{}}],"name":"s1"},{"frame":[{"duration":92,"transform":{}}],"name":"tt1"},{"frame":[{"duration":92,"transform":{}}],"name":"tt6"},{"frame":[{"duration":92,"transform":{}}],"name":"tt3"},{"frame":[{"duration":92,"transform":{}}],"name":"tt2"},{"frame":[{"duration":92,"transform":{}}],"name":"tt4"},{"frame":[{"duration":92,"transform":{}}],"name":"tt5"},{"frame":[{"duration":92,"transform":{}}],"name":"yy"},{"frame":[{"duration":92,"transform":{}}],"name":"yyy"}],"slot":[{"frame":[{"tweenEasing":null,"duration":40},{"tweenEasing":null,"duration":2},{"tweenEasing":null,"duration":8},{"tweenEasing":null,"duration":42}],"name":"t4"},{"frame":[{"tweenEasing":null,"duration":40},{"tweenEasing":null,"duration":2},{"tweenEasing":null,"duration":8},{"tweenEasing":null,"duration":42}],"name":"t3"},{"frame":[{"tweenEasing":null,"duration":40},{"tweenEasing":null,"duration":2},{"tweenEasing":null,"duration":8},{"tweenEasing":null,"duration":42}],"name":"t2"},{"frame":[{"tweenEasing":null,"duration":40},{"tweenEasing":null,"duration":2},{"tweenEasing":null,"duration":8},{"tweenEasing":null,"duration":42}],"name":"t1"},{"frame":[{"tweenEasing":null,"duration":92}],"name":"st"},{"frame":[{"tweenEasing":null,"duration":40},{"tweenEasing":null,"duration":2},{"tweenEasing":null,"duration":8},{"tweenEasing":null,"duration":42}],"name":"h"}],"ffd":[],"ik":[],"name":"chu","playTimes":0},{"frame":[],"duration":79,"bone":[{"frame":[{"duration":79,"transform":{}}],"name":"root"},{"frame":[{"duration":79,"transform":{}}],"name":"bone"},{"frame":[{"duration":79,"transform":{}}],"name":"st"},{"frame":[{"tweenEasing":0,"duration":39,"transform":{}},{"duration":40,"transform":{},"curve":[0.5,0,0.5,1]},{"duration":0,"transform":{}}],"name":"y2"},{"frame":[{"duration":79,"transform":{}}],"name":"t3"},{"frame":[{"duration":79,"transform":{}}],"name":"t2"},{"frame":[{"duration":79,"transform":{}}],"name":"h"},{"frame":[{"duration":79,"transform":{}}],"name":"t4"},{"frame":[{"duration":79,"transform":{}}],"name":"t1"},{"frame":[{"duration":79,"transform":{}}],"name":"bone1"},{"frame":[{"duration":79,"transform":{}}],"name":"st1"},{"frame":[{"duration":79,"transform":{}}],"name":"ha"},{"frame":[{"duration":79,"transform":{}}],"name":"s2"},{"frame":[{"duration":79,"transform":{}}],"name":"s3"},{"frame":[{"duration":79,"transform":{}}],"name":"s1"},{"frame":[{"duration":79,"transform":{}}],"name":"tt1"},{"frame":[{"duration":79,"transform":{}}],"name":"tt6"},{"frame":[{"duration":79,"transform":{}}],"name":"tt3"},{"frame":[{"duration":79,"transform":{}}],"name":"tt2"},{"frame":[{"duration":79,"transform":{}}],"name":"tt4"},{"frame":[{"duration":79,"transform":{}}],"name":"tt5"},{"frame":[{"duration":79,"transform":{}}],"name":"yy"},{"frame":[{"duration":79,"transform":{}}],"name":"yyy"}],"slot":[{"frame":[{"tweenEasing":null,"displayIndex":1,"duration":79}],"name":"y2"},{"frame":[{"tweenEasing":null,"displayIndex":-1,"duration":79}],"name":"y2a"},{"frame":[{"tweenEasing":null,"displayIndex":-1,"duration":79}],"name":"st1"},{"frame":[{"tweenEasing":null,"displayIndex":-1,"duration":79}],"name":"s3"},{"frame":[{"tweenEasing":null,"displayIndex":-1,"duration":79}],"name":"s2"},{"frame":[{"tweenEasing":null,"displayIndex":-1,"duration":79}],"name":"s1"},{"frame":[{"tweenEasing":null,"displayIndex":-1,"duration":79}],"name":"ha"},{"frame":[{"tweenEasing":null,"displayIndex":-1,"duration":79}],"name":"tt6"},{"frame":[{"tweenEasing":null,"displayIndex":-1,"duration":79}],"name":"tt5"},{"frame":[{"tweenEasing":null,"displayIndex":-1,"duration":79}],"name":"tt4"},{"frame":[{"tweenEasing":null,"displayIndex":-1,"duration":79}],"name":"tt3"},{"frame":[{"tweenEasing":null,"displayIndex":-1,"duration":79}],"name":"tt2"},{"frame":[{"tweenEasing":null,"displayIndex":-1,"duration":79}],"name":"tt1"}],"ffd":[],"ik":[],"name":"meicang","playTimes":0}],"type":"Armature","name":"cangmao","bone":[{"name":"root","transform":{}},{"transform":{},"name":"bone","parent":"root"},{"transform":{"y":-128.177,"x":91.4331},"name":"yyy","parent":"root"},{"transform":{"y":-111.577,"x":77.2831},"name":"yy","parent":"root"},{"length":44,"transform":{"skY":-88.9045,"y":-9.35,"skX":-88.9045,"x":-13.6},"parent":"bone","name":"y2"},{"length":11,"transform":{"y":-31.2129,"x":40.509},"parent":"bone","name":"st"},{"length":8,"transform":{"skY":127.3566,"y":14.7653,"skX":127.3566,"x":-22.3945},"parent":"st","name":"t4"},{"length":8,"transform":{"skY":104.449,"y":14.9325,"skX":104.449,"x":11.408},"parent":"st","name":"t1"},{"length":20,"transform":{"skY":0.312,"y":-60.0484,"skX":0.312,"x":161.4814},"parent":"y2","name":"bone1"},{"length":36,"transform":{"skY":-2.6692,"y":50.6867,"skX":-2.6692,"x":33.7634},"parent":"y2","name":"st1"},{"length":8,"transform":{"skY":60.4222,"y":18.6316,"skX":60.4222,"x":-17.7099},"parent":"st","name":"t3"},{"length":29,"transform":{"skY":-43.9733,"y":3.2839,"skX":-43.9733,"x":19.8261},"parent":"st","name":"h"},{"length":7,"transform":{"skY":56.8598,"y":15.3568,"skX":56.8598,"x":20.552},"parent":"st","name":"t2"},{"length":28,"transform":{"skY":-0.4573,"y":-3.6658,"skX":-0.4573,"x":55.4051},"parent":"st1","name":"ha"},{"length":17,"transform":{"skY":153.3389,"y":14.1235,"skX":153.3389,"x":40.4869},"parent":"st1","name":"s3"},{"length":11,"transform":{"skY":169.7114,"y":13.6781,"skX":169.7114,"x":2.6563},"parent":"st1","name":"tt2"},{"length":31,"transform":{"skY":-69.538,"y":-17.8128,"skX":-69.538,"x":41.6549},"parent":"st1","name":"s2"},{"length":10,"transform":{"skY":-175.4838,"y":-14.9243,"skX":-175.4838,"x":1.1412},"parent":"st1","name":"tt1"},{"length":13,"transform":{"skY":-7.9978,"y":-0.6211,"skX":-7.9978,"x":12.084},"parent":"tt1","name":"tt6"},{"length":16,"transform":{"skY":9.7346,"y":-0.1227,"skX":9.7346,"x":14.74},"parent":"tt2","name":"tt4"},{"length":3,"transform":{"skY":123.2045,"y":5.6194,"skX":123.2045,"x":36.3459},"parent":"s3","name":"s1"},{"length":5,"transform":{"skY":-24.4374,"y":-0.4754,"skX":-24.4374,"x":18.1802},"parent":"tt4","name":"tt5"},{"length":7,"transform":{"skY":-15.0931,"y":-0.8429,"skX":-15.0931,"x":17.1409},"parent":"tt6","name":"tt3"}],"aabb":{"width":251.33664371801106,"y":-293.4729624333811,"height":294,"x":-155.4010139087482},"slot":[{"name":"y2","parent":"y2","color":{}},{"z":1,"name":"y2a","parent":"bone1","color":{}},{"z":2,"name":"yyy","parent":"yyy","color":{}},{"z":3,"name":"yy","parent":"yy","color":{}},{"z":4,"name":"s3","parent":"s3","color":{}},{"z":5,"name":"tt6","parent":"tt6","color":{}},{"z":6,"name":"tt5","parent":"tt5","color":{}},{"z":7,"name":"tt4","parent":"tt4","color":{}},{"z":8,"name":"tt3","parent":"tt3","color":{}},{"z":9,"name":"tt2","parent":"tt2","color":{}},{"z":10,"name":"tt1","parent":"tt1","color":{}},{"z":11,"name":"st1","parent":"st1","color":{}},{"z":12,"name":"s2","parent":"s2","color":{}},{"z":13,"name":"s1","parent":"s1","color":{}},{"z":14,"name":"ha","parent":"ha","color":{}},{"displayIndex":-1,"z":15,"name":"t4","parent":"t4","color":{}},{"displayIndex":-1,"z":16,"name":"t3","parent":"t3","color":{}},{"displayIndex":-1,"z":17,"name":"t2","parent":"t2","color":{}},{"displayIndex":-1,"z":18,"name":"t1","parent":"t1","color":{}},{"displayIndex":-1,"z":19,"name":"st","parent":"st","color":{}},{"displayIndex":-1,"z":20,"name":"h","parent":"h","color":{}}],"ik":[],"frameRate":60,"defaultActions":[{"gotoAndPlay":"cang"}]}]}