{"frameRate":60,"isGlobal":0,"name":"sdlr","version":"5.0","armature":[{"aabb":{"width":283.2418067246057,"y":-420.37165903321966,"height":421.9103433619351,"x":-185.57756303696664},"skin":[{"name":"","slot":[{"display":[{"path":"sta","type":"image","name":"sta","transform":{"y":-10.3548,"skX":92.2341,"skY":92.2341,"x":67.6227}}],"name":"sta"},{"display":[{"path":"b","type":"image","name":"b","transform":{"y":7.7483,"skX":-178.3994,"skY":-178.3994,"x":79.0797}}],"name":"b"},{"display":[{"path":"tza","type":"image","name":"tza","transform":{"y":1.8173,"skX":-82.2648,"skY":-82.2648,"x":38.0854}}],"name":"tza"},{"display":[{"vertices":[-71.5,-87,-71.5,-4.35,-71.5,87,-1.45,87,71.5,87,71.5,-3.1,71.5,-87,-1.45,-87],"edges":[0,1,1,2,2,3,3,4,4,5,5,6,6,7,7,0],"path":"st","weights":[2,2,0.24938029615829369,6,0.7506197038417064,2,2,0.468372065724776,6,0.5316279342752238,2,2,0.6858056718782557,6,0.3141943281217443,2,2,0.961278626256852,6,0.038721373743147956,2,2,0.6981779079321091,6,0.30182209206789096,2,2,0.4884596619573792,6,0.5115403380426208,2,2,0.2906063042624598,6,0.7093936957375403,2,2,0.06983130033103045,6,0.9301686996689694],"uvs":[0,0,0,0.475,0,1,0.48986,1,1,1,1,0.48218,1,0,0.48986,0],"bonePose":[2,-0.03094202529994661,-0.999521180901304,0.999521180901304,-0.03094202529994661,104.95,-147.5,6,-0.03898308412675705,-0.9992398706776897,0.9992398706776897,-0.03898308412675705,102.44999999999999,-214.45000000000002],"type":"mesh","transform":{"y":2.6593,"skX":92.2341,"skY":92.2341,"x":3.2111},"userEdges":[],"slotPose":[1,-6.938893903907228e-18,6.938893903907228e-18,1,104.98214285714285,-217.76228829160533],"width":143,"height":174,"name":"st","triangles":[1,3,5,7,1,5,7,5,6,5,3,4,0,1,7,1,2,3]}],"name":"st"},{"display":[{"path":"tzb","type":"image","name":"tzb","transform":{"y":-2.353,"skX":-84.6678,"skY":-84.6678,"x":22.2041}}],"name":"tzb"},{"display":[{"path":"ha","type":"image","name":"ha","transform":{"y":-13.0793,"skX":92.1375,"skY":92.1375,"x":41.8133}}],"name":"ha"},{"display":[{"path":"sa","type":"image","name":"sa","transform":{"y":9.9156,"skX":-112.1322,"skY":-112.1322,"x":51.79}}],"name":"sa"},{"display":[{"path":"sb","type":"image","name":"sb","transform":{"y":-3.7096,"skX":-60.326,"skY":-60.326,"x":65.3176}}],"name":"sb"},{"display":[{"path":"tya","type":"image","name":"tya","transform":{"y":3.6011,"skX":-94.7723,"skY":-94.7723,"x":33.7675}}],"name":"tya"},{"display":[{"path":"tyb","type":"image","name":"tyb","transform":{"y":-5.8125,"skX":-88.8662,"skY":-88.8662,"x":17.7888}}],"name":"tyb"}]}],"animation":[{"frame":[],"duration":80,"ik":[],"bone":[{"frame":[{"duration":80,"transform":{}}],"name":"root"},{"frame":[{"tweenEasing":0,"duration":40,"transform":{}},{"tweenEasing":0,"duration":40,"transform":{}},{"duration":0,"transform":{}}],"name":"bone"},{"frame":[{"tweenEasing":0,"duration":40,"transform":{}},{"tweenEasing":0,"duration":40,"transform":{"y":-3.65}},{"duration":0,"transform":{}}],"name":"st"},{"frame":[{"tweenEasing":0,"duration":40,"transform":{}},{"tweenEasing":0,"duration":40,"transform":{"scY":1.05,"scX":1.05}},{"duration":0,"transform":{}}],"name":"st1"},{"frame":[{"tweenEasing":0,"duration":40,"transform":{}},{"tweenEasing":0,"duration":40,"transform":{"scY":0.95,"skX":-4.8036,"skY":-4.8036,"scX":0.95}},{"duration":0,"transform":{}}],"name":"sa"},{"frame":[{"tweenEasing":0,"duration":40,"transform":{}},{"tweenEasing":0,"duration":40,"transform":{"scY":0.95,"skX":2.896,"skY":2.896,"scX":0.95}},{"duration":0,"transform":{}}],"name":"sb"},{"frame":[{"tweenEasing":0,"duration":40,"transform":{}},{"tweenEasing":0,"duration":40,"transform":{"scY":0.95,"skX":-3.9675,"skY":-3.9675,"scX":0.95}},{"duration":0,"transform":{}}],"name":"ha"},{"frame":[{"tweenEasing":0,"duration":40,"transform":{}},{"tweenEasing":0,"duration":40,"transform":{"y":-0.048,"x":-1.5493}},{"duration":0,"transform":{}}],"name":"tya"},{"frame":[{"tweenEasing":0,"duration":40,"transform":{}},{"tweenEasing":0,"duration":40,"transform":{"y":-0.1747,"x":2.0927}},{"duration":0,"transform":{}}],"name":"tyb"},{"frame":[{"tweenEasing":0,"duration":40,"transform":{}},{"tweenEasing":0,"duration":40,"transform":{"y":-0.048,"x":-1.5493}},{"duration":0,"transform":{}}],"name":"tza"},{"frame":[{"tweenEasing":0,"duration":40,"transform":{}},{"tweenEasing":0,"duration":40,"transform":{"y":0.2827,"x":2.0809}},{"duration":0,"transform":{}}],"name":"tzb"},{"frame":[{"duration":40,"transform":{},"curve":[0.5,0,0.5,1]},{"duration":40,"transform":{"skX":-6.5663,"skY":-6.5663},"curve":[0.5,0,0.5,1]},{"duration":0,"transform":{}}],"name":"b"}],"slot":[],"ffd":[],"name":"1","playTimes":0},{"frame":[],"duration":120,"ik":[],"bone":[{"frame":[{"duration":120,"transform":{}}],"name":"root"},{"frame":[{"tweenEasing":0,"duration":45,"transform":{}},{"tweenEasing":0,"duration":75,"transform":{}},{"duration":0,"transform":{}}],"name":"bone"},{"frame":[{"tweenEasing":0,"duration":10,"transform":{}},{"tweenEasing":0,"duration":10,"transform":{"y":-12.1617,"skX":21.9636,"skY":21.9636}},{"tweenEasing":0,"duration":5,"transform":{"y":51.8744,"skX":80.5335,"skY":80.5335,"x":246.1814}},{"duration":5,"transform":{"y":67.3105,"skX":80.5335,"skY":80.5335,"x":258.8109},"curve":[0,0,0.5,1]},{"duration":10,"transform":{"y":58.0105,"skX":80.5335,"skY":80.5335,"x":298.7783},"curve":[0,0,0.5,1]},{"tweenEasing":0,"duration":5,"transform":{"y":67.3105,"skX":80.5335,"skY":80.5335,"x":334.5878}},{"tweenEasing":0,"duration":75,"transform":{"y":67.3105,"skX":80.5335,"skY":80.5335,"x":334.5878}},{"duration":0,"transform":{"y":67.3105,"skX":80.5335,"skY":80.5335,"x":334.5878}}],"name":"st"},{"frame":[{"tweenEasing":0,"duration":10,"transform":{}},{"tweenEasing":0,"duration":10,"transform":{"skX":24.1514,"skY":24.1514}},{"tweenEasing":0,"duration":10,"transform":{"skX":31.5556,"skY":31.5556}},{"tweenEasing":0,"duration":10,"transform":{"skX":11.7843,"skY":11.7843}},{"tweenEasing":0,"duration":5,"transform":{"skX":-20.4454,"skY":-20.4454}},{"tweenEasing":0,"duration":75,"transform":{"skX":-20.4454,"skY":-20.4454}},{"duration":0,"transform":{"skX":-20.4454,"skY":-20.4454}}],"name":"tya"},{"frame":[{"tweenEasing":0,"duration":10,"transform":{}},{"tweenEasing":0,"duration":10,"transform":{"skX":-22.931,"skY":-22.931}},{"tweenEasing":0,"duration":10,"transform":{"skX":6.1632,"skY":6.1632}},{"tweenEasing":0,"duration":10,"transform":{"skX":-13.6082,"skY":-13.6082}},{"tweenEasing":0,"duration":5,"transform":{"skX":-353.8693,"skY":-353.8693}},{"tweenEasing":0,"duration":75,"transform":{"skX":-353.8693,"skY":-353.8693}},{"duration":0,"transform":{"skX":-353.8693,"skY":-353.8693}}],"name":"tza"},{"frame":[{"tweenEasing":0,"duration":40,"transform":{}},{"tweenEasing":0,"duration":5,"transform":{"y":29.6754,"skX":4.3077,"skY":4.3077,"x":0.7794}},{"tweenEasing":0,"duration":75,"transform":{"y":29.6754,"skX":4.3077,"skY":4.3077,"x":0.7794}},{"duration":0,"transform":{"y":29.6754,"skX":4.3077,"skY":4.3077,"x":0.7794}}],"name":"b"},{"frame":[{"tweenEasing":0,"duration":10,"transform":{}},{"tweenEasing":0,"duration":35,"transform":{"skX":21.9636,"skY":21.9636}},{"tweenEasing":0,"duration":75,"transform":{"skX":21.9636,"skY":21.9636}},{"duration":0,"transform":{"skX":21.9636,"skY":21.9636}}],"name":"st1"},{"frame":[{"tweenEasing":0,"duration":20,"transform":{}},{"tweenEasing":0,"duration":10,"transform":{"y":7.7265,"skX":33.051,"skY":33.051,"x":-4.3667}},{"tweenEasing":0,"duration":10,"transform":{"y":7.7265,"skX":13.2796,"skY":13.2796,"x":-4.3667}},{"tweenEasing":0,"duration":5,"transform":{"y":7.7265,"skX":21.8738,"skY":21.8738,"x":-4.3667}},{"tweenEasing":0,"duration":75,"transform":{"y":7.7265,"skX":21.8738,"skY":21.8738,"x":-4.3667}},{"duration":0,"transform":{"y":7.7265,"skX":21.8738,"skY":21.8738,"x":-4.3667}}],"name":"tzb"},{"frame":[{"tweenEasing":0,"duration":20,"transform":{}},{"tweenEasing":0,"duration":20,"transform":{"skX":-37.6278,"skY":-37.6278}},{"tweenEasing":0,"duration":5,"transform":{"skX":-54.4109,"skY":-54.4109}},{"tweenEasing":0,"duration":75,"transform":{"skX":-30.7934,"skY":-30.7934}},{"duration":0,"transform":{"skX":-30.7934,"skY":-30.7934}}],"name":"ha"},{"frame":[{"tweenEasing":0,"duration":10,"transform":{}},{"tweenEasing":0,"duration":10,"transform":{"skX":-97.9084,"skY":-97.9084}},{"tweenEasing":0,"duration":10,"transform":{"skX":-141.7357,"skY":-141.7357}},{"tweenEasing":0,"duration":10,"transform":{"skX":-154.7516,"skY":-154.7516}},{"tweenEasing":0,"duration":5,"transform":{"skX":-156.8965,"skY":-156.8965}},{"tweenEasing":0,"duration":75,"transform":{"skX":-156.8965,"skY":-156.8965}},{"duration":0,"transform":{"skX":-156.8965,"skY":-156.8965}}],"name":"sb"},{"frame":[{"tweenEasing":0,"duration":10,"transform":{}},{"tweenEasing":0,"duration":20,"transform":{"y":2.9407,"skX":24.9431,"skY":24.9431,"x":0.7582}},{"tweenEasing":0,"duration":10,"transform":{"y":8.8221,"skX":-11.8746,"skY":-11.8746,"x":2.2747}},{"tweenEasing":0,"duration":5,"transform":{"y":11.7628,"skX":-53.9977,"skY":-53.9977,"x":3.033}},{"tweenEasing":0,"duration":75,"transform":{"y":11.7628,"skX":-53.9977,"skY":-53.9977,"x":3.033}},{"duration":0,"transform":{"y":11.7628,"skX":-53.9977,"skY":-53.9977,"x":3.033}}],"name":"sa"},{"frame":[{"tweenEasing":0,"duration":20,"transform":{}},{"tweenEasing":0,"duration":10,"transform":{"skX":16.1442,"skY":16.1442}},{"tweenEasing":0,"duration":15,"transform":{"skX":-3.6272,"skY":-3.6272}},{"tweenEasing":0,"duration":75,"transform":{"skX":-3.6272,"skY":-3.6272}},{"duration":0,"transform":{"skX":-3.6272,"skY":-3.6272}}],"name":"tyb"}],"slot":[],"ffd":[],"name":"2","zOrder":{"frame":[{"tweenEasing":null,"duration":76,"zOrder":[]},{"tweenEasing":null,"duration":44,"zOrder":[]}]},"playTimes":0},{"frame":[],"duration":121,"ik":[],"bone":[{"frame":[{"duration":121,"transform":{}}],"name":"root"},{"frame":[{"tweenEasing":0,"duration":49,"transform":{}},{"tweenEasing":0,"duration":72,"transform":{}},{"duration":0,"transform":{}}],"name":"bone"},{"frame":[{"tweenEasing":0,"duration":49,"transform":{"y":67.3105,"skX":80.5335,"skY":80.5335,"x":334.5878}},{"tweenEasing":0,"duration":9,"transform":{"y":67.3105,"skX":80.5335,"skY":80.5335,"x":334.5878}},{"tweenEasing":0,"duration":16,"transform":{"y":67.3105,"skX":80.5335,"skY":80.5335,"x":334.5878}},{"duration":7,"transform":{"y":58.0105,"skX":80.5335,"skY":80.5335,"x":298.7783},"curve":[0,0,0.5,1]},{"duration":10,"transform":{"y":67.3105,"skX":80.5335,"skY":80.5335,"x":258.8109},"curve":[0,0,0.5,1]},{"tweenEasing":0,"duration":13,"transform":{"y":51.8744,"skX":80.5335,"skY":80.5335,"x":246.1814}},{"tweenEasing":0,"duration":17,"transform":{"y":-12.1617,"skX":21.9636,"skY":21.9636}},{"duration":0,"transform":{}}],"name":"st"},{"frame":[{"tweenEasing":0,"duration":49,"transform":{"skX":-20.4454,"skY":-20.4454}},{"tweenEasing":0,"duration":9,"transform":{"skX":-20.4454,"skY":-20.4454}},{"tweenEasing":0,"duration":16,"transform":{"skX":-20.4454,"skY":-20.4454}},{"tweenEasing":0,"duration":17,"transform":{"skX":11.7843,"skY":11.7843}},{"tweenEasing":0,"duration":13,"transform":{"skX":31.5556,"skY":31.5556}},{"tweenEasing":0,"duration":17,"transform":{"skX":24.1514,"skY":24.1514}},{"duration":0,"transform":{}}],"name":"tya"},{"frame":[{"tweenEasing":0,"duration":49,"transform":{"skX":-353.8693,"skY":-353.8693}},{"tweenEasing":0,"duration":9,"transform":{"skX":-353.8693,"skY":-353.8693}},{"tweenEasing":0,"duration":16,"transform":{"skX":-353.8693,"skY":-353.8693}},{"tweenEasing":0,"duration":17,"transform":{"skX":-13.6082,"skY":-13.6082}},{"tweenEasing":0,"duration":13,"transform":{"skX":6.1632,"skY":6.1632}},{"tweenEasing":0,"duration":17,"transform":{"skX":-22.931,"skY":-22.931}},{"duration":0,"transform":{}}],"name":"tza"},{"frame":[{"tweenEasing":0,"duration":49,"transform":{"y":29.6754,"skX":4.3077,"skY":4.3077,"x":0.7794}},{"tweenEasing":0,"duration":9,"transform":{"y":29.6754,"skX":4.3077,"skY":4.3077,"x":0.7794}},{"tweenEasing":0,"duration":63,"transform":{"y":29.6754,"skX":4.3077,"skY":4.3077,"x":0.7794}},{"duration":0,"transform":{}}],"name":"b"},{"frame":[{"tweenEasing":0,"duration":49,"transform":{"skX":21.9636,"skY":21.9636}},{"tweenEasing":0,"duration":55,"transform":{"skX":21.9636,"skY":21.9636}},{"tweenEasing":0,"duration":17,"transform":{"skX":21.9636,"skY":21.9636}},{"duration":0,"transform":{}}],"name":"st1"},{"frame":[{"tweenEasing":0,"duration":49,"transform":{"y":7.7265,"skX":21.8738,"skY":21.8738,"x":-4.3667}},{"tweenEasing":0,"duration":9,"transform":{"y":7.7265,"skX":21.8738,"skY":21.8738,"x":-4.3667}},{"tweenEasing":0,"duration":16,"transform":{"y":7.7265,"skX":21.8738,"skY":21.8738,"x":-4.3667}},{"tweenEasing":0,"duration":17,"transform":{"y":7.7265,"skX":13.2796,"skY":13.2796,"x":-4.3667}},{"tweenEasing":0,"duration":30,"transform":{"y":7.7265,"skX":33.051,"skY":33.051,"x":-4.3667}},{"duration":0,"transform":{}}],"name":"tzb"},{"frame":[{"tweenEasing":0,"duration":49,"transform":{"skX":-30.7934,"skY":-30.7934}},{"tweenEasing":0,"duration":9,"transform":{"skX":-30.7934,"skY":-30.7934}},{"tweenEasing":0,"duration":33,"transform":{"skX":-54.4109,"skY":-54.4109}},{"tweenEasing":0,"duration":30,"transform":{"skX":-37.6278,"skY":-37.6278}},{"duration":0,"transform":{}}],"name":"ha"},{"frame":[{"tweenEasing":0,"duration":49,"transform":{"skX":-156.8965,"skY":-156.8965}},{"tweenEasing":0,"duration":9,"transform":{"skX":-156.8965,"skY":-156.8965}},{"tweenEasing":0,"duration":16,"transform":{"skX":-156.8965,"skY":-156.8965}},{"tweenEasing":0,"duration":17,"transform":{"skX":-154.7516,"skY":-154.7516}},{"tweenEasing":0,"duration":13,"transform":{"skX":-141.7357,"skY":-141.7357}},{"tweenEasing":0,"duration":17,"transform":{"skX":-97.9084,"skY":-97.9084}},{"duration":0,"transform":{}}],"name":"sb"},{"frame":[{"tweenEasing":0,"duration":49,"transform":{"y":11.7628,"skX":-53.9977,"skY":-53.9977,"x":3.033}},{"tweenEasing":0,"duration":9,"transform":{"y":11.7628,"skX":-53.9977,"skY":-53.9977,"x":3.033}},{"tweenEasing":0,"duration":16,"transform":{"y":11.7628,"skX":-53.9977,"skY":-53.9977,"x":3.033}},{"tweenEasing":0,"duration":30,"transform":{"y":8.7754,"skX":-11.8746,"skY":-11.8746,"x":2.2627}},{"tweenEasing":0,"duration":17,"transform":{"y":3.1741,"skX":24.9431,"skY":24.9431,"x":0.8184}},{"duration":0,"transform":{}}],"name":"sa"},{"frame":[{"tweenEasing":0,"duration":49,"transform":{"skX":-3.6272,"skY":-3.6272}},{"tweenEasing":0,"duration":25,"transform":{"skX":-3.6272,"skY":-3.6272}},{"tweenEasing":0,"duration":17,"transform":{"skX":-3.6272,"skY":-3.6272}},{"tweenEasing":0,"duration":30,"transform":{"skX":16.1442,"skY":16.1442}},{"duration":0,"transform":{}}],"name":"tyb"}],"slot":[],"ffd":[],"name":"3","zOrder":{"frame":[{"tweenEasing":null,"duration":29,"zOrder":[]},{"tweenEasing":null,"duration":92,"zOrder":[]}]},"playTimes":0},{"frame":[],"duration":80,"ik":[],"bone":[{"frame":[{"duration":80,"transform":{}}],"name":"root"},{"frame":[{"tweenEasing":0,"duration":80,"transform":{}},{"duration":0,"transform":{}}],"name":"bone"},{"frame":[{"tweenEasing":0,"duration":40,"transform":{"y":67.3105,"skX":80.5335,"skY":80.5335,"x":334.5878}},{"tweenEasing":0,"duration":40,"transform":{"y":67.3105,"skX":79.6386,"skY":79.6386,"x":334.5878}},{"duration":0,"transform":{"y":67.3105,"skX":80.5335,"skY":80.5335,"x":334.5878}}],"name":"st"},{"frame":[{"tweenEasing":0,"duration":40,"transform":{"skX":-20.4454,"skY":-20.4454}},{"tweenEasing":0,"duration":40,"transform":{"skX":-19.8363,"skY":-19.8363}},{"duration":0,"transform":{"skX":-20.4454,"skY":-20.4454}}],"name":"tya"},{"frame":[{"tweenEasing":0,"duration":40,"transform":{"skX":-353.8693,"skY":-353.8693}},{"tweenEasing":0,"duration":40,"transform":{"skX":-353.0835,"skY":-353.0835}},{"duration":0,"transform":{"skX":-353.8693,"skY":-353.8693}}],"name":"tza"},{"frame":[{"tweenEasing":0,"duration":80,"transform":{"y":29.6754,"skX":4.3077,"skY":4.3077,"x":0.7794}},{"duration":0,"transform":{"y":29.6754,"skX":4.3077,"skY":4.3077,"x":0.7794}}],"name":"b"},{"frame":[{"tweenEasing":0,"duration":40,"transform":{"skX":21.9636,"skY":21.9636}},{"tweenEasing":0,"duration":40,"transform":{"skX":23.0614,"skY":23.0614}},{"duration":0,"transform":{"skX":21.9636,"skY":21.9636}}],"name":"st1"},{"frame":[{"tweenEasing":0,"duration":80,"transform":{"y":7.7265,"skX":21.8738,"skY":21.8738,"x":-4.3667}},{"duration":0,"transform":{"y":7.7265,"skX":21.8738,"skY":21.8738,"x":-4.3667}}],"name":"tzb"},{"frame":[{"tweenEasing":0,"duration":40,"transform":{"skX":-30.7934,"skY":-30.7934}},{"tweenEasing":0,"duration":40,"transform":{"skX":-30.4906,"skY":-30.4906}},{"duration":0,"transform":{"skX":-30.7934,"skY":-30.7934}}],"name":"ha"},{"frame":[{"tweenEasing":0,"duration":80,"transform":{"skX":-156.8965,"skY":-156.8965}},{"duration":0,"transform":{"skX":-156.8965,"skY":-156.8965}}],"name":"sb"},{"frame":[{"tweenEasing":0,"duration":80,"transform":{"y":11.7628,"skX":-53.9977,"skY":-53.9977,"x":3.033}},{"duration":0,"transform":{"y":11.7628,"skX":-53.9977,"skY":-53.9977,"x":3.033}}],"name":"sa"},{"frame":[{"tweenEasing":0,"duration":80,"transform":{"skX":-3.6272,"skY":-3.6272}},{"duration":0,"transform":{"skX":-3.6272,"skY":-3.6272}}],"name":"tyb"}],"slot":[],"ffd":[],"name":"4","zOrder":{"frame":[{"tweenEasing":null,"duration":80,"zOrder":[]}]},"playTimes":0}],"ik":[],"frameRate":60,"bone":[{"name":"root","transform":{}},{"transform":{},"name":"bone","parent":"root"},{"length":53,"transform":{"y":-113.4753,"skX":-91.7731,"skY":-91.7731,"x":-15.717},"parent":"bone","name":"st"},{"length":54,"transform":{"y":-20.2743,"skX":-173.4545,"skY":-173.4545,"x":12.8446},"parent":"st","name":"tya"},{"length":64,"transform":{"y":36.9289,"skX":174.0379,"skY":174.0379,"x":14.7398},"parent":"st","name":"tza"},{"length":59,"transform":{"y":-0.1574,"skX":-89.8274,"skY":-89.8274,"x":62.6332},"parent":"st","name":"b"},{"length":62,"transform":{"y":-0.4272,"skX":-0.461,"skY":-0.461,"x":66.9953},"parent":"st","name":"st1"},{"length":48,"transform":{"y":0.6662,"skX":2.4031,"skY":2.4031,"x":69.5431},"parent":"tza","name":"tzb"},{"length":77,"transform":{"y":-9.7133,"skX":0.0967,"skY":0.0967,"x":78.088},"parent":"st1","name":"ha"},{"length":65,"transform":{"y":36.6947,"skX":152.5602,"skY":152.5602,"x":60.155},"parent":"st1","name":"sb"},{"length":69,"transform":{"y":-58.5894,"skX":-155.6336,"skY":-155.6336,"x":41.9527},"parent":"st1","name":"sa"},{"length":42,"transform":{"y":0.521,"skX":-5.9061,"skY":-5.9061,"x":68.8822},"parent":"tya","name":"tyb"}],"defaultActions":[{"gotoAndPlay":"1"}],"slot":[{"name":"b","parent":"b","color":{}},{"z":1,"name":"tza","parent":"tza","color":{}},{"z":2,"name":"tzb","parent":"tzb","color":{}},{"z":3,"name":"tya","parent":"tya","color":{}},{"z":4,"name":"tyb","parent":"tyb","color":{}},{"z":5,"name":"sb","parent":"sb","color":{}},{"z":6,"name":"st","parent":"st1","color":{}},{"z":7,"name":"sa","parent":"sa","color":{}},{"z":8,"name":"sta","parent":"st1","color":{}},{"z":9,"name":"ha","parent":"ha","color":{}}],"type":"Armature","name":"sdlr"}]}