{"frameRate":60,"isGlobal":0,"name":"haizi3","version":"5.5","armature":[{"slot":[{"name":"ys","parent":"ys","color":{}},{"z":1,"name":"st","parent":"st","color":{}},{"z":2,"name":"zs","parent":"zs","color":{}},{"z":3,"name":"tou","parent":"tou","color":{}}],"animation":[{"slot":[{"colorFrame":[],"displayFrame":[],"name":"ys"},{"colorFrame":[],"displayFrame":[],"name":"st"},{"colorFrame":[],"displayFrame":[],"name":"zs"},{"colorFrame":[],"displayFrame":[],"name":"tou"}],"frame":[],"bone":[{"rotateFrame":[{"duration":80}],"scaleFrame":[{"duration":80}],"name":"root","translateFrame":[{"duration":80}]},{"rotateFrame":[{"duration":80}],"scaleFrame":[{"duration":80}],"name":"bone","translateFrame":[{"duration":80}]},{"rotateFrame":[{"tweenEasing":0,"duration":40},{"tweenEasing":0,"duration":40},{"duration":0}],"scaleFrame":[{"tweenEasing":0,"duration":40},{"tweenEasing":0,"duration":40},{"duration":0}],"name":"st","translateFrame":[{"tweenEasing":0,"duration":40},{"tweenEasing":0,"duration":40},{"duration":0}]},{"rotateFrame":[{"tweenEasing":0,"duration":20,"rotate":7.7351},{"tweenEasing":0,"duration":20,"rotate":-4.3496},{"tweenEasing":0,"duration":20,"rotate":7.7351},{"tweenEasing":0,"duration":20,"rotate":-4.3496},{"duration":0,"rotate":7.7351}],"scaleFrame":[{"tweenEasing":0,"duration":20},{"tweenEasing":0,"duration":20},{"tweenEasing":0,"duration":20},{"tweenEasing":0,"duration":20},{"duration":0}],"name":"zs","translateFrame":[{"tweenEasing":0,"y":-2.119,"duration":20,"x":0.9446},{"tweenEasing":0,"y":1.0595,"duration":20,"x":-0.4723},{"tweenEasing":0,"y":-2.119,"duration":20,"x":0.9446},{"tweenEasing":0,"y":1.0595,"duration":20,"x":-0.4723},{"y":-2.119,"duration":0,"x":0.9446}]},{"rotateFrame":[{"tweenEasing":0,"duration":20,"rotate":-6.1883},{"tweenEasing":0,"duration":20,"rotate":5.0376},{"tweenEasing":0,"duration":20,"rotate":-6.1883},{"tweenEasing":0,"duration":20,"rotate":5.0376},{"duration":0,"rotate":-6.1883}],"scaleFrame":[{"tweenEasing":0,"duration":20},{"tweenEasing":0,"duration":20},{"tweenEasing":0,"duration":20},{"tweenEasing":0,"duration":20},{"duration":0}],"name":"ys","translateFrame":[{"tweenEasing":0,"y":2.3839,"duration":20,"x":-1.0627},{"tweenEasing":0,"y":-1.0595,"duration":20,"x":0.4723},{"tweenEasing":0,"y":2.3839,"duration":20,"x":-1.0627},{"tweenEasing":0,"y":-1.0595,"duration":20,"x":0.4723},{"y":2.3839,"duration":0,"x":-1.0627}]},{"rotateFrame":[{"tweenEasing":0,"duration":20},{"tweenEasing":0,"duration":20,"rotate":-12.4854},{"tweenEasing":0,"duration":20,"rotate":-12.4854},{"tweenEasing":0,"duration":20},{"duration":0}],"scaleFrame":[{"tweenEasing":0,"duration":20},{"tweenEasing":0,"duration":20},{"tweenEasing":0,"duration":20},{"tweenEasing":0,"duration":20},{"duration":0}],"name":"tou","translateFrame":[{"tweenEasing":0,"duration":20},{"tweenEasing":0,"duration":20},{"tweenEasing":0,"duration":20},{"tweenEasing":0,"duration":20},{"duration":0}]}],"ik":[],"ffd":[],"duration":80,"name":"1","playTimes":0}],"type":"Armature","frameRate":60,"bone":[{"name":"root","transform":{}},{"transform":{},"name":"bone","parent":"root"},{"length":27,"transform":{"y":-6.2,"skX":-114.0265,"skY":-114.0265,"x":26.25},"parent":"bone","name":"st"},{"length":18,"transform":{"y":-2.723,"skX":-124.486,"skY":-124.486,"x":25.5746},"parent":"st","name":"zs"},{"length":18,"transform":{"y":-16.8812,"skX":-111.9556,"skY":-111.9556,"x":30.9006},"parent":"st","name":"ys"},{"length":10,"transform":{"y":-6.8821,"skX":-5.52,"skY":-5.52,"x":38.1035},"parent":"st","name":"tou"}],"aabb":{"width":80.42095290190925,"y":-77.55825173658357,"height":81.73391619186853,"x":-30.033571509658167},"skin":[{"name":"","slot":[{"display":[{"path":"tou","type":"image","name":"tou","transform":{"y":0.498,"skX":119.5465,"skY":119.5465,"x":19.096}}],"name":"tou"},{"display":[{"path":"zs","type":"image","name":"zs","transform":{"y":4.9473,"skX":-121.4875,"skY":-121.4875,"x":17.2497}}],"name":"zs"},{"display":[{"path":"st","type":"image","name":"st","transform":{"y":4.3953,"skX":114.0265,"skY":114.0265,"x":14.4344}}],"name":"st"},{"display":[{"path":"ys","type":"image","name":"ys","transform":{"y":-0.0348,"skX":-134.0179,"skY":-134.0179,"x":12.6286}}],"name":"ys"}]}],"defaultActions":[{"gotoAndPlay":"1"}],"name":"haizi3","ik":[]}]}