{"width":512,"imagePath":"gongjiao3_tex.png","height":512,"name":"gongjiao3","SubTexture":[{"width":42,"y":443,"height":55,"name":"ys","x":389},{"width":164,"y":321,"height":168,"name":"st","x":1},{"width":129,"y":321,"height":120,"name":"tou","x":167},{"width":31,"y":1,"height":50,"name":"dg","x":281},{"width":79,"y":443,"height":56,"name":"zs","x":167},{"width":61,"y":443,"height":35,"name":"yf1","x":433},{"width":66,"y":443,"height":67,"name":"yf2","x":248},{"width":71,"y":443,"height":45,"name":"yf3","x":316},{"width":278,"y":1,"height":318,"name":"zz","x":1}]}