{"frameRate":60,"isGlobal":0,"name":"gongjiao3","version":"5.0","armature":[{"defaultActions":[{"gotoAndPlay":"1"}],"skin":[{"name":"","slot":[{"display":[{"path":"yf2","type":"image","name":"yf2","transform":{"skY":133.4946,"y":-4.3067,"skX":133.4946,"x":40.1211}}],"name":"yf2"},{"display":[{"path":"dg","type":"image","name":"dg","transform":{"skY":53.6825,"y":-5.4005,"skX":53.6825,"x":1.2492}}],"name":"dg"},{"display":[{"path":"zz","type":"image","name":"zz","transform":{"y":151.3488,"x":-2.9358}}],"name":"zz"},{"display":[{"path":"tou","type":"image","name":"tou","transform":{"skY":75.4536,"y":-24.0572,"skX":75.4536,"x":49.5575}}],"name":"tou"},{"display":[{"path":"zs","type":"image","name":"zs","transform":{"skY":-109.04,"y":22.7646,"skX":-109.04,"x":29.0323}}],"name":"zs"},{"display":[{"path":"ys","type":"image","name":"ys","transform":{"skY":-128.6113,"y":0.0208,"skX":-128.6113,"x":23.4182}}],"name":"ys"},{"display":[{"path":"yf1","type":"image","name":"yf1","transform":{"skY":24.3677,"y":0.2144,"skX":24.3677,"x":29.2578}}],"name":"yf1"},{"display":[{"path":"yf3","type":"image","name":"yf3","transform":{"skY":-171.9698,"y":1.3789,"skX":-171.9698,"x":33.0411}}],"name":"yf3"},{"display":[{"path":"st","type":"image","name":"st","transform":{"skY":90,"y":-24.2652,"skX":90,"x":33.0215}}],"name":"st"}]}],"animation":[{"frame":[],"duration":80,"ik":[],"bone":[{"frame":[{"duration":80,"transform":{}}],"name":"root"},{"frame":[{"duration":80,"transform":{}}],"name":"bone"},{"frame":[{"tweenEasing":0,"duration":20,"transform":{}},{"tweenEasing":0,"duration":20,"transform":{}},{"tweenEasing":0,"duration":20,"transform":{}},{"tweenEasing":0,"duration":20,"transform":{}},{"duration":0,"transform":{}}],"name":"st"},{"frame":[{"tweenEasing":0,"duration":4,"transform":{}},{"tweenEasing":0,"duration":5,"transform":{"skY":-5.3053,"y":-1.3722,"skX":-5.3053,"x":-2.2871}},{"tweenEasing":0,"duration":19,"transform":{}},{"tweenEasing":0,"duration":4,"transform":{}},{"tweenEasing":0,"duration":5,"transform":{"skY":-5.3053,"y":-1.3722,"skX":-5.3053,"x":-2.2871}},{"tweenEasing":0,"duration":18,"transform":{}},{"tweenEasing":0,"duration":4,"transform":{}},{"tweenEasing":0,"duration":5,"transform":{"skY":-5.3053,"y":-1.3722,"skX":-5.3053,"x":-2.2871}},{"tweenEasing":0,"duration":16,"transform":{}},{"duration":0,"transform":{}}],"name":"tou"},{"frame":[{"tweenEasing":0,"duration":20,"transform":{}},{"tweenEasing":0,"duration":20,"transform":{"skY":-6.5209,"skX":-6.5209}},{"tweenEasing":0,"duration":20,"transform":{}},{"tweenEasing":0,"duration":20,"transform":{"skY":-4.5736,"skX":-4.5736}},{"duration":0,"transform":{}}],"name":"zs"},{"frame":[{"duration":80,"transform":{}}],"name":"ys"},{"frame":[{"duration":80,"transform":{}}],"name":"dg"},{"frame":[{"duration":80,"transform":{}}],"name":"bone1"},{"frame":[{"tweenEasing":0,"duration":5,"transform":{}},{"tweenEasing":0,"duration":5,"transform":{}},{"tweenEasing":0,"duration":5,"transform":{}},{"tweenEasing":0,"duration":5,"transform":{"y":4.2575,"x":-11.0694}},{"tweenEasing":0,"duration":5,"transform":{}},{"tweenEasing":0,"duration":5,"transform":{"y":4.2575,"x":-11.0694}},{"tweenEasing":0,"duration":5,"transform":{}},{"tweenEasing":0,"duration":5,"transform":{"y":4.2575,"x":-11.0694}},{"tweenEasing":0,"duration":5,"transform":{}},{"tweenEasing":0,"duration":5,"transform":{"y":4.2575,"x":-11.0694}},{"tweenEasing":0,"duration":5,"transform":{}},{"tweenEasing":0,"duration":5,"transform":{"y":4.2575,"x":-11.0694}},{"tweenEasing":0,"duration":5,"transform":{}},{"tweenEasing":0,"duration":5,"transform":{"y":4.2575,"x":-11.0694}},{"tweenEasing":0,"duration":5,"transform":{}},{"tweenEasing":0,"duration":5,"transform":{"y":4.2575,"x":-11.0694}},{"duration":249,"transform":{}},{"tweenEasing":0,"duration":-249,"transform":{}}],"name":"yf1"},{"frame":[{"tweenEasing":0,"duration":5,"transform":{}},{"tweenEasing":0,"duration":5,"transform":{"y":-7.2377,"x":11.9209}},{"tweenEasing":0,"duration":5,"transform":{}},{"tweenEasing":0,"duration":5,"transform":{"y":-7.2377,"x":11.9209}},{"tweenEasing":0,"duration":5,"transform":{}},{"tweenEasing":0,"duration":5,"transform":{"y":-7.2377,"x":11.9209}},{"tweenEasing":0,"duration":5,"transform":{}},{"tweenEasing":0,"duration":5,"transform":{"y":-7.2377,"x":11.9209}},{"tweenEasing":0,"duration":5,"transform":{}},{"tweenEasing":0,"duration":5,"transform":{"y":-7.2377,"x":11.9209}},{"tweenEasing":0,"duration":5,"transform":{}},{"tweenEasing":0,"duration":5,"transform":{"y":-7.2377,"x":11.9209}},{"tweenEasing":0,"duration":5,"transform":{}},{"tweenEasing":0,"duration":5,"transform":{"y":-7.2377,"x":11.9209}},{"tweenEasing":0,"duration":5,"transform":{}},{"tweenEasing":0,"duration":5,"transform":{"y":-7.2377,"x":11.9209}},{"duration":0,"transform":{}}],"name":"yf3"},{"frame":[{"tweenEasing":0,"duration":5,"transform":{}},{"tweenEasing":0,"duration":5,"transform":{"y":11.261,"x":11.9209}},{"tweenEasing":0,"duration":5,"transform":{}},{"tweenEasing":0,"duration":5,"transform":{"y":11.261,"x":11.9209}},{"tweenEasing":0,"duration":5,"transform":{}},{"tweenEasing":0,"duration":5,"transform":{"y":11.261,"x":11.9209}},{"tweenEasing":0,"duration":5,"transform":{}},{"tweenEasing":0,"duration":5,"transform":{"y":11.261,"x":11.9209}},{"tweenEasing":0,"duration":5,"transform":{}},{"tweenEasing":0,"duration":5,"transform":{"y":11.261,"x":11.9209}},{"tweenEasing":0,"duration":5,"transform":{}},{"tweenEasing":0,"duration":5,"transform":{"y":11.261,"x":11.9209}},{"tweenEasing":0,"duration":5,"transform":{}},{"tweenEasing":0,"duration":5,"transform":{"y":11.261,"x":11.9209}},{"tweenEasing":0,"duration":5,"transform":{}},{"tweenEasing":0,"duration":5,"transform":{"y":11.261,"x":11.9209}},{"duration":0,"transform":{}}],"name":"yf2"},{"frame":[{"duration":80,"transform":{}}],"name":"zz"}],"slot":[{"frame":[{"tweenEasing":0,"duration":3},{"tweenEasing":0,"displayIndex":-1,"duration":2,"color":{"aM":0}},{"tweenEasing":0,"duration":13},{"tweenEasing":0,"displayIndex":-1,"duration":2,"color":{"aM":0}},{"tweenEasing":0,"duration":3},{"tweenEasing":0,"displayIndex":-1,"duration":2,"color":{"aM":0}},{"tweenEasing":0,"duration":13},{"tweenEasing":0,"displayIndex":-1,"duration":2,"color":{"aM":0}},{"tweenEasing":0,"duration":8},{"tweenEasing":0,"displayIndex":-1,"duration":2,"color":{"aM":0}},{"tweenEasing":0,"duration":18},{"tweenEasing":0,"displayIndex":-1,"duration":2,"color":{"aM":0}},{"tweenEasing":0,"duration":3},{"tweenEasing":0,"displayIndex":-1,"duration":2,"color":{"aM":0}},{"tweenEasing":0,"duration":3},{"tweenEasing":0,"displayIndex":-1,"duration":2,"color":{"aM":0}},{"tweenEasing":null,"duration":0}],"name":"dg"}],"ffd":[],"name":"1","playTimes":0},{"frame":[],"duration":80,"ik":[],"bone":[{"frame":[{"duration":80,"transform":{}}],"name":"root"},{"frame":[{"duration":80,"transform":{}}],"name":"bone"},{"frame":[{"tweenEasing":0,"duration":20,"transform":{}},{"tweenEasing":0,"duration":20,"transform":{}},{"tweenEasing":0,"duration":20,"transform":{}},{"tweenEasing":0,"duration":20,"transform":{}},{"duration":0,"transform":{}}],"name":"st"},{"frame":[{"tweenEasing":0,"duration":4,"transform":{}},{"tweenEasing":0,"duration":5,"transform":{"skY":-5.3053,"y":-1.3722,"skX":-5.3053,"x":-2.2871}},{"tweenEasing":0,"duration":19,"transform":{}},{"tweenEasing":0,"duration":4,"transform":{}},{"tweenEasing":0,"duration":5,"transform":{"skY":-5.3053,"y":-1.3722,"skX":-5.3053,"x":-2.2871}},{"tweenEasing":0,"duration":18,"transform":{}},{"tweenEasing":0,"duration":4,"transform":{}},{"tweenEasing":0,"duration":5,"transform":{"skY":-5.3053,"y":-1.3722,"skX":-5.3053,"x":-2.2871}},{"tweenEasing":0,"duration":16,"transform":{}},{"duration":0,"transform":{}}],"name":"tou"},{"frame":[{"tweenEasing":0,"duration":20,"transform":{}},{"tweenEasing":0,"duration":20,"transform":{"skY":-6.5209,"skX":-6.5209}},{"tweenEasing":0,"duration":20,"transform":{}},{"tweenEasing":0,"duration":20,"transform":{"skY":-4.5736,"skX":-4.5736}},{"duration":0,"transform":{}}],"name":"zs"},{"frame":[{"duration":80,"transform":{}}],"name":"ys"},{"frame":[{"duration":80,"transform":{}}],"name":"dg"},{"frame":[{"duration":80,"transform":{}}],"name":"bone1"},{"frame":[{"tweenEasing":0,"duration":5,"transform":{}},{"tweenEasing":0,"duration":5,"transform":{"y":4.2575,"x":-11.0694}},{"tweenEasing":0,"duration":5,"transform":{}},{"tweenEasing":0,"duration":5,"transform":{"y":4.2575,"x":-11.0694}},{"tweenEasing":0,"duration":13,"transform":{"skY":174.1226,"skX":174.1226}},{"tweenEasing":0,"duration":9,"transform":{"skY":275.0824,"y":56.7985,"skX":275.0824,"x":-131.7754}},{"tweenEasing":0,"duration":12,"transform":{"skY":347.1566,"y":-63.087,"skX":347.1566,"x":-165.3536}},{"tweenEasing":0,"duration":15,"transform":{"skY":466.9485,"y":-155.2625,"skX":466.9485,"x":-91.4987}},{"tweenEasing":0,"duration":11,"transform":{"skY":308.4889,"y":31.9798,"skX":308.4889,"x":-91.4987}},{"duration":0,"transform":{"skY":308.4889,"y":-116.3312,"skX":308.4889,"x":-45.4109}}],"name":"yf1"},{"frame":[{"tweenEasing":0,"duration":5,"transform":{}},{"tweenEasing":0,"duration":5,"transform":{"y":-7.2377,"x":11.9209}},{"tweenEasing":0,"duration":5,"transform":{}},{"tweenEasing":0,"duration":5,"transform":{"y":-7.2377,"x":11.9209}},{"tweenEasing":0,"duration":10,"transform":{"skY":165.7446,"skX":165.7446}},{"tweenEasing":0,"duration":9,"transform":{"skY":20.3624,"y":-31.145,"skX":20.3624,"x":125.4961}},{"tweenEasing":0,"duration":8,"transform":{"skY":155.6391,"y":-77.6622,"skX":155.6391,"x":8.1584}},{"tweenEasing":0,"duration":7,"transform":{"skY":32.9157,"y":-131.3358,"skX":32.9157,"x":97.1851}},{"tweenEasing":0,"duration":4,"transform":{"skY":155.6151,"y":-161.1068,"skX":155.6151,"x":50.2385}},{"tweenEasing":0,"duration":3,"transform":{"skY":45.0408,"y":-175.4198,"skX":45.0408,"x":67.9866}},{"tweenEasing":0,"duration":12,"transform":{"skY":-62.9303,"y":-176.6221,"skX":-62.9303,"x":67.9866}},{"tweenEasing":0,"duration":7,"transform":{"skY":72.3085,"y":2.8626,"skX":72.3085,"x":22.7576}},{"duration":0,"transform":{"skY":72.3085,"y":-61.0019,"skX":72.3085,"x":-17.4332}}],"name":"yf3"},{"frame":[{"tweenEasing":0,"duration":5,"transform":{}},{"tweenEasing":0,"duration":5,"transform":{"y":11.261,"x":11.9209}},{"tweenEasing":0,"duration":5,"transform":{}},{"tweenEasing":0,"duration":5,"transform":{"y":11.261,"x":11.9209}},{"tweenEasing":0,"duration":9,"transform":{"skY":93.3752,"skX":93.3752}},{"tweenEasing":0,"duration":9,"transform":{"skY":164.1125,"y":-55.8492,"skX":164.1125,"x":71.1641}},{"tweenEasing":0,"duration":8,"transform":{"skY":251.84,"y":9.9905,"skX":251.84,"x":112.8435}},{"tweenEasing":0,"duration":9,"transform":{"skY":354.3423,"y":81.5553,"skX":354.3423,"x":67.8149}},{"tweenEasing":0,"duration":9,"transform":{"skY":434.9782,"y":14.9427,"skX":434.9782,"x":1.1737}},{"tweenEasing":0,"duration":16,"transform":{"skY":598.5539,"y":-52.9866,"skX":598.5539,"x":57.4236}},{"duration":0,"transform":{"skY":598.5539,"y":76.0878,"skX":598.5539,"x":-7.8435}}],"name":"yf2"},{"frame":[{"tweenEasing":0,"duration":20,"transform":{"y":-526.1382}},{"duration":60,"transform":{"y":-2.7651}}],"name":"zz"}],"slot":[{"frame":[{"tweenEasing":0,"duration":3},{"tweenEasing":0,"displayIndex":-1,"duration":2,"color":{"aM":0}},{"tweenEasing":0,"duration":13},{"tweenEasing":0,"displayIndex":-1,"duration":2,"color":{"aM":0}},{"tweenEasing":0,"duration":3},{"tweenEasing":0,"displayIndex":-1,"duration":2,"color":{"aM":0}},{"tweenEasing":0,"duration":13},{"tweenEasing":0,"displayIndex":-1,"duration":2,"color":{"aM":0}},{"tweenEasing":0,"duration":8},{"tweenEasing":0,"displayIndex":-1,"duration":2,"color":{"aM":0}},{"tweenEasing":0,"duration":18},{"tweenEasing":0,"displayIndex":-1,"duration":2,"color":{"aM":0}},{"tweenEasing":0,"duration":3},{"tweenEasing":0,"displayIndex":-1,"duration":2,"color":{"aM":0}},{"tweenEasing":0,"duration":3},{"tweenEasing":0,"displayIndex":-1,"duration":2,"color":{"aM":0}},{"tweenEasing":null,"duration":0}],"name":"dg"},{"frame":[{"tweenEasing":null,"duration":80}],"name":"zz"}],"ffd":[],"name":"2","playTimes":0},{"frame":[],"duration":60,"ik":[],"bone":[{"frame":[{"duration":60,"transform":{}}],"name":"root"},{"frame":[{"duration":60,"transform":{}}],"name":"bone"},{"frame":[{"tweenEasing":0,"duration":20,"transform":{}},{"tweenEasing":0,"duration":20,"transform":{}},{"tweenEasing":0,"duration":20,"transform":{}},{"duration":0,"transform":{}}],"name":"st"},{"frame":[{"tweenEasing":0,"duration":8,"transform":{}},{"tweenEasing":0,"duration":4,"transform":{}},{"tweenEasing":0,"duration":5,"transform":{"skY":-5.3053,"y":-1.3722,"skX":-5.3053,"x":-2.2871}},{"tweenEasing":0,"duration":18,"transform":{}},{"tweenEasing":0,"duration":4,"transform":{}},{"tweenEasing":0,"duration":5,"transform":{"skY":-5.3053,"y":-1.3722,"skX":-5.3053,"x":-2.2871}},{"tweenEasing":0,"duration":16,"transform":{}},{"duration":0,"transform":{}}],"name":"tou"},{"frame":[{"tweenEasing":0,"duration":20,"transform":{"skY":-6.5209,"skX":-6.5209}},{"tweenEasing":0,"duration":20,"transform":{}},{"tweenEasing":0,"duration":20,"transform":{"skY":-4.5736,"skX":-4.5736}},{"duration":0,"transform":{}}],"name":"zs"},{"frame":[{"duration":60,"transform":{}}],"name":"ys"},{"frame":[{"duration":60,"transform":{}}],"name":"dg"},{"frame":[{"duration":60,"transform":{}}],"name":"bone1"},{"frame":[{"tweenEasing":0,"duration":13,"transform":{"skY":174.1226,"skX":174.1226}},{"tweenEasing":0,"duration":9,"transform":{"skY":275.0824,"y":56.7985,"skX":275.0824,"x":-131.7754}},{"tweenEasing":0,"duration":12,"transform":{"skY":347.1566,"y":-63.087,"skX":347.1566,"x":-165.3536}},{"tweenEasing":0,"duration":15,"transform":{"skY":466.9485,"y":-155.2625,"skX":466.9485,"x":-91.4987}},{"tweenEasing":0,"duration":11,"transform":{"skY":308.4889,"y":31.9798,"skX":308.4889,"x":-91.4987}},{"duration":0,"transform":{"skY":308.4889,"y":-116.3312,"skX":308.4889,"x":-45.4109}}],"name":"yf1"},{"frame":[{"tweenEasing":0,"duration":10,"transform":{"skY":165.7446,"skX":165.7446}},{"tweenEasing":0,"duration":9,"transform":{"skY":20.3624,"y":-31.145,"skX":20.3624,"x":125.4961}},{"tweenEasing":0,"duration":8,"transform":{"skY":155.6391,"y":-77.6622,"skX":155.6391,"x":8.1584}},{"tweenEasing":0,"duration":7,"transform":{"skY":32.9157,"y":-131.3358,"skX":32.9157,"x":97.1851}},{"tweenEasing":0,"duration":4,"transform":{"skY":155.6151,"y":-161.1068,"skX":155.6151,"x":50.2385}},{"tweenEasing":0,"duration":3,"transform":{"skY":45.0408,"y":-175.4198,"skX":45.0408,"x":67.9866}},{"tweenEasing":0,"duration":12,"transform":{"skY":-62.9303,"y":-176.6221,"skX":-62.9303,"x":67.9866}},{"tweenEasing":0,"duration":7,"transform":{"skY":72.3085,"y":2.8626,"skX":72.3085,"x":22.7576}},{"duration":0,"transform":{"skY":72.3085,"y":-61.0019,"skX":72.3085,"x":-17.4332}}],"name":"yf3"},{"frame":[{"tweenEasing":0,"duration":9,"transform":{"skY":93.3752,"skX":93.3752}},{"tweenEasing":0,"duration":9,"transform":{"skY":164.1125,"y":-55.8492,"skX":164.1125,"x":71.1641}},{"tweenEasing":0,"duration":8,"transform":{"skY":251.84,"y":9.9905,"skX":251.84,"x":112.8435}},{"tweenEasing":0,"duration":9,"transform":{"skY":354.3423,"y":81.5553,"skX":354.3423,"x":67.8149}},{"tweenEasing":0,"duration":9,"transform":{"skY":434.9782,"y":14.9427,"skX":434.9782,"x":1.1737}},{"tweenEasing":0,"duration":16,"transform":{"skY":598.5539,"y":-52.9866,"skX":598.5539,"x":57.4236}},{"duration":0,"transform":{"skY":598.5539,"y":76.0878,"skX":598.5539,"x":-7.8435}}],"name":"yf2"},{"frame":[{"duration":60,"transform":{"y":-2.7651}}],"name":"zz"}],"slot":[{"frame":[{"tweenEasing":0,"duration":3},{"tweenEasing":0,"displayIndex":-1,"duration":2,"color":{"aM":0}},{"tweenEasing":0,"duration":13},{"tweenEasing":0,"displayIndex":-1,"duration":2,"color":{"aM":0}},{"tweenEasing":0,"duration":8},{"tweenEasing":0,"displayIndex":-1,"duration":2,"color":{"aM":0}},{"tweenEasing":0,"duration":18},{"tweenEasing":0,"displayIndex":-1,"duration":2,"color":{"aM":0}},{"tweenEasing":0,"duration":3},{"tweenEasing":0,"displayIndex":-1,"duration":2,"color":{"aM":0}},{"tweenEasing":0,"duration":3},{"tweenEasing":0,"displayIndex":-1,"duration":2,"color":{"aM":0}},{"tweenEasing":null,"duration":0}],"name":"dg"},{"frame":[{"tweenEasing":null,"duration":60}],"name":"zz"}],"ffd":[],"name":"3","playTimes":0}],"type":"Armature","frameRate":60,"ik":[],"bone":[{"name":"root","transform":{}},{"transform":{},"name":"bone","parent":"root"},{"length":29,"transform":{"skY":-90,"y":-49.182,"skX":-90,"x":3.098},"parent":"bone","name":"st"},{"transform":{},"name":"bone1","parent":"bone"},{"transform":{"y":-291.85,"x":-28.35},"name":"zz","parent":"bone"},{"length":32,"transform":{"skY":-1.1493,"y":7.9799,"skX":-1.1493,"x":91.8404},"parent":"st","name":"tou"},{"length":18,"transform":{"skY":-141.3887,"y":-23.648,"skX":-141.3887,"x":77.518},"parent":"st","name":"ys"},{"length":18,"transform":{"skY":-24.3677,"y":-94.65,"skX":-24.3677,"x":48.55},"parent":"bone1","name":"yf1"},{"length":24,"transform":{"skY":171.9698,"y":-70.5,"skX":171.9698,"x":-98.35},"parent":"bone1","name":"yf3"},{"length":25,"transform":{"skY":-133.4946,"y":-158,"skX":-133.4946,"x":-83.2},"parent":"bone1","name":"yf2"},{"length":19,"transform":{"skY":-160.96,"y":22.607,"skX":-160.96,"x":79.9921},"parent":"st","name":"zs"},{"length":7,"transform":{"skY":-162.7225,"y":39.6015,"skX":-162.7225,"x":25.9636},"parent":"zs","name":"dg"}],"aabb":{"width":272.54962052262505,"y":-250.08735811821154,"height":251.8838830058739,"x":-166.75979002828578},"slot":[{"name":"ys","parent":"ys","color":{}},{"z":1,"name":"st","parent":"st","color":{}},{"z":2,"name":"tou","parent":"tou","color":{}},{"z":3,"name":"dg","parent":"dg","color":{}},{"z":4,"name":"zs","parent":"zs","color":{}},{"z":5,"name":"yf1","parent":"yf1","color":{}},{"z":6,"name":"yf2","parent":"yf2","color":{}},{"z":7,"name":"yf3","parent":"yf3","color":{}},{"displayIndex":-1,"z":8,"name":"zz","parent":"zz","color":{}}],"name":"gongjiao3"}]}