{"frameRate":60,"isGlobal":0,"name":"wuyun20","version":"5.5","armature":[{"skin":[{"name":"","slot":[{"display":[{"path":"wuyun","type":"image","name":"wuyun","transform":{"y":-649.3245,"x":-9.0937}}],"name":"wuyun"},{"display":[{"path":"xy0001","type":"image","name":"xy0001","transform":{}},{"path":"xy0002","type":"image","name":"xy0002","transform":{}},{"path":"xy0003","type":"image","name":"xy0003","transform":{}},{"path":"xy0004","type":"image","name":"xy0004","transform":{}},{"path":"xy0005","type":"image","name":"xy0005","transform":{}},{"path":"xy0006","type":"image","name":"xy0006","transform":{}},{"path":"xy0007","type":"image","name":"xy0007","transform":{}},{"path":"xy0008","type":"image","name":"xy0008","transform":{}},{"path":"xy0009","type":"image","name":"xy0009","transform":{}},{"path":"xy0010","type":"image","name":"xy0010","transform":{}},{"path":"xy0011","type":"image","name":"xy0011","transform":{}},{"path":"xy0012","type":"image","name":"xy0012","transform":{}},{"path":"xy0013","type":"image","name":"xy0013","transform":{}},{"path":"xy0014","type":"image","name":"xy0014","transform":{}},{"path":"xy0015","type":"image","name":"xy0015","transform":{}},{"path":"xy0016","type":"image","name":"xy0016","transform":{}},{"path":"xy0017","type":"image","name":"xy0017","transform":{}},{"path":"xy0018","type":"image","name":"xy0018","transform":{}},{"path":"xy0019","type":"image","name":"xy0019","transform":{}},{"path":"xy0020","type":"image","name":"xy0020","transform":{}},{"path":"xy0021","type":"image","name":"xy0021","transform":{}},{"path":"xy0022","type":"image","name":"xy0022","transform":{}},{"path":"xy0023","type":"image","name":"xy0023","transform":{}},{"path":"xy0024","type":"image","name":"xy0024","transform":{}},{"path":"xy0025","type":"image","name":"xy0025","transform":{}},{"path":"xy0026","type":"image","name":"xy0026","transform":{}},{"path":"xy0027","type":"image","name":"xy0027","transform":{}},{"path":"xy0028","type":"image","name":"xy0028","transform":{}},{"path":"xy0029","type":"image","name":"xy0029","transform":{}},{"path":"xy0030","type":"image","name":"xy0030","transform":{}},{"path":"xy0031","type":"image","name":"xy0031","transform":{}},{"path":"xy0032","type":"image","name":"xy0032","transform":{}},{"path":"xy0033","type":"image","name":"xy0033","transform":{}},{"path":"xy0034","type":"image","name":"xy0034","transform":{}},{"path":"xy0035","type":"image","name":"xy0035","transform":{}},{"path":"xy0036","type":"image","name":"xy0036","transform":{}},{"path":"xy0037","type":"image","name":"xy0037","transform":{}},{"path":"xy0038","type":"image","name":"xy0038","transform":{}},{"path":"xy0039","type":"image","name":"xy0039","transform":{}},{"path":"xy0040","type":"image","name":"xy0040","transform":{}}],"name":"xy0001"},{"display":[{"path":"95","type":"image","name":"95","transform":{"y":-7.7735,"skX":-95.9743,"skY":-95.9743,"x":83.3939}}],"name":"95"}]}],"canvas":{"width":634,"y":-263,"height":980,"x":-2},"animation":[{"frame":[],"duration":78,"bone":[{"rotateFrame":[{"duration":78}],"scaleFrame":[{"duration":78}],"name":"root","translateFrame":[{"duration":78}]},{"rotateFrame":[{"duration":78}],"scaleFrame":[{"duration":78}],"name":"bone","translateFrame":[{"duration":78}]},{"rotateFrame":[{"duration":78}],"scaleFrame":[{"duration":78}],"name":"bone1","translateFrame":[{"duration":78}]},{"rotateFrame":[{"duration":78}],"scaleFrame":[{"duration":78}],"name":"95","translateFrame":[{"duration":78}]}],"slot":[{"colorFrame":[{"duration":2},{"duration":2},{"duration":2},{"duration":2},{"duration":2},{"duration":2},{"duration":2},{"duration":2},{"duration":2},{"duration":2},{"duration":2},{"duration":2},{"duration":2},{"duration":2},{"duration":2},{"duration":2},{"duration":2},{"duration":2},{"duration":2},{"duration":2},{"duration":2},{"duration":2},{"duration":2},{"duration":2},{"duration":2},{"duration":2},{"duration":2},{"duration":2},{"duration":2},{"duration":2},{"duration":2},{"duration":2},{"duration":2},{"duration":2},{"duration":2},{"duration":2},{"duration":2},{"duration":2},{"duration":2},{"duration":0}],"displayFrame":[{"duration":2},{"value":1,"duration":2},{"value":2,"duration":2},{"value":3,"duration":2},{"value":4,"duration":2},{"value":5,"duration":2},{"value":6,"duration":2},{"value":7,"duration":2},{"value":8,"duration":2},{"value":9,"duration":2},{"value":10,"duration":2},{"value":11,"duration":2},{"value":12,"duration":2},{"value":13,"duration":2},{"value":14,"duration":2},{"value":15,"duration":2},{"value":16,"duration":2},{"value":17,"duration":2},{"value":18,"duration":2},{"value":19,"duration":2},{"value":20,"duration":2},{"value":21,"duration":2},{"value":22,"duration":2},{"value":23,"duration":2},{"value":24,"duration":2},{"value":25,"duration":2},{"value":26,"duration":2},{"value":27,"duration":2},{"value":28,"duration":2},{"value":29,"duration":2},{"value":30,"duration":2},{"value":31,"duration":2},{"value":32,"duration":2},{"value":33,"duration":2},{"value":34,"duration":2},{"value":35,"duration":2},{"value":36,"duration":2},{"value":37,"duration":2},{"value":38,"duration":2},{"value":39,"duration":0}],"name":"xy0001"},{"colorFrame":[],"displayFrame":[],"name":"95"},{"colorFrame":[],"displayFrame":[],"name":"wuyun"}],"ffd":[],"ik":[],"name":"1","playTimes":0},{"frame":[],"duration":0,"bone":[{"rotateFrame":[{"duration":0}],"scaleFrame":[{"duration":0}],"name":"root","translateFrame":[{"duration":0}]},{"rotateFrame":[{"duration":0}],"scaleFrame":[{"duration":0}],"name":"bone","translateFrame":[{"duration":0}]},{"rotateFrame":[{"duration":0}],"scaleFrame":[{"duration":0}],"name":"bone1","translateFrame":[{"duration":0}]},{"rotateFrame":[{"duration":0}],"scaleFrame":[{"duration":0}],"name":"95","translateFrame":[{"duration":0}]}],"slot":[{"colorFrame":[{"duration":0}],"displayFrame":[{"value":-1,"duration":0}],"name":"xy0001"},{"colorFrame":[],"displayFrame":[],"name":"95"},{"colorFrame":[],"displayFrame":[],"name":"wuyun"}],"ffd":[],"ik":[],"name":"2","playTimes":0},{"frame":[],"duration":42,"bone":[{"rotateFrame":[{"duration":42}],"scaleFrame":[{"duration":42}],"name":"root","translateFrame":[{"duration":42}]},{"rotateFrame":[{"duration":42}],"scaleFrame":[{"duration":42}],"name":"bone","translateFrame":[{"duration":42}]},{"rotateFrame":[{"duration":42}],"scaleFrame":[{"duration":42}],"name":"bone1","translateFrame":[{"duration":42}]},{"rotateFrame":[{"tweenEasing":0,"duration":5},{"duration":12},{"duration":17},{"duration":8}],"scaleFrame":[{"tweenEasing":0,"duration":5},{"y":2.2528,"duration":12,"x":10.274},{"y":2.2528,"duration":17,"x":11.6393},{"y":2.2528,"duration":8,"x":7.8847}],"name":"95","translateFrame":[{"tweenEasing":0,"duration":5},{"duration":12},{"duration":17},{"duration":8}]}],"slot":[{"colorFrame":[{"duration":42}],"displayFrame":[{"value":-1,"duration":42}],"name":"xy0001"},{"colorFrame":[{"duration":12},{"duration":5},{"duration":4},{"duration":5},{"duration":8},{"duration":8},{"duration":0}],"displayFrame":[{"duration":12},{"value":-1,"duration":5},{"duration":4},{"value":-1,"duration":5},{"duration":8},{"value":-1,"duration":8},{"value":-1,"duration":0}],"name":"95"},{"colorFrame":[],"displayFrame":[],"name":"wuyun"}],"ffd":[],"ik":[],"name":"3","playTimes":0}],"type":"Armature","frameRate":60,"bone":[{"name":"root","transform":{}},{"transform":{},"name":"bone","parent":"root"},{"transform":{"scY":4.21,"y":-223.3115,"scX":1.758},"name":"bone1","parent":"bone"},{"length":38,"transform":{"scY":0.293,"y":-649.2893,"skX":95.9743,"skY":95.9743,"scX":0.293,"x":-0.5433},"parent":"bone","name":"95"}],"aabb":{"width":621,"y":-753.3245,"height":637.0129999999999,"x":-319.5937},"slot":[{"name":"xy0001","parent":"bone1","color":{}},{"z":1,"name":"95","parent":"95","color":{}},{"z":2,"name":"wuyun","parent":"root","color":{}}],"defaultActions":[{"gotoAndPlay":"1"}],"ik":[],"name":"wuyun20"}]}